"Haltestellen_Id","Haltestellennummer","Haltestellenkurzname","Haltestellenlangname"
526,6594,"AHOR","Adliswil, Ahornweg"
528,148,"ABAD01","Adliswil, Badstrasse"
530,28,"BADL01","Adliswil, Bahnhof"
524,6593,"EWEG","Adliswil, Eichenweg"
529,6961,"AGRU","Adliswil, Grundstrasse"
533,6437,"GRUT","Adliswil, Grüt"
527,1227,"HOFA01","Adliswil, Hofackerstrasse"
531,1462,"KROA01","Adliswil, Krone"
523,6592,"ADMO","Adliswil, Moos"
532,2660,"TIAK01","Adliswil, Tiefacker"
478,6600,"IMBR","Aesch bei Maur, Im Brünneli"
479,6599,"ZOLL","Aesch bei Maur, Zollingerheim"
512,445,"BEBO","Benglen, Bodenacher"
511,446,"BGER","Benglen, Gerlisbrunnen"
473,6778,"BLAN","Benglen, Langwis"
661,425,"DBAL","Bergdietikon, Baltenschwil"
659,457,"BERL","Bergdietikon, Bergli"
658,466,"BOLD","Bergdietikon, Bernold"
662,729,"DUEN","Bergdietikon, Dünni"
399,6855,"GAL2","Bergdietikon, Garage 2 LIBU"
660,2085,"RIEW","Bergdietikon, Rietwies"
657,2789,"VORB","Bergdietikon, Vorbühl"
474,6779,"BBAU","Binz bei Maur, Bautacher"
502,3467,"FMAT","Binz bei Maur, Fridlimatt"
501,490,"MPOS","Binz bei Maur, Post"
644,501,"BIRMBHF","Birmensdorf ZH, Bahnhof"
643,6744,"RIST","Birmensdorf ZH, Ristet"
721,2570,"BIRMSTE","Birmensdorf ZH, Sternen/WSL"
428,657,"BDIE","Dietikon, Bahnhof"
632,414,"BSTD","Dietikon, Bahnhofstrasse"
445,502,"BIRM","Dietikon, Birmensdorferstrasse"
447,725,"DOER","Dietikon, Dörfli"
391,6038,"GALI","Dietikon, Garage Limmatbus AG"
451,990,"GJUC","Dietikon, Gjuchstrasse"
634,6693,"DGYR","Dietikon, Gyrhalden"
437,1091,"HAGA","Dietikon, Hagackerstrasse"
623,1265,"HATS","Dietikon, Hätschen"
427,6894,"DHEI","Dietikon, Heimstrasse"
446,1226,"HACK","Dietikon, Hofacker"
626,1417,"KIPL","Dietikon, Kirchplatz"
636,6695,"DLAE","Dietikon, Lätten"
436,1540,"LERZ","Dietikon, Lerzen"
663,1616,"MARW","Dietikon, Marmori-Weiher"
438,2399,"DMOO","Dietikon, Moosmatt"
624,1758,"ODIE","Dietikon, Oberdorf"
450,1843,"OETW","Dietikon, Oetwilerstrasse"
435,1868,"PEST","Dietikon, Pestalozzi"
434,1039,"DRAP","Dietikon, Rapidplatz"
627,2313,"SBAC","Dietikon, Schäflibach"
629,3472,"SWER","Dietikon, Schönenwerd"
439,6262,"DSIL","Dietikon, Silbern"
448,2406,"SOME","Dietikon, Sommerau"
621,6261,"STHA","Dietikon, Stadthalle Ost"
625,3344,"DSTA","Dietikon, Stadthaus"
633,2471,"STAF","Dietikon, Staffelackerstrasse"
622,2569,"STEA","Dietikon, Stelzenacker"
449,3798,"VORS","Dietikon, Vorstadt"
635,6694,"WEST","Dietikon, Weidstrasse"
637,6698,"DWEI","Dietikon, Weinberg"
468,81,"ALTZ","Dübendorf, Alterszentrum"
541,3146,"BDUN","Dübendorf, Bahnhof Nord"
464,2422,"DBRE","Dübendorf, Breitibach"
539,3478,"CITC","Dübendorf, City Center"
543,753,"EGLI","Dübendorf, Eglishölzli"
542,863,"FLUP","Dübendorf, Flugplatz"
389,6660,"DGIE07","Dübendorf, Giessen"
756,1054,"GRUZ","Dübendorf, Grüzenstrasse"
462,1228,"HOFF","Dübendorf, Hoffnung"
466,1273,"DHOG","Dübendorf, Högler"
483,1478,"KAMM","Dübendorf, Kämmaten"
467,1414,"KWIL","Dübendorf, Kirche Wil"
757,1451,"DKRE","Dübendorf, Kreuzbühl"
540,1572,"DLIN","Dübendorf, Lindenplatz"
538,1627,"MEHO","Dübendorf, Meiershofstrasse"
390,3785,"RINW","Dübendorf, Ringwiesen"
463,6346,"DSON","Dübendorf, Sonnental"
465,2838,"DWAS","Dübendorf, Wasserfurren"
755,2975,"ZELG","Dübendorf, Zelglistrasse"
476,738,"EBDO","Ebmatingen, Dorf"
475,1527,"LEEA","Ebmatingen, Leeacherstrasse"
477,1583,"MLOR","Ebmatingen, Looren"
499,6591,"GAAN","Effretikon, Garage Andres"
24,12487,"EGG99","Egg"
26,12488,"EMMA99","Emmat"
27,10804,"ESSL99","Esslingen"
425,815,"FAAU","Fahrweid, Au"
424,548,"BRUS","Fahrweid, Brunaustrasse"
426,1556,"LIMB","Fahrweid, Limmatbrücke"
469,544,"FBRU","Fällanden, Bruggacher"
471,750,"EGGL","Fällanden, Eggler"
482,947,"FAEL","Fällanden, Gemeindehaus"
513,1324,"FAEI","Fällanden, Industrie"
491,3133,"FJUG","Fällanden, Jugendherberge"
490,1723,"FNEU","Fällanden, Neuhus"
472,2335,"SHUA","Fällanden, Schützenhaus"
481,3368,"FWIG","Fällanden, Wigarten"
470,2999,"FZIL","Fällanden, Zil"
20,12492,"FOR99","Forch"
19,6046,"DEPF","Forch, Depot Forchbahn"
740,6485,"GARG01","Garage Adliswil"
421,701,"DOGE","Geroldswil, Dorfstrasse"
423,1028,"GRIN","Geroldswil, Grindlen"
433,2303,"SWAK","Geroldswil, Schweizäcker"
420,2869,"WELB","Geroldswil, Welbrig"
422,2982,"ZENT","Geroldswil, Zentrum"
628,3727,"GLAN","Glanzenberg, Bahnhof"
378,994,"BGLA07","Glattbrugg, Bahnhof"
548,909,"FROH07","Glattbrugg, Frohbühlstrasse"
551,3247,"GHOF07","Glattbrugg, Glatthof"
377,6508,"GLIN07","Glattbrugg, Lindberghplatz"
554,1651,"MODE07","Glattbrugg, Mode Center TMC"
549,1925,"PGLA07","Glattbrugg, Post"
380,2758,"UNTR07","Glattbrugg, Unterriet"
550,992,"GLAG07","Glattbrugg, Zentrum"
320,6461,"GGLA07","Glattpark"
485,1006,"GDOR","Gockhausen, Dorf"
484,6214,"URSP","Gockhausen, Ursprungstrasse"
23,12500,"HIE99","Hinteregg"
594,1341,"ITDO","Itschnach, Dorf"
593,1342,"ITFA","Itschnach, Fallacher"
595,2038,"REBW","Itschnach, Rebweg"
596,2695,"TAEG","Itschnach, Tägermoos"
744,75,"ALHK","Kilchberg ZH, Altersheim"
131,118,"AUFB","Kilchberg ZH, Auf Brunnen"
750,589,"BAEC","Kilchberg ZH, Bächlerstrasse"
741,1391,"BKIL","Kilchberg ZH, Bahnhof"
112,3775,"BEND","Kilchberg ZH, Bendlikon"
753,6782,"KBRE","Kilchberg ZH, Breitloo"
752,6781,"KEMI","Kilchberg ZH, Emilienheim"
743,1018,"GOBI","Kilchberg ZH, Gottlieb-Binder"
745,3254,"HALL","Kilchberg ZH, Hallenbad"
126,1249,"HORN","Kilchberg ZH, Hornhaldenstr."
132,1401,"KILB","Kilchberg ZH, Kirche"
129,1457,"KREK","Kilchberg ZH, Kreuzstrasse"
746,1577,"LISP","Kilchberg ZH, Lindt & Sprüngli"
749,3796,"MYTH","Kilchberg ZH, Mythenstrasse"
751,6780,"KOBE","Kilchberg ZH, Obere Hornhalde"
127,1863,"PAKI","Kilchberg ZH, Paradiessteig"
111,1864,"PARU","Kilchberg ZH, Paradiesstrasse"
128,2154,"SANK","Kilchberg ZH, Sanatorium"
754,2239,"SLIM","Kilchberg ZH, Schlimbergstr."
113,2262,"SORU","Kilchberg ZH, Schooren"
747,2264,"SOKI","Kilchberg ZH, Schoorenstrasse"
130,2304,"KSCH","Kilchberg ZH, Schwelle"
525,1440,"KSPI","Kilchberg ZH, Spital"
748,2580,"STOG","Kilchberg ZH, Stockengut"
125,2859,"WEIK","Kilchberg ZH, Weinbergstrasse"
742,2277,"SHDO","Kilchberg ZH,Schulhaus Dorfstr"
461,3822,"BKIS","Killwangen, Bahnhof"
655,1397,"KIND","Kindhausen AG"
656,757,"EIHH","Kindhausen AG, Eichholz"
381,6506,"BABH07","Kloten Balsberg, Bahnhof"
641,54,"KALL","Küsnacht ZH, Allmend"
602,1488,"BKUE","Küsnacht ZH, Bahnhof"
759,462,"BEST","Küsnacht ZH, Bergstrasse"
608,516,"BOGL","Küsnacht ZH, Boglerenstrasse"
610,610,"BUEH","Küsnacht ZH, Bühlstrasse"
605,933,"GART","Küsnacht ZH, Gartenstrasse"
609,1011,"GOBA","Küsnacht ZH, Goldbacherstrasse"
604,1106,"HABA","Küsnacht ZH, Hallenbad"
639,1182,"HESL","Küsnacht ZH, Hesligenstrasse"
638,1189,"HIST","Küsnacht ZH, Himmelistrasse"
607,1769,"OBHE","Küsnacht ZH, Obere Heslibachst"
606,1779,"OBFE","Küsnacht ZH, Oberfeld"
600,1818,"OBWA","Küsnacht ZH, Oberwacht"
640,2122,"RAEN","Küsnacht ZH, Ränkestrasse"
603,2043,"RKIK","Küsnacht ZH, Reform. Kirche"
598,2167,"SIHG","Küsnacht ZH, Schiedhaldensteig"
599,2168,"SIHE","Küsnacht ZH, Schiedhaldenstr."
597,2327,"SUEB","Küsnacht ZH, Schübel"
601,3744,"ZENK","Küsnacht ZH, Zentrum"
25,12504,"LWIE99","Langwies ZH"
29,12506,"MAI99","Maiacher"
492,3134,"MASC","Maur, Aschbach"
493,678,"MDOR","Maur, Dorf"
494,1403,"MKIR","Maur, Kirche"
500,1892,"MPLA","Maur, Platten"
495,2342,"MSEE","Maur, See"
28,12508,"NFOR99","Neue Forch"
22,12509,"NHA99","Neuhaus bei Hinteregg"
392,748,"EGGB","Oberengstringen, Eggbühl"
393,1516,"LANZ","Oberengstringen, Lanzrain"
395,1862,"PAEN","Oberengstringen, Paradies"
394,2984,"OBEE","Oberengstringen, Zentrum"
432,1094,"OHAL","Oetwil an der Limmat, Halde"
431,1759,"OBDO","Oetwil an der Limmat, Oberdorf"
430,1964,"OPOS","Oetwil an der Limmat, Post"
553,2286,"SCHU07","Opfikon, Schulstrasse"
552,6808,"OSCH07","Opfikon, Schwimmbad"
508,833,"FELH","Pfaffhausen, Feldhof"
503,1873,"PMUE","Pfaffhausen, Müseren"
510,1871,"PFAF","Pfaffhausen, Pfaffenstein"
509,2622,"SAGG","Pfaffhausen, Sängglen"
379,6507,"RBAU07","Rümlang, Bäuler"
738,1799,"RGEM07","Rümlang, Gemeindehaus"
737,6682,"RHOE07","Rümlang, Hörnlistrasse"
736,1542,"RLET07","Rümlang, Letten"
739,1763,"ORUE07","Rümlang, Oberdorf"
116,3186,"RUEB","Rüschlikon, Bahnhof"
119,443,"BELV","Rüschlikon, Belvoir"
115,515,"BODE","Rüschlikon, Bodengasse"
122,6448,"EGGR","Rüschlikon, Eggrain"
118,1505,"LANH","Rüschlikon, Langhaldenstrasse"
121,6447,"LRAI","Rüschlikon, Loorain"
123,1657,"MOOS","Rüschlikon, Moosstrasse"
124,6492,"RPAR","Rüschlikon, Park im Grüene"
724,6009,"RREB","Rüschlikon, Rebsteig"
120,3187,"RSAU","Rüschlikon, Säumerstrasse"
114,410,"BSRU","Rüschlikon, Schlossstrasse"
117,2852,"WEID","Rüschlikon, Weidstrasse"
21,12166,"SCH99","Scheuren"
480,2166,"SCHE","Scheuren, Station"
404,6347,"SCHB","Schlieren, Bahnhof"
405,550,"BRUG","Schlieren, Brunngasse"
403,838,"FSTR","Schlieren, Feldstrasse"
252,935,"GASO","Schlieren, Gasometerbrücke"
407,1151,"HEIM","Schlieren, Heimeliweg"
684,1327,"IGAS","Schlieren, Industrie Gaswerk"
440,1388,"KESS","Schlieren, Kesslerstrasse"
251,1690,"MULL","Schlieren, Mülligen"
406,1694,"NASS","Schlieren, Nassacker"
441,2051,"REIT","Schlieren, Reitmen"
685,2141,"RUST","Schlieren, Rütistrasse"
408,2436,"SPLI","Schlieren, Spital Limmattal"
442,3748,"STAK","Schlieren, Steinacker"
402,2631,"TAWI","Schlieren, Talacker-Windegg"
253,2798,"WAGO","Schlieren, Wagonsfabrik"
255,2237,"SZEN","Schlieren, Zentrum"
254,2236,"SCHL","Schlieren, Zentrum/Bahnhof"
515,2307,"BSCH","Schwerzenbach ZH, Bahnhof"
514,684,"DORS","Schwerzenbach ZH, Dorf"
33,12438,"SZFB99","Spital Zollikerberg"
457,6586,"CESP","Spreitenb, Center Spreitenbach"
454,6663,"SPAL","Spreitenbach, Altersheim"
452,3460,"ASPS","Spreitenbach, Asp"
460,6300,"SBRE","Spreitenbach, Breiti"
453,3520,"BRUL","Spreitenbach, Brüel"
458,6301,"FURT","Spreitenbach, Furttalstrasse"
686,6958,"SGLA","Spreitenbach, Glattler"
456,6462,"IKEA","Spreitenbach, Ikea"
459,6303,"SINT","Spreitenbach, Interio"
455,2384,"SCEN","Spreitenbach, Shopping Center"
727,2412,"FELD01","Thalwil, Feldstrasse"
729,1684,"MUBA01","Thalwil, Mühlebachplatz"
731,3378,"PTHA01","Thalwil, Post"
728,2333,"THSH01","Thalwil, Schützenhaus"
725,4108,"SEHA01","Thalwil, Seehaldenstrasse"
726,6856,"TSON01","Thalwil, Sonnenberg"
730,2989,"TZEN01","Thalwil, Zentrum"
722,687,"UITIDRF","Uitikon, Dorf"
429,29,"AEGU","Unterengstringen, Aegelsee"
400,743,"ECKS","Unterengstringen, Eckstein"
396,1498,"LANA","Unterengstringen, Langacher"
401,6724,"ULAN","Unterengstringen, Langwisen"
398,6825,"USEN","Unterengstringen, Sennenbüel"
397,2751,"USNO","Unterengstringen, Sennenbüel N"
415,2767,"BWEI","Urdorf Weihermatt, Bahnhof"
409,831,"FEGG","Urdorf, Feldegg"
642,6297,"HEIN","Urdorf, Heinrich-Stutz-Strasse"
444,1178,"HWEG","Urdorf, Herweg"
443,1586,"LUBE","Urdorf, Luberzen"
412,1725,"NEUT","Urdorf, Neumatt"
631,1726,"NMAT","Urdorf, Neumattstrasse"
411,1731,"NURD","Urdorf, Niederurdorf"
535,3589,"OBUR","Urdorf, Oberurdorf"
630,2024,"RAIW","Urdorf, Rainweg"
410,2238,"SCHS","Urdorf, Schlierenstrasse"
534,3590,"SONU","Urdorf, Sonne"
413,2440,"SPIT","Urdorf, Spitzacker"
414,2732,"UITI","Urdorf, Uitikonerstrasse"
733,3740,"VHOF07","Volketswil, Hofwisen"
732,632,"VCHL07","Volketswil, Volkiland Chliriet"
34,12807,"WAB99","Waldburg"
16,2807,"WABG","Waldburg, Station"
719,3356,"WALBIST","Waldegg, Birmensdorferstrasse"
720,6907,"WALDLEU","Waldegg, Leuen"
723,1991,"WALPOST","Waldegg, Post"
386,2820,"BWAL07","Wallisellen, Bahnhof"
385,439,"BELA07","Wallisellen, Belair"
555,3241,"WFLO07","Wallisellen, Florastrasse"
652,2983,"WGLA","Wallisellen, Glatt (Bus)"
387,6735,"WGLA07","Wallisellen, Glatt (Tram)"
384,1176,"HRTI07","Wallisellen, Herti"
388,6659,"WNEU07","Wallisellen, Neugut"
31,12826,"WAL99","Waltikon"
545,1266,"WHAE","Wangen, Hätzelwisen"
544,6364,"STIE","Wangen, Stierwisen"
546,2850,"WELI","Wangen, Weidli"
416,3183,"AEGW","Weiningen ZH, Aegelsee"
417,125,"AUSW","Weiningen ZH, Ausserdorf"
418,1571,"WLIN","Weiningen ZH, Lindenplatz"
419,2268,"SWEI","Weiningen ZH, Schulhaus"
17,6254,"LAEN","Zollikerb., Langägerten/Spital"
32,13002,"ZOB99","Zollikerberg"
688,3826,"HASE","Zollikerberg, Hasenbart"
620,1792,"OBHU","Zollikerberg, Oberhueb"
618,6470,"RESI","Zollikerberg, Resirain"
619,2375,"SENN","Zollikerberg, Sennhof"
687,3756,"SZOL","Zollikerberg, Spital"
18,3002,"ZOBE","Zollikerberg, Station"
689,3747,"TRIC","Zollikerberg, Trichtenhauserm."
13,53,"ZALL","Zollikon, Allmend"
669,3003,"BZOL","Zollikon, Bahnhof"
615,418,"BUEB","Zollikon, Bahnübergang"
612,476,"BEUG","Zollikon, Beugi"
613,715,"DUFP","Zollikon, Dufourplatz"
614,824,"FBST","Zollikon, Felbenstrasse"
10,6044,"GAAZ","Zollikon, Garage G.-Maurer-Str"
11,961,"GDEH","Zollikon, Gemeindehaus"
611,1013,"GOHA","Zollikon, Goldhaldenplatz"
12,1277,"HSTR","Zollikon, Höhestrasse"
15,2040,"RWIE","Zollikon, Rebwiesstrasse"
14,2341,"SUET","Zollikon, Schützenstrasse"
668,2363,"SEES","Zollikon, Seestrasse"
30,12543,"ZUMI99","Zumikon"
590,705,"DOZE","Zumikon, Dorfzentrum"
592,1075,"GOES","Zumikon, Gössikon"
591,2826,"WALT","Zumikon, Waltikon"
382,3027,"FLUG07","Zürich Flughafen, Bahnhof"
383,6232,"FRAF07","Zürich Flughafen, Fracht"
334,7,"AARG","Zürich, Aargauerstrasse"
92,46,"ALBG","Zürich, Albisgütli"
44,3797,"ARAN","Zürich, Albisrank"
308,47,"ALBR","Zürich, Albisrieden"
307,3705,"ALBD","Zürich, Albisriederdörfli"
41,48,"ALBP","Zürich, Albisriederplatz"
283,67,"ATRO","Zürich, Alte Trotte"
697,70,"ALTE","Zürich, Altenhofstrasse"
140,3706,"AHOS","Zürich, Althoos"
329,88,"ALTR","Zürich, Altried"
560,3150,"AMBO","Zürich, Am Börtli"
96,92,"AMSU","Zürich, Am Suteracher"
559,3151,"APPE","Zürich, Appenzellerstrasse"
576,6627,"ASPH","Zürich, Aspholz"
582,114,"AUBR","Zürich, Aubrücke"
184,128,"AUSS","Zürich, Ausserdorfstrasse"
322,132,"ZAUZ","Zürich, Auzelg"
678,134,"AUZO","Zürich, Auzelg Ost"
667,137,"BACH","Zürich, Bachmattstrasse"
244,1234,"BANL","Zürich, Bäckeranlage"
259,144,"BADA","Zürich, Bad Allenmoos"
574,3021,"BAFF","Zürich, Bahnhof Affoltern"
49,3022,"BALT","Zürich, Bahnhof Altstetten"
336,5001,"BALN","Zürich, Bahnhof Altstetten N"
158,3026,"ENGE","Zürich, Bahnhof Enge"
85,199,"BEDE","Zürich, Bahnhof Enge/Bederstr."
53,3029,"HSBB","Zürich, Bahnhof Hardbrücke"
568,2547,"BLEI","Zürich, Bahnhof Leimbach"
257,3034,"BOER","Zürich, Bahnhof Oerlikon"
4,6255,"BOEN","Zürich, Bahnhof Oerlikon Nord"
191,3447,"BOEO","Zürich, Bahnhof Oerlikon Ost"
346,2551,"BSEL","Zürich, Bahnhof Selnau"
39,3039,"BSTA","Zürich, Bahnhof Stadelhofen"
369,2575,"BSTE","Zürich, Bahnhof Stettbach"
236,3041,"BTIE","Zürich, Bahnhof Tiefenbrunnen"
295,3042,"BWIE","Zürich, Bahnhof Wiedikon"
199,3043,"BWIP","Zürich, Bahnhof Wipkingen"
79,412,"BPLA","Zürich, Bahnhofplatz/HB"
64,413,"BQUA","Zürich, Bahnhofquai/HB"
63,416,"BSTR","Zürich, Bahnhofstrasse/HB"
36,421,"BALG","Zürich, Balgrist"
77,592,"BAEN","Zürich, Bändliweg"
51,427,"BASL","Zürich, Baslerstrasse"
293,435,"BECK","Zürich, Beckenhof"
157,440,"BELL","Zürich, Bellevue"
520,455,"BERH","Zürich, Berghaldenstrasse"
648,459,"BDOL","Zürich, Bergstation Dolderbahn"
289,465,"BERN","Zürich, Berninaplatz"
72,467,"BERO","Zürich, Bernoulli-Häuser"
361,468,"BERT","Zürich, Bertastrasse"
144,3587,"BERU","Zürich, Berufswahlschule"
367,470,"BESE","Zürich, Besenrainstrasse"
225,471,"BETH","Zürich, Bethanien"
60,478,"BEZI","Zürich, Bezirksgebäude"
107,3774,"BWOB","Zürich, Bhf Wollishofen (Bus)"
276,3044,"BWOL","Zürich, Bhf Wollishofen (Tram)"
277,488,"BILO","Zürich, Billoweg"
703,493,"BINZ","Zürich, Binz"
706,3714,"BINC","Zürich, Binz Center"
185,497,"BIGL","Zürich, Birch-/Glatttalstrasse"
350,498,"BIRD","Zürich, Birchdörfli"
489,3445,"BIBE","Zürich, Bircher-Benner"
300,3449,"BIRC","Zürich, Birchstrasse"
702,508,"BLEU","Zürich, Bleulerstrasse"
575,6626,"BLUM","Zürich, Blumenfeldstrasse"
734,3715,"BOST","Zürich, Bocklerstrasse"
6,3789,"BOLL","Zürich, Bollingerweg"
312,601,"BOES","Zürich, Börsenstrasse"
232,3645,"BOGA","Zürich, Botanischer Garten"
718,530,"BRAN","Zürich, Brandschenkestrasse"
50,542,"BRIS","Zürich, Bristenstrasse"
364,546,"BRUM","Zürich, Brunau/Mutschellenstr."
278,547,"BRUN","Zürich, Brunaustrasse"
57,564,"BUCH","Zürich, Bucheggplatz"
696,3787,"BUHO","Zürich, Buchholz"
135,573,"BUHN","Zürich, Buhnstrasse"
315,580,"BURG","Zürich, Burgwies"
102,615,"BURK","Zürich, Bürkliplatz"
273,586,"BUTZ","Zürich, Butzenstrasse"
507,617,"CARL","Zürich, Carl-Spitteler-Strasse"
203,619,"CENT","Zürich, Central"
301,3450,"CHAL","Zürich, Chaletweg"
617,3717,"CHIN","Zürich, Chinagarten"
69,648,"DAMM","Zürich, Dammweg"
521,649,"DANG","Zürich, Dangelstrasse"
271,6055,"DEP2","Zürich, Depot 2 Wollishofen"
59,6030,"DEP4","Zürich, Depot 4 Elisabethenstr"
93,6031,"DEP5","Zürich, Depot 5 Hard"
146,6032,"DEP7","Zürich, Depot 7 Irchel"
256,6033,"DEP8","Zürich, Depot 8 Oerlikon"
645,6421,"DEPD","Zürich, Depot Dolderbahn"
193,694,"DORF","Zürich, Dorflinde"
581,708,"DREI","Zürich, Dreispitz"
488,711,"DREW","Zürich, Dreiwiesen"
518,713,"DRUS","Zürich, Drusbergstrasse"
94,716,"DUNK","Zürich, Dunkelhölzli"
352,767,"EINF","Zürich, Einfangstrasse"
616,769,"ELWA","Zürich, Elektrowatt"
268,788,"ENGV","Zürich, Englischviertelstrasse"
700,3594,"EPIK","Zürich, EPI-Klinik"
282,800,"EGUT","Zürich, Eschergutweg"
55,799,"EWYS","Zürich, Escher-Wyss-Platz"
176,735,"ETHH","Zürich, ETH Hönggerberg"
154,736,"ETHZ","Zürich, ETH/Universitätsspital"
547,3446,"ETTE","Zürich, Ettenfeld"
99,821,"FARB","Zürich, Farbhof"
339,832,"FELD","Zürich, Feldeggstrasse"
344,840,"FELL","Zürich, Fellenbergstrasse"
287,845,"FELS","Zürich, Felsenrainstrasse"
321,6460,"ZFER","Zürich, Fernsehstudio"
97,852,"FEUS","Zürich, Feusisbergli"
71,857,"FWEG","Zürich, Fischerweg"
714,859,"FLOB","Zürich, Flobotstrasse"
699,868,"FLUE","Zürich, Flühgasse"
45,867,"FLUR","Zürich, Flurstrasse"
70,927,"FOER","Zürich, Förrlibuckstrasse"
165,872,"FRAN","Zürich, Frankental"
231,3466,"FRST","Zürich, Freiestrasse"
665,883,"FREI","Zürich, Freihofstrasse"
194,888,"FRIA","Zürich, Friedackerstrasse"
716,893,"FEIC","Zürich, Friedhof Eichbühl"
316,894,"ENZE","Zürich, Friedhof Enzenbühl"
563,895,"FHOE","Zürich, Friedhof Hönggerberg"
136,896,"FSWA","Zürich, Friedhof Schwandenholz"
360,897,"FSIH","Zürich, Friedhof Sihlfeld"
676,898,"FUET","Zürich, Friedhof Uetliberg"
504,899,"FWIT","Zürich, Friedhof Witikon"
197,901,"FRDR","Zürich, Friedrichstrasse"
359,902,"FRIB","Zürich, Friesenberg"
675,903,"FRIH","Zürich, Friesenberghalde"
172,904,"FRIE","Zürich, Friesenbergstrasse"
196,908,"FROB","Zürich, Frohburg"
234,917,"FROE","Zürich, Fröhlichstrasse"
586,914,"FRON","Zürich, Fronwald"
567,916,"FRYM","Zürich, Frymannstrasse"
40,6034,"GAR6","Zürich, Garage 6 Hardau"
3,6035,"GAR9","Zürich, Garage 9 Hagenholz"
167,944,"GEER","Zürich, Geeringstrasse"
671,971,"GERM","Zürich, Germaniastrasse"
80,972,"GESS","Zürich, Gessnerallee"
213,979,"GIBL","Zürich, Giblenstrasse"
372,998,"GLAT","Zürich, Glattwiesen"
139,1000,"GLAU","Zürich, Glaubtenstrasse"
758,6975,"GLNO","Zürich, Glaubtenstrasse Nord"
310,6020,"GLAS","Zürich, Glaubtenstrasse Süd"
505,3444,"GLOK","Zürich, Glockenacker"
309,1007,"GOLD","Zürich, Goldackerweg"
297,1012,"GOLP","Zürich, Goldbrunnenplatz"
666,1026,"GRIM","Zürich, Grimselstrasse"
705,489,"GRUB","Zürich, Grubenstrasse"
76,1041,"GRUN","Zürich, Grünaustrasse"
291,1061,"GUGG","Zürich, Guggachstrasse"
245,1076,"GUET","Zürich, Güterbahnhof"
650,1073,"GUTS","Zürich, Gutstrasse"
153,1098,"HALB","Zürich, Haldenbach"
264,1100,"HEGG","Zürich, Haldenegg"
578,3760,"HALO","Zürich, Hallenbad Oerlikon"
74,1120,"HARH","Zürich, Hardhof"
52,1122,"HARP","Zürich, Hardplatz"
73,2447,"SPOH","Zürich, Hardturm"
313,1138,"HEDW","Zürich, Hedwigsteig"
324,1139,"HEER","Zürich, Heerenwiesen"
174,1143,"HEGA","Zürich, Hegianwandweg"
37,1144,"HEGI","Zürich, Hegibachplatz"
168,1156,"HEIZ","Zürich, Heizenholz"
267,1157,"HELM","Zürich, Helmhaus"
347,1158,"HELV","Zürich, Helvetiaplatz"
585,1160,"HERB","Zürich, Herbstweg"
246,1162,"HERD","Zürich, Herdernstrasse"
134,1175,"HERT","Zürich, Hertensteinstrasse"
583,1179,"HERZ","Zürich, Herzogenmühlestrasse"
713,1186,"HEUB","Zürich, Heubeeriweg"
299,1187,"HEUR","Zürich, Heuried"
190,6250,"HIMM","Zürich, Himmeri"
237,1194,"HINT","Zürich, Hinterbergstrasse"
290,1215,"HIRS","Zürich, Hirschwiesenstrasse"
327,1220,"HIRZ","Zürich, Hirzenbach"
358,1272,"HOEF","Zürich, Höfliweg"
227,3469,"HOFS","Zürich, Hofstrasse"
163,1231,"HOHE","Zürich, Hohenklingensteig"
229,3470,"HSTG","Zürich, Hölderlinsteig"
270,1278,"HOEL","Zürich, Hölderlinstrasse"
355,1239,"HOLZ","Zürich, Holzerhurd"
177,1280,"HOEB","Zürich, Hönggerberg"
233,1286,"HOES","Zürich, Höschgasse"
345,1251,"HOTT","Zürich, Hottingerplatz"
43,1252,"HUBE","Zürich, Hubertus"
363,1288,"HUEG","Zürich, Hügelstrasse"
354,1259,"HUNG","Zürich, Hungerbergstrasse"
717,1865,"HURL","Zürich, Hürlimannplatz"
138,1292,"HUER","Zürich, Hürstholz"
735,1303,"IEBN","Zürich, Im Ebnet"
169,3123,"IMGU","Zürich, Im Gut"
173,1307,"IHAG","Zürich, Im Hagacker"
570,1310,"IHUS","Zürich, Im Hüsli"
715,1311,"IKLO","Zürich, Im Klösterli"
701,1315,"IWAL","Zürich, Im Walder"
178,1316,"IWIN","Zürich, Im Wingert"
217,1320,"IDEY","Zürich, In der Ey"
683,3153,"JUCH","Zürich, Juchhof"
366,1354,"JUGI","Zürich, Jugendherberge"
496,1356,"KALB","Zürich, Kalchbühlweg"
242,1358,"KANO","Zürich, Kanonengasse"
155,1359,"KANT","Zürich, Kantonsschule"
516,1362,"KAPF","Zürich, Kapfstrasse"
46,1364,"KAPP","Zürich, Kappeli"
561,3138,"KABU","Zürich, Kappenbühlweg"
187,1483,"KAES","Zürich, Käshaldenstrasse"
207,1379,"KEMP","Zürich, Kempfhofsteig"
356,1386,"KERN","Zürich, Kernstrasse"
537,1389,"KIEN","Zürich, Kienastenwies"
150,1399,"KINK","Zürich, Kinkelstrasse"
161,1407,"KFLU","Zürich, Kirche Fluntern"
228,3648,"KLOB","Zürich, Klosbach"
230,1430,"KLUS","Zürich, Klusplatz"
188,6304,"KOES","Zürich, Köschenrüti"
142,1445,"KNOR","Zürich, Krematorium Nordheim"
42,1446,"KSIH","Zürich, Krematorium Sihlfeld"
38,1453,"KREU","Zürich, Kreuzplatz"
338,1456,"KRES","Zürich, Kreuzstrasse"
292,1468,"KRON","Zürich, Kronenstrasse"
712,1471,"KROE","Zürich, Krönleinstrasse"
156,1472,"KUNS","Zürich, Kunsthaus"
349,1595,"LAEG","Zürich, Lägernstrasse"
106,3141,"LAND","Zürich, Landiwiese"
709,1502,"LAST","Zürich, Langensteinenstrasse"
649,1503,"LANG","Zürich, Langgrütstrasse"
148,1507,"LANM","Zürich, Langmauerstrasse"
89,1519,"LAUB","Zürich, Laubegg"
260,1522,"LAUI","Zürich, Laubiweg"
205,1528,"LEHE","Zürich, Lehenstrasse"
186,1532,"LEIM","Zürich, Leimgrübelstrasse"
304,1539,"LERC","Zürich, Lerchenhalde"
680,3457,"LERA","Zürich, Lerchenrain"
200,1547,"LETT","Zürich, Lettenstrasse"
664,1548,"LETG","Zürich, Letzigrund"
248,3148,"LETP","Zürich, Letzipark"
47,1549,"LPAW","Zürich, Letzipark West"
149,1550,"LETZ","Zürich, Letzistrasse"
318,1552,"LEUT","Zürich, Leutschenbach"
67,1557,"LIMM","Zürich, Limmatplatz"
100,1570,"LIND","Zürich, Lindenplatz"
341,1579,"LOCH","Zürich, Lochergut"
95,1581,"LOOG","Zürich, Loogarten"
506,1584,"LOOR","Zürich, Loorenstrasse"
241,1608,"LOEW","Zürich, Löwenplatz"
326,1587,"LUCH","Zürich, Luchswiesen"
325,1590,"LUEG","Zürich, Luegisland"
48,1592,"LUGG","Zürich, Luggwegstrasse"
141,1611,"MAIE","Zürich, Maienweg"
9,3788,"MAIL","Zürich, Maillartstrasse"
566,1612,"MANG","Zürich, Manegg"
362,1614,"MANS","Zürich, Manesseplatz"
569,1615,"MARB","Zürich, Marbachweg"
370,1620,"MATT","Zürich, Mattenhof"
5,3764,"MAXB","Zürich, Max-Bill-Platz"
209,1626,"MEIE","Zürich, Meierhofplatz"
317,3154,"MEHA","Zürich, Messe/Hallenstadion"
250,1640,"MICA","Zürich, Micafil"
562,1641,"MICH","Zürich, Michelstrasse"
58,1643,"MIBU","Zürich, Milchbuck"
243,1644,"MILA","Zürich, Militär-/Langstrasse"
572,1648,"MITL","Zürich, Mittelleimbach"
274,1660,"MORG","Zürich, Morgental"
302,3451,"MOTT","Zürich, Mötteliweg"
577,6628,"MUEH","Zürich, Mühlacker"
66,1667,"MUFG","Zürich, Museum für Gestaltung"
279,1666,"MUSR","Zürich, Museum Rietberg"
98,1698,"NEES","Zürich, Neeserweg"
351,1705,"NEUA","Zürich, Neuaffoltern"
498,1710,"NEUB","Zürich, Neubühl"
240,1724,"NEUM","Zürich, Neumarkt"
7,3804,"NBRU","Zürich, Neunbrunnen"
143,1744,"NORH","Zürich, Nordheimstrasse"
204,1745,"NORS","Zürich, Nordstrasse"
219,1753,"NUER","Zürich, Nürenbergstrasse"
573,1821,"OBEW","Zürich, Oberwiesenstrasse"
319,6459,"ZOER","Zürich, Oerlikerhus"
201,3786,"OKEN","Zürich, Okenstrasse"
337,1845,"OPER","Zürich, Opernhaus"
679,3001,"ORIO","Zürich, Orionstrasse"
262,1856,"OTTI","Zürich, Ottikerstrasse"
82,1861,"PARA","Zürich, Paradeplatz"
694,3765,"PAUL","Zürich, Paulus-Akademie"
180,1441,"PKAE","Zürich, Pflegezentr. Käferberg"
159,1889,"PLAT","Zürich, Platte"
275,2005,"PWOL","Zürich, Post Wollishofen"
371,2008,"PROB","Zürich, Probstei"
68,2014,"QUEL","Zürich, Quellenstrasse"
145,2017,"RADI","Zürich, Radiostudio"
704,2120,"RAEF","Zürich, Räffelstrasse"
266,2030,"RATH","Zürich, Rathaus"
557,2033,"RAUH","Zürich, Rautihalde"
305,2034,"RAUT","Zürich, Rautistrasse"
206,2035,"REBE","Zürich, Rebbergsteig"
258,2045,"REGB","Zürich, Regensbergbrücke"
35,2549,"REHA","Zürich, Rehalp"
81,2054,"RAUG","Zürich, Rennweg"
103,2055,"RENT","Zürich, Rentenanstalt"
579,2069,"RIEG","Zürich, Riedgraben"
166,3122,"RIEH","Zürich, Riedhofstrasse"
674,2090,"BERG","Zürich, Rigiblick"
269,2124,"ROEM","Zürich, Römerhof"
348,2127,"ROEN","Zürich, Röntgenstrasse"
56,2104,"ROSE","Zürich, Rosengartenstrasse"
261,2128,"ROES","Zürich, Röslistrasse"
373,2107,"ROSW","Zürich, Roswiesen"
220,2108,"ROTB","Zürich, Rotbuchstrasse"
108,2109,"ROTE","Zürich, Rote Fabrik"
265,2113,"RBRU","Zürich, Rudolf-Brun-Brücke"
214,2140,"RUET","Zürich, Rütihof"
88,2550,"SAAL","Zürich, Saalsporthalle"
580,2145,"SAAT","Zürich, Saatlenstrasse"
215,2147,"SACK","Zürich, Sackzelg"
288,2151,"SALE","Zürich, Salersteig"
558,2152,"SALZ","Zürich, Salzweg"
247,2142,"SBBW","Zürich, SBB-Werkstätte"
221,2158,"SPLA","Zürich, Schaffhauserplatz"
708,6776,"SANZ","Zürich, Schanzackerstrasse"
710,2314,"SAPI","Zürich, Schäppiweg"
681,3458,"PSCH","Zürich, Schauenberg"
170,2160,"SCHA","Zürich, Schaufelbergerstrasse"
222,2164,"SCHZ","Zürich, Scheuchzerstrasse"
54,6759,"SBAU","Zürich, Schiffbau"
517,2251,"SYFI","Zürich, Schlyfi"
296,2256,"SWIE","Zürich, Schmiede Wiedikon"
189,2320,"SCHG","Zürich, Schönauring"
328,2326,"SCHO","Zürich, Schörlistrasse"
216,3155,"ALTW","Zürich, Schulhaus Altweg"
556,2276,"BUCL","Zürich, Schulhaus Buchlern"
303,2289,"SWEG","Zürich, Schumacherweg"
651,2329,"SURG","Zürich, Schürgistrasse"
564,3566,"SHOE","Zürich, Schützenhaus Höngg"
198,2294,"SCHW","Zürich, Schwamendingerplatz"
588,2298,"SHOL","Zürich, Schwandenholz"
171,2302,"SHOF","Zürich, Schweighof"
104,3477,"SRUC","Zürich, Schweizer Rück"
208,2306,"SCHT","Zürich, Schwert"
183,2346,"SEEB","Zürich, Seebach"
133,1275,"SEPL","Zürich, Seebacherplatz"
109,2834,"SEER","Zürich, Seerose"
212,2364,"SEGA","Zürich, Segantinistrasse"
693,3767,"SEGE","Zürich, Segeten"
249,2366,"SEID","Zürich, Seidelhof"
151,2367,"RIGI","Zürich, Seilbahn Rigiblick"
343,2385,"SIEM","Zürich, Siemens"
238,2388,"SIGN","Zürich, Signaustrasse"
175,6463,"SIHC","Zürich, Sihlcity"
87,2771,"SIHN","Zürich, Sihlcity Nord"
62,1366,"SIHP","Zürich, Sihlpost / HB"
65,2395,"SIHL","Zürich, Sihlquai/HB"
330,2396,"SIHS","Zürich, Sihlstrasse"
571,2398,"SIHW","Zürich, Sihlweidstrasse"
211,2402,"SING","Zürich, Singlistrasse"
101,6003,"SOLP","Zürich, Solidapark"
263,2411,"SONN","Zürich, Sonneggstrasse"
333,2449,"SPOW","Zürich, Sportweg"
239,2450,"SPRE","Zürich, Sprecherstrasse"
224,2451,"SPYR","Zürich, Spyriplatz"
711,2452,"SPYS","Zürich, Spyristeig"
110,2461,"STAD","Zürich, Stadtgrenze"
202,2474,"STAM","Zürich, Stampfenbachplatz"
137,3768,"STBU","Zürich, Staudenbühl"
61,2556,"STAU","Zürich, Stauffacher"
192,2572,"SOER","Zürich, Sternen Oerlikon"
8,6117,"SRIE","Zürich, Stierenried"
83,2582,"STOC","Zürich, Stockerstrasse"
91,2596,"STRV","Zürich, Strassenverkehrsamt"
707,2598,"STRI","Zürich, Strickhof"
105,3522,"SUKK","Zürich, Sukkulentensammlung"
522,2612,"SUNN","Zürich, Sunnau"
375,2618,"SUSE","Zürich, Susenbergstrasse"
298,2638,"TALW","Zürich, Talwiesenstrasse"
331,3453,"TECH","Zürich, Technopark"
365,2659,"THUJ","Zürich, Thujastrasse"
323,2666,"TIER","Zürich, Tierspital"
646,2667,"TITL","Zürich, Titlisstrasse"
486,2671,"TOBE","Zürich, Tobelhof"
226,2673,"TOBL","Zürich, Toblerplatz"
332,718,"TONA","Zürich, Toni-Areal"
691,3769,"TFUS","Zürich, Trichtenhausenfussweg"
690,6416,"TRSA","Zürich, Trichtisal"
218,2680,"TRIE","Zürich, Triemli"
311,2682,"TRIS","Zürich, Triemlispital"
75,2707,"TUEF","Zürich, Tüffenwies"
584,2688,"TULP","Zürich, Tulpenstrasse"
84,2689,"TUNN","Zürich, Tunnelstrasse"
90,2722,"UETL","Zürich, Uetlihof"
147,1334,"IRCH","Zürich, Universität Irchel"
587,2737,"UAFF","Zürich, Unteraffoltern"
306,2754,"UNTM","Zürich, Untermoosstrasse"
565,2776,"VERE","Zürich, Verenastrasse"
223,2779,"VOGE","Zürich, Vogelsangstrasse"
160,2788,"VOLT","Zürich, Voltastrasse"
682,3588,"VULK","Zürich, Vulkanstrasse"
368,6019,"WAFB","Zürich, Waffenplatz-/Bederstr."
86,2795,"WAFF","Zürich, Waffenplatzstrasse"
179,2799,"WAIB","Zürich, Waidbadstrasse"
281,2800,"WAIF","Zürich, Waidfussweg"
589,2801,"WAIH","Zürich, Waidhof"
181,2803,"WAIS","Zürich, Waidspital"
195,2814,"WALD","Zürich, Waldgarten"
647,2815,"WDOL","Zürich, Waldhaus Dolder"
285,2831,"WART","Zürich, Wartau"
519,2836,"WASE","Zürich, Waserstrasse"
182,2858,"WEIH","Zürich, Weihersteig"
294,6238,"WERE","Zürich, Werd"
78,2872,"WERD","Zürich, Werdhölzli"
314,2879,"WETL","Zürich, Wetlistrasse"
497,2889,"WIDM","Zürich, Widmerstrasse"
210,2899,"WIES","Zürich, Wieslergasse"
692,3772,"WACH","Zürich, Wiesliacher"
235,2907,"WILD","Zürich, Wildbachstrasse"
152,2924,"WINK","Zürich, Winkelriedstrasse"
162,2934,"WINH","Zürich, Winzerhalde"
286,2935,"WINZ","Zürich, Winzerstrasse"
164,6015,"WINS","Zürich, Winzerstrasse Süd"
280,2937,"WIPK","Zürich, Wipkingerplatz"
695,3773,"WITZ","Zürich, Witikon Zentrum"
272,2950,"WOLL","Zürich, Wollishofen"
698,2956,"WONE","Zürich, Wonnebergstrasse"
335,6648,"WURZ","Zürich, Würzgraben"
353,2968,"ZEHN","Zürich, Zehntenhausplatz"
677,2998,"ZIEL","Zürich, Zielweg"
376,3005,"ZOO","Zürich, Zoo"
487,4,"ZOOF","Zürich, Zoo/Forrenweid"
374,3045,"ZUER","Zürich, Zürichbergstrasse"
536,3011,"ZWEI","Zürich, Zweiackerstrasse"
284,3015,"ZWIE","Zürich, Zwielplatz"
357,3018,"ZWIN","Zürich, Zwinglihaus"
342,3019,"ZYPR","Zürich, Zypressenstrasse"
340,1357,"KALK","Zürich,Kalkbreite/Bhf.Wiedikon"
