"Tagtyp_Id";"Tagtypname";"Bemerkung"
2;"<Unbenutzt>";
5;"14-A-14";"Montag bis Donnerstag, Jahresfahrplan 2014"
18;"14-B-14";"Montag bis Donnerstag Fahrplananpassungen Linien 4, 61, 62, 63 ab 21.08.2014"
3;"15-A-14";"Montag bis Freitag, Jahresfahrplan 2014"
11;"15-B-14";"Montag bis Freitag Fahrplananpassung auf Linien 161, 165 ab 16.06.2014"
17;"15-C-14";"Montag bis Freitag Fahrplananpassugnen Linien 304, 308 ab 21.08.2014"
4;"55-A-14";"Freitag, Jahresfahrplan 2014"
8;"55-B-14";"Freitag Fahrplananpassung Linie 352 (N30) ab 14.03.2014"
16;"55-C-14";"Freitag Fahrplananpassungen Linien 4, 61, 62, 63 ab 22.08.2014"
7;"66-A-14";"Samstag, Jahresfahrplan 2014"
9;"66-B-14";"Samstag Fahrplananpassung Linie 352 (N30) ab 15.03.2014"
12;"66-C-14";"Samstag Fahrplananpassung auf Linien 161, 165 ab 21.06.2014"
15;"66-D-14";"Samstag Fahrplananpassungen Linien 4, 61, 62, 63 ab 23.08.2014"
6;"77-A-14";"Sonntag, Jahresfahrplan 2014"
10;"77-B-14";"Sonntag Fahrplananpassung auf Linien 161, 165 ab 15.06.2014"
14;"77-C-14";"Sonntag Fahrplananpassungen Linien 4, 61, 62, 63 ab 24.08.2014"
13;"99-A-14";"Montag bis Freitag Ferienfahrplan Linien 5, 6, 32, 46, 80 14.07.2014 bis 15.08.2014"
40000002;"<Unbenutzt>";
