"Haltestellen_Id";"Haltestellennummer";"Haltestellenkurzname";"Haltestellenlangname"
119;1179;"HERZ";"Zürich, Herzogenmühlestrasse"
104;1186;"HEUB";"Zürich, Heubeeriweg"
176;1187;"HEUR";"Zürich, Heuried"
386;6250;"HIMM";"Zürich, Himmeri"
416;1194;"HINT";"Zürich, Hinterbergstrasse"
160;1215;"HIRS";"Zürich, Hirschwiesenstrasse"
472;1220;"HIRZ";"Zürich, Hirzenbach"
205;1272;"HOEF";"Zürich, Höfliweg"
415;3469;"HOFS";"Zürich, Hofstrasse"
242;1231;"HOHE";"Zürich, Hohenklingensteig"
413;3470;"HSTG";"Zürich, Hölderlinsteig"
180;1278;"HOEL";"Zürich, Hölderlinstrasse"
196;1239;"HOLZ";"Zürich, Holzerhurd"
376;1280;"HOEB";"Zürich, Hönggerberg"
292;1286;"HOES";"Zürich, Höschgasse"
179;1251;"HOTT";"Zürich, Hottingerplatz"
367;1252;"HUBE";"Zürich, Hubertus"
485;1288;"HUEG";"Zürich, Hügelstrasse"
195;1259;"HUNG";"Zürich, Hungerbergstrasse"
663;1292;"HUER";"Zürich, Hürstholz"
368;3123;"IMGU";"Zürich, Im Gut"
208;1307;"IHAG";"Zürich, Im Hagacker"
78;1310;"IHUS";"Zürich, Im Hüsli"
107;1311;"IKLO";"Zürich, Im Klösterli"
93;1315;"IWAL";"Zürich, Im Walder"
375;1316;"IWIN";"Zürich, Im Wingert"
424;1320;"IDEY";"Zürich, In der Ey"
229;3153;"JUCH";"Zürich, Juchhof"
488;1354;"JUGI";"Zürich, Jugendherberge"
625;1356;"KALB";"Zürich, Kalchbühlweg"
408;1358;"KANO";"Zürich, Kanonengasse"
183;601;"KANB";"Zürich, Kantonalbank"
64;1359;"KANT";"Zürich, Kantonsschule"
431;1362;"KAPF";"Zürich, Kapfstrasse"
277;1364;"KAPP";"Zürich, Kappeli"
655;3138;"KABU";"Zürich, Kappenbühlweg"
390;1483;"KAES";"Zürich, Käshaldenstrasse"
396;1379;"KEMP";"Zürich, Kempfhofsteig"
202;1386;"KERN";"Zürich, Kernstrasse"
439;1389;"KIEN";"Zürich, Kienastenwies"
645;7064;"KISP";"Zürich, Kindersp. (ab 10/2024)"
56;1399;"KINK";"Zürich, Kinkelstrasse"
63;1407;"KFLU";"Zürich, Kirche Fluntern"
95;3592;"KHIR";"Zürich, Klinik Hirslanden"
414;3648;"KLOB";"Zürich, Klosbach"
181;1430;"KLUS";"Zürich, Klusplatz"
389;6304;"KOES";"Zürich, Köschenrüti"
660;1445;"KNOR";"Zürich, Krematorium Nordheim"
21;1453;"KREU";"Zürich, Kreuzplatz"
290;1456;"KRES";"Zürich, Kreuzstrasse"
164;1468;"KRON";"Zürich, Kronenstrasse"
103;1471;"KROE";"Zürich, Krönleinstrasse"
65;1472;"KUNS";"Zürich, Kunsthaus"
197;1595;"LAEG";"Zürich, Lägernstrasse"
336;3141;"LAND";"Zürich, Landiwiese"
98;1502;"LAST";"Zürich, Langensteinenstrasse"
648;1503;"LANG";"Zürich, Langgrütstrasse"
54;1507;"LANM";"Zürich, Langmauerstrasse"
148;1519;"LAUB";"Zürich, Laubegg"
457;1522;"LAUI";"Zürich, Laubiweg"
394;1528;"LEHE";"Zürich, Lehenstrasse"
391;1532;"LEIM";"Zürich, Leimgrübelstrasse"
446;1539;"LERC";"Zürich, Lerchenhalde"
722;3457;"LERA";"Zürich, Lerchenrain"
405;1547;"LETT";"Zürich, Lettenstrasse"
428;1592;"LETB";"Zürich, Letzibach"
275;1548;"LETG";"Zürich, Letzigrund"
427;3148;"LETP";"Zürich, Letzipark"
362;1549;"LPAW";"Zürich, Letzipark West"
55;1550;"LETZ";"Zürich, Letzistrasse"
459;1552;"LEUT";"Zürich, Leutschenbach"
692;7060;"LEUP";"Zürich, Leutschenpark"
136;1557;"LIMM";"Zürich, Limmatplatz"
279;1570;"LIND";"Zürich, Lindenplatz"
272;1579;"LOCH";"Zürich, Lochergut"
323;1581;"LOOG";"Zürich, Loogarten"
437;1584;"LOOR";"Zürich, Loorenstrasse"
138;648;"LOEB";"Zürich, Löwenbräu"
168;1608;"LOEW";"Zürich, Löwenplatz"
34;1587;"LUCH";"Zürich, Luchswiesen"
471;1590;"LUEG";"Zürich, Luegisland"
661;1611;"MAIE";"Zürich, Maienweg"
682;3788;"MAIL";"Zürich, Maillartstrasse"
81;1612;"MANG";"Zürich, Manegg"
484;1614;"MANS";"Zürich, Manesseplatz"
77;1615;"MARB";"Zürich, Marbachweg"
498;1620;"MATT";"Zürich, Mattenhof"
383;3764;"MAXB";"Zürich, Max-Bill-Platz"
398;1626;"MEIE";"Zürich, Meierhofplatz"
27;3154;"MEHA";"Zürich, Messe/Hallenstadion"
282;1640;"MICA";"Zürich, Micafil"
656;1641;"MICH";"Zürich, Michelstrasse"
161;1643;"MIBU";"Zürich, Milchbuck"
201;1644;"MILA";"Zürich, Militär-/Langstrasse"
80;1648;"MITL";"Zürich, Mittelleimbach"
84;1660;"MORG";"Zürich, Morgental"
443;3451;"MOTT";"Zürich, Mötteliweg"
123;6628;"MUEH";"Zürich, Mühlacker"
135;1667;"MUFG";"Zürich, Museum für Gestaltung"
127;1666;"MUSR";"Zürich, Museum Rietberg"
326;1698;"NEES";"Zürich, Neeserweg"
116;1705;"NEUA";"Zürich, Neuaffoltern"
627;1710;"NEUB";"Zürich, Neubühl"
409;1724;"NEUM";"Zürich, Neumarkt"
385;3804;"NBRU";"Zürich, Neunbrunnen"
659;1744;"NORH";"Zürich, Nordheimstrasse"
199;1745;"NORS";"Zürich, Nordstrasse"
420;1753;"NUER";"Zürich, Nürenbergstrasse"
628;7070;"OBER";"Zürich, Obere Hornhalde"
117;1821;"OBEW";"Zürich, Oberwiesenstrasse"
460;6459;"ZOER";"Zürich, Oerlikerhus"
406;3786;"OKEN";"Zürich, Okenstrasse"
289;1845;"OPER";"Zürich, Opernhaus"
730;3001;"ORIO";"Zürich, Orionstrasse"
493;1856;"OTTI";"Zürich, Ottikerstrasse"
130;1861;"PARA";"Zürich, Paradeplatz"
373;1441;"PKAE";"Zürich, Pflegezentr. Käferberg"
61;1889;"PLAT";"Zürich, Platte"
85;2005;"PWOL";"Zürich, Post Wollishofen"
497;2008;"PROB";"Zürich, Probstei"
137;2014;"QUEL";"Zürich, Quellenstrasse"
193;2017;"RADI";"Zürich, Radiostudio"
650;2120;"RAEF";"Zürich, Räffelstrasse"
297;2030;"RATH";"Zürich, Rathaus"
331;2033;"RAUH";"Zürich, Rautihalde"
450;2034;"RAUT";"Zürich, Rautistrasse"
395;2035;"REBE";"Zürich, Rebbergsteig"
118;2045;"REGB";"Zürich, Regensbergbrücke"
18;2549;"REHA";"Zürich, Rehalp"
131;2054;"RENN";"Zürich, Rennweg"
68;2055;"RENT";"Zürich, Rentenanstalt"
699;2067;"RIED";"Zürich, Riedbach"
29;2069;"RIEG";"Zürich, Riedgraben"
364;3122;"RIEH";"Zürich, Riedhofstrasse"
101;2090;"BERG";"Zürich, Rigiblick"
41;2124;"ROEM";"Zürich, Römerhof"
200;2127;"ROEN";"Zürich, Röntgenstrasse"
191;2104;"ROSE";"Zürich, Rosengartenstrasse"
494;2128;"ROES";"Zürich, Röslistrasse"
495;2107;"ROSW";"Zürich, Roswiesen"
198;2108;"ROTB";"Zürich, Rotbuchstrasse"
338;2109;"ROTE";"Zürich, Rote Fabrik"
298;2113;"RBRU";"Zürich, Rudolf-Brun-Brücke"
403;2140;"RUET";"Zürich, Rütihof"
147;2550;"SAAL";"Zürich, Saalsporthalle"
30;2145;"SAAT";"Zürich, Saatlenstrasse"
422;2147;"SACK";"Zürich, Sackzelg"
684;3156;"SAED";"Zürich, Sädlenweg"
158;2151;"SALE";"Zürich, Salersteig"
330;2152;"SALZ";"Zürich, Salzweg"
426;2142;"SBBW";"Zürich, SBB-Werkstätte"
163;2158;"SPLA";"Zürich, Schaffhauserplatz"
106;6776;"SANZ";"Zürich, Schanzackerstrasse"
99;2314;"SAPI";"Zürich, Schäppiweg"
721;3458;"PSCH";"Zürich, Schauenberg"
177;2160;"SCHA";"Zürich, Schaufelbergerstrasse"
419;2164;"SCHZ";"Zürich, Scheuchzerstrasse"
190;6759;"SBAU";"Zürich, Schiffbau"
432;2251;"SYFI";"Zürich, Schlyfi"
173;2256;"SWIE";"Zürich, Schmiede Wiedikon"
388;2320;"SCHG";"Zürich, Schönauring"
469;2326;"SCHO";"Zürich, Schörlistrasse"
423;3155;"ALTW";"Zürich, Schulhaus Altweg"
332;2276;"BUCL";"Zürich, Schulhaus Buchlern"
445;2289;"SWEG";"Zürich, Schumacherweg"
33;2329;"SURG";"Zürich, Schürgistrasse"
658;3566;"SHOE";"Zürich, Schützenhaus Höngg"
120;2294;"SCHW";"Zürich, Schwamendingerplatz"
109;2298;"SHOL";"Zürich, Schwandenholz"
369;2302;"SHOF";"Zürich, Schweighof"
334;3477;"SRUC";"Zürich, Schweizer Rück"
397;2306;"SCHT";"Zürich, Schwert"
157;2346;"SEEB";"Zürich, Seebach"
156;1275;"SEPL";"Zürich, Seebacherplatz"
339;2834;"SEER";"Zürich, Seerose"
401;2364;"SEGA";"Zürich, Segantinistrasse"
717;3767;"SEGE";"Zürich, Segeten"
429;2366;"SEID";"Zürich, Seidelhof"
57;2367;"RIGI";"Zürich, Seilbahn Rigiblick"
479;2385;"SIEM";"Zürich, Siemens"
411;2388;"SIGN";"Zürich, Signaustrasse"
370;6463;"SIHC";"Zürich, Sihlcity"
146;2771;"SIHN";"Zürich, Sihlcity Nord"
169;1366;"SIHP";"Zürich, Sihlpost / HB"
134;2395;"SIHL";"Zürich, Sihlquai/HB"
288;2396;"SIHS";"Zürich, Sihlstrasse"
79;2398;"SIHW";"Zürich, Sihlweidstrasse"
400;2402;"SING";"Zürich, Singlistrasse"
327;6003;"SOLP";"Zürich, Solidapark"
492;2411;"SONN";"Zürich, Sonneggstrasse"
475;2449;"SPOW";"Zürich, Sportweg"
410;2450;"SPRE";"Zürich, Sprecherstrasse"
417;2451;"SPYR";"Zürich, Spyriplatz"
102;2452;"SPYS";"Zürich, Spyristeig"
340;2461;"STAD";"Zürich, Stadtgrenze"
166;2474;"STAM";"Zürich, Stampfenbachplatz"
664;3768;"STBU";"Zürich, Staudenbühl"
170;2556;"STAU";"Zürich, Stauffacher"
26;2572;"SOER";"Zürich, Sternen Oerlikon"
683;6117;"SRIE";"Zürich, Stierenried"
129;2582;"STOC";"Zürich, Stockerstrasse"
718;3765;"STOD";"Zürich, Stodolastrasse"
150;2596;"STRV";"Zürich, Strassenverkehrsamt"
97;2598;"STRI";"Zürich, Strickhof"
335;3522;"SUKK";"Zürich, Sukkulentensammlung"
72;2618;"SUSE";"Zürich, Susenbergstrasse"
175;2638;"TALW";"Zürich, Talwiesenstrasse"
473;3453;"TECH";"Zürich, Technopark"
487;2659;"THUJ";"Zürich, Thujastrasse"
468;2666;"TIER";"Zürich, Tierspital"
40;2667;"TITL";"Zürich, Titlisstrasse"
262;2671;"TOBE";"Zürich, Tobelhof"
70;2673;"TOBL";"Zürich, Toblerplatz"
474;718;"TONA";"Zürich, Toni-Areal"
715;3769;"TFUS";"Zürich, Trichtenhausenfussweg"
714;6416;"TRSA";"Zürich, Trichtisal"
178;2680;"TRIE";"Zürich, Triemli"
455;2682;"TRIS";"Zürich, Triemlispital"
244;2707;"TUEF";"Zürich, Tüffenwies"
799;2688;"TULP";"Zürich, Tulpenstrasse"
128;2689;"TUNN";"Zürich, Tunnelstrasse"
149;2722;"UETL";"Zürich, Uetlihof"
53;1334;"IRCH";"Zürich, Universität Irchel"
110;2737;"UAFF";"Zürich, Unteraffoltern"
451;2754;"UNTM";"Zürich, Untermoosstrasse"
82;2776;"VERE";"Zürich, Verenastrasse"
418;2779;"VOGE";"Zürich, Vogelsangstrasse"
62;2788;"VOLT";"Zürich, Voltastrasse"
232;3588;"VULK";"Zürich, Vulkanstrasse"
490;6019;"WAFB";"Zürich, Waffenplatz-/Bederstr."
145;2795;"WAFF";"Zürich, Waffenplatzstrasse"
374;2799;"WAIB";"Zürich, Waidbadstrasse"
801;2800;"WAIF";"Zürich, Waidfussweg"
108;2801;"WAIH";"Zürich, Waidhof"
372;2803;"WAIS";"Zürich, Waidspital"
380;2814;"WALD";"Zürich, Waldgarten"
39;2815;"WDOL";"Zürich, Waldhaus Dolder"
448;2831;"WART";"Zürich, Wartau"
434;2836;"WASE";"Zürich, Waserstrasse"
371;2858;"WEIH";"Zürich, Weihersteig"
171;6238;"WERE";"Zürich, Werd"
230;2872;"WERD";"Zürich, Werdhölzli"
465;2879;"WETL";"Zürich, Wetlistrasse"
626;2889;"WIDM";"Zürich, Widmerstrasse"
399;2899;"WIES";"Zürich, Wieslergasse"
716;3772;"WACH";"Zürich, Wiesliacher"
294;2907;"WILD";"Zürich, Wildbachstrasse"
58;2924;"WINK";"Zürich, Winkelriedstrasse"
243;2934;"WINH";"Zürich, Winzerhalde"
449;2935;"WINZ";"Zürich, Winzerstrasse"
241;6015;"WINS";"Zürich, Winzerstrasse Süd"
615;2937;"WIPK";"Zürich, Wipkingerplatz"
152;2950;"WOLP";"Zürich, Wollishoferplatz"
90;2956;"WONE";"Zürich, Wonnebergstrasse"
477;6648;"WURZ";"Zürich, Würzgraben"
113;2968;"ZEHN";"Zürich, Zehntenhausplatz"
435;617;"ZENW";"Zürich, Zentrum Witikon"
728;2998;"ZIEL";"Zürich, Zielweg"
73;3005;"ZOO";"Zürich, Zoo"
263;4;"ZOOF";"Zürich, Zoo/Forrenweid"
71;3045;"ZUER";"Zürich, Zürichbergstrasse"
438;3011;"ZWEI";"Zürich, Zweiackerstrasse"
447;3015;"ZWIE";"Zürich, Zwielplatz"
204;3018;"ZWIN";"Zürich, Zwinglihaus"
273;3019;"ZYPR";"Zürich, Zypressenstrasse"
203;1357;"KALK";"Zürich,Kalkbreite/Bhf.Wiedikon"
44;6594;"AHOR";"Adliswil, Ahornweg"
639;148;"ABAD01";"Adliswil, Badstrasse"
641;28;"BADL01";"Adliswil, Bahnhof"
738;1004;"BALD01";"Adliswil, Baldernstrasse"
736;514;"BACK01";"Adliswil, Bodenacker"
733;602;"BUEC01";"Adliswil, Büchel"
638;7041;"ADIE01";"Adliswil, Dietlimoos"
735;830;"FBLU01";"Adliswil, Feldblumenstrasse"
640;6961;"AGRU";"Adliswil, Grundstrasse"
644;6437;"GRUT";"Adliswil, Grüt"
45;1227;"HOFA01";"Adliswil, Hofackerstrasse"
642;1462;"KROA01";"Adliswil, Krone"
732;1496;"LANJ01";"Adliswil, Landolt-Junker-Str."
637;6592;"ADMO";"Adliswil, Moos"
734;2006;"POST01";"Adliswil, Poststrasse"
739;2087;"RIFE01";"Adliswil, Rifertstrasse"
740;2280;"SHKO01";"Adliswil, Schulhaus Kopfholz"
636;7042;"ASUN01";"Adliswil, Sunnau"
643;2660;"TIAK01";"Adliswil, Tiefacker"
731;2830;"WANH01";"Adliswil, Wanneten-/Haldenstr."
737;2015;"ADZOPF01";"Adliswil, Zopf"
679;6600;"IMBR";"Aesch bei Maur, Im Brünneli"
680;6599;"ZOLL";"Aesch bei Maur, Zollingerheim"
612;445;"BEBO";"Benglen, Bodenacher"
611;446;"BGER";"Benglen, Gerlisbrunnen"
613;6778;"BLAN";"Benglen, Langwis"
565;425;"DBAL";"Bergdietikon, Baltenschwil"
563;457;"BERL";"Bergdietikon, Bergli"
562;466;"BOLD";"Bergdietikon, Bernold"
566;729;"DUEN";"Bergdietikon, Dünni"
499;6855;"GAL2";"Bergdietikon, Garage 2 LIBU"
564;2085;"RIEW";"Bergdietikon, Rietwies"
561;2789;"VORB";"Bergdietikon, Vorbühl"
755;6740;"BERKES";"Berikon, Kesslernmatt"
758;6211;"BERKIR";"Berikon, Kirche"
757;6212;"BERKREI";"Berikon, Kreisschule"
760;6209;"BERMAT";"Berikon, Mattenhof"
759;6210;"BERSTA";"Berikon, Stalden"
756;6213;"BERWID";"Berikon-Widen, Bahnhof"
540;6779;"BBAU";"Binz bei Maur, Bautacher"
538;3467;"FMAT";"Binz bei Maur, Fridlimatt"
539;490;"BGAS";"Binz bei Maur, Gassacher"
610;6999;"TWÄR";"Binz bei Maur, Twäracher"
575;501;"BIRBAH";"Birmensdorf ZH, Bahnhof"
804;6976;"BIRBAS";"Birmensdorf ZH, Bahnhof Süd"
688;1770;"BIROBE";"Birmensdorf ZH, Obere Risi"
574;6744;"RIST";"Birmensdorf ZH, Ristet"
687;2570;"BIRWSL";"Birmensdorf ZH, Sternen/WSL"
689;2748;"BIRUNT";"Birmensdorf ZH, Untere Risi"
776;6249;"BREBAH";"Bremgarten AG, Bahnhof"
775;6717;"BREBIB";"Bremgarten AG, Bibenlos"
778;7115;"BKAS";"Bremgarten AG, Kaserne"
781;7118;"BMEY";"Bremgarten AG, Meyerhof"
777;6484;"BREOBE";"Bremgarten AG, Obertorplatz"
779;7116;"BSTO";"Bremgarten AG, Stockweier"
780;7117;"BWAG";"Bremgarten AG, Waage"
782;7119;"BWES";"Bremgarten AG, West"
569;657;"BDIE";"Dietikon, Bahnhof"
767;454;"BERF";"Dietikon, Bergfrieden"
217;502;"BIRM";"Dietikon, Birmensdorferstrasse"
571;725;"DOER";"Dietikon, Dörfli"
210;6038;"GALI";"Dietikon, Garage Limmatbus AG"
621;6693;"DGYR";"Dietikon, Gyrhalden"
582;1091;"HAGA";"Dietikon, Hagackerstrasse"
618;1265;"HATS";"Dietikon, Hätschen"
576;6894;"DHEI";"Dietikon, Heimstrasse"
572;1226;"HACK";"Dietikon, Hofacker"
623;6695;"DLAE";"Dietikon, Lätten"
583;1540;"LERZ";"Dietikon, Lerzen"
567;1616;"MARW";"Dietikon, Marmori-Weiher"
581;2399;"DMOO";"Dietikon, Moosmatt"
619;1758;"ODIE";"Dietikon, Oberdorf"
753;1843;"OETW";"Dietikon, Oetwilerstrasse"
584;1868;"PEST";"Dietikon, Pestalozzi"
585;1039;"DRAP";"Dietikon, Rapidplatz"
766;7107;"DSCH";"Dietikon, Schöneggstrasse"
219;3472;"SWER";"Dietikon, Schönenwerd"
580;6262;"DSIL";"Dietikon, Silbern"
570;2406;"SOME";"Dietikon, Sommerau"
616;6261;"STHA";"Dietikon, Stadthalle Ost"
568;3344;"DSTA";"Dietikon, Stadthaus"
620;2471;"STAF";"Dietikon, Staffelackerstrasse"
617;2569;"STEA";"Dietikon, Stelzenacker"
768;7108;"DSTO";"Dietikon, Stoffelbach"
220;7066;"DWAB";"Dietikon, Wasserburg"
622;6694;"WEST";"Dietikon, Weidstrasse"
624;6698;"DWEI";"Dietikon, Weinberg"
752;7073;"DZEN";"Dietikon, Zentrum"
258;81;"ALTZ07";"Dübendorf, Alterszentrum"
557;6660;"DARI07";"Dübendorf, Am Ring"
254;2422;"DBRE07";"Dübendorf, Breitibach"
725;6986;"DHOS07";"Dübendorf, Hochbord Süd"
256;1228;"HOFF07";"Dübendorf, Hoffnung"
252;1273;"DHOG07";"Dübendorf, Högler"
259;1478;"KAMM07";"Dübendorf, Kämmaten"
251;1414;"KWIL07";"Dübendorf, Kirche Wil"
558;3785;"RINW07";"Dübendorf, Ringwiesen"
255;6346;"DSON07";"Dübendorf, Sonnental"
253;2838;"DWAS07";"Dübendorf, Wasserfurren"
596;738;"EBDO";"Ebmatingen, Dorf"
597;1527;"LEEA";"Ebmatingen, Leeacherstrasse"
595;1583;"MLOR";"Ebmatingen, Looren"
534;6591;"GAAN";"Effretikon, Garage Andres"
8;12487;"EGG99";"Egg"
10;12488;"EMMA99";"Emmat"
11;10804;"ESSL99";"Esslingen"
542;815;"FAAU";"Fahrweid, Au"
543;548;"BRUS";"Fahrweid, Brunaustrasse"
541;1556;"LIMB";"Fahrweid, Limmatbrücke"
250;544;"FBRU";"Fällanden, Bruggacher"
605;750;"EGGL";"Fällanden, Eggler"
248;947;"FAEL";"Fällanden, Gemeindehaus"
602;1324;"FAEI";"Fällanden, Industrie"
266;3133;"FJUG";"Fällanden, Jugendherberge"
246;1723;"FNEU";"Fällanden, Neuhus"
606;2335;"SHUA";"Fällanden, Schützenhaus"
247;3368;"FWIG";"Fällanden, Wigarten"
249;2999;"FZIL";"Fällanden, Zil"
4;12492;"FOR99";"Forch"
3;6046;"DEPF";"Forch, Depot Forchbahn"
518;701;"DOGE";"Geroldswil, Dorfstrasse"
544;1028;"GRIN";"Geroldswil, Grindlen"
588;2303;"SWAK";"Geroldswil, Schweizäcker"
517;2869;"WELB";"Geroldswil, Welbrig"
519;2982;"ZENT";"Geroldswil, Zentrum"
218;3727;"GLAN";"Glanzenberg, Bahnhof"
546;994;"BGLA07";"Glattbrugg, Bahnhof"
742;909;"FROH07";"Glattbrugg, Frohbühlstrasse"
698;3247;"GHOF07";"Glattbrugg, Glatthof"
743;1925;"PGLA07";"Glattbrugg, Post"
745;2082;"RIE07";"Glattbrugg, Riethofstrasse"
548;2758;"UNTR07";"Glattbrugg, Unterriet"
744;992;"GLAG07";"Glattbrugg, Zentrum"
461;6461;"GGLA07";"Glattpark"
694;6510;"GCHA07";"Glattpark, Chavez-Allee"
695;6455;"GLIB07";"Glattpark, Lindbergh-Allee"
545;6508;"GLIN07";"Glattpark, Lindberghplatz"
693;6767;"GWRI07";"Glattpark, Wright-Strasse"
261;1006;"GDOR";"Gockhausen, Dorf"
260;6214;"URSP";"Gockhausen, Ursprungstrasse"
793;7130;"HDOR";"Hilfikon, Dorf"
794;7131;"HSAN";"Hilfikon, Sandbüel"
7;12500;"HIE99";"Hinteregg"
590;1341;"ITDO";"Itschnach, Dorf"
589;1342;"ITFA";"Itschnach, Fallacher"
591;2038;"REBW";"Itschnach, Rebweg"
592;2695;"TAEG";"Itschnach, Tägermoos"
632;75;"ALZE";"Kilchberg ZH, Alterszentrum"
48;118;"AUFB";"Kilchberg ZH, Auf Brunnen"
633;589;"BAEC";"Kilchberg ZH, Bächlerstrasse"
51;1391;"BKIL";"Kilchberg ZH, Bahnhof"
342;3775;"BEND";"Kilchberg ZH, Bendlikon"
630;6782;"KBRE";"Kilchberg ZH, Breitloo"
678;1018;"GOBI";"Kilchberg ZH, Gottlieb-Binder"
356;1249;"HORN";"Kilchberg ZH, Hornhaldenstr."
47;1401;"KILB";"Kilchberg ZH, Kirche"
359;1457;"KREK";"Kilchberg ZH, Kreuzstrasse"
629;7069;"KLAE";"Kilchberg ZH, Lätten"
343;1577;"LISP";"Kilchberg ZH, Lindt & Sprüngli"
46;7067;"KNEU";"Kilchberg ZH, Neuweid"
357;1863;"PAKI";"Kilchberg ZH, Paradiessteig"
341;1864;"PARU";"Kilchberg ZH, Paradiesstrasse"
358;2154;"SANK";"Kilchberg ZH, Sanatorium"
676;2239;"SLIM";"Kilchberg ZH, Schlimbergstr."
677;2264;"SOKI";"Kilchberg ZH, Schoorenstrasse"
49;2304;"KSCH";"Kilchberg ZH, Schwelle"
43;1440;"KSPI";"Kilchberg ZH, Spital"
631;2580;"STOG";"Kilchberg ZH, Stockengut"
355;2859;"WEIK";"Kilchberg ZH, Weinbergstrasse"
50;2277;"SHDO";"Kilchberg ZH,Schulhaus Dorfstr"
559;1397;"KIND";"Kindhausen AG"
560;757;"EIHH";"Kindhausen AG, Eichholz"
549;6506;"BABH07";"Kloten Balsberg, Bahnhof"
746;422;"BALS07";"Kloten, Balsberg Hardacher"
750;527;"BRAM07";"Kloten, Bramen"
748;6266;"KLAE07";"Kloten, Lägernstrasse"
749;6264;"KNEU07";"Kloten, Neubrunnenstrasse"
751;7019;"WALW07";"Kloten, Waldeggweg"
315;54;"KALL";"Küsnacht ZH, Allmend"
704;1488;"BKUE";"Küsnacht ZH, Bahnhof"
311;462;"BEST";"Küsnacht ZH, Bergstrasse"
307;516;"BOGL";"Küsnacht ZH, Boglerenstrasse"
305;610;"BUEH";"Küsnacht ZH, Bühlstrasse"
707;933;"GART";"Küsnacht ZH, Gartenstrasse"
306;1011;"GOBA";"Küsnacht ZH, Goldbacherstrasse"
706;1106;"HABA";"Küsnacht ZH, Hallenbad"
313;1182;"HESL";"Küsnacht ZH, Hesligenstrasse"
312;1189;"HIST";"Küsnacht ZH, Himmelistrasse"
310;1769;"OBHE";"Küsnacht ZH, Obere Heslibachst"
708;1779;"OBFE";"Küsnacht ZH, Oberfeld"
309;1818;"OBWA";"Küsnacht ZH, Oberwacht"
314;2122;"RAEN";"Küsnacht ZH, Ränkestrasse"
705;2043;"RKIK";"Küsnacht ZH, Reform. Kirche"
594;2167;"SIHG";"Küsnacht ZH, Schiedhaldensteig"
308;2168;"SIHE";"Küsnacht ZH, Schiedhaldenstr."
593;2327;"SUEB";"Küsnacht ZH, Schübel"
703;3744;"ZENK";"Küsnacht ZH, Zentrum"
9;12504;"LWIE99";"Langwies ZH"
12;12506;"MAI99";"Maiacher"
267;3134;"MASC";"Maur, Aschbach"
268;678;"MDOR";"Maur, Dorf"
269;1403;"MKIR";"Maur, Kirche"
614;1892;"MPLA";"Maur, Platten"
270;2342;"MSEE";"Maur, See"
23;12508;"NFOR99";"Neue Forch"
6;12509;"NHA99";"Neuhaus bei Hinteregg"
239;748;"EGGB";"Oberengstringen, Eggbühl"
238;1516;"LANZ";"Oberengstringen, Lanzrain"
236;1862;"PAEN";"Oberengstringen, Paradies"
237;2984;"OBEE";"Oberengstringen, Zentrum"
761;6208;"OBLIBÜN";"Oberwil-Lieli, Bündtenmättli"
762;6207;"OBEDRE";"Oberwil-Lieli, Dreispitz"
765;6204;"OBEENG";"Oberwil-Lieli, Englisächer"
763;6206;"OBLIMO";"Oberwil-Lieli, Im Moos"
764;6205;"OBLIDO";"Oberwil-Lieli, Lieli Dorf"
577;7020;"OSCH";"Oetwil a.d.L., Schweizäcker"
586;7065;"OGAS";"Oetwil an der Limmat, Gässliacker"
578;1094;"OHAL";"Oetwil an der Limmat, Halde"
587;1759;"OBDO";"Oetwil an der Limmat, Oberdorf"
579;1964;"OZEN";"Oetwil an der Limmat, Zentrum"
696;2286;"SCHU07";"Opfikon, Schulstrasse"
697;6808;"OSCH07";"Opfikon, Schwimmbad"
609;833;"FELH";"Pfaffhausen, Feldhof"
535;1873;"PMUE";"Pfaffhausen, Müseren"
607;1871;"PFAF";"Pfaffhausen, Pfaffenstein"
608;2622;"SAGG";"Pfaffhausen, Sängglen"
769;2514;"REPP";"Reppischhof, Station"
771;7110;"RHOF";"Rudolfstetten, Hofacker"
770;7109;"RSTA";"Rudolfstetten, Station"
547;6507;"RBAU07";"Rümlang, Bäuler"
346;3186;"RUEB";"Rüschlikon, Bahnhof"
349;443;"BELV";"Rüschlikon, Belvoir"
345;515;"BODE";"Rüschlikon, Bodengasse"
352;6448;"EGGR";"Rüschlikon, Eggrain"
348;1505;"LANH";"Rüschlikon, Langhaldenstrasse"
351;6447;"LRAI";"Rüschlikon, Loorain"
353;1657;"MOOS";"Rüschlikon, Moosstrasse"
354;6492;"RPAR";"Rüschlikon, Park im Grüene"
668;6009;"RREB";"Rüschlikon, Rebsteig"
350;3187;"RSAU";"Rüschlikon, Säumerstrasse"
344;410;"BSRU";"Rüschlikon, Schlossstrasse"
347;2852;"WEID";"Rüschlikon, Weidstrasse"
796;7133;"SALT";"Sarmenstorf, Altersheim"
797;7134;"SKIR";"Sarmenstorf, Kirche"
798;7135;"SHAU";"Sarmenstorf, Schulhaus"
795;7132;"SVOR";"Sarmenstorf, Vorstadt"
5;12166;"SCH99";"Scheuren"
681;2166;"SCHE";"Scheuren, Station"
223;6299;"SAMR";"Schlieren, Am Rietpark"
224;6347;"SCHB";"Schlieren, Bahnhof"
226;6234;"SCHN";"Schlieren, Bahnhof Nord"
508;550;"BRUG";"Schlieren, Brunngasse"
509;838;"FSTR";"Schlieren, Feldstrasse"
284;935;"GASO";"Schlieren, Gasometerbrücke"
286;7003;"SGEI";"Schlieren, Geissweid"
222;6298;"SGOL";"Schlieren, Goldschlägistrasse"
506;1151;"HEIM";"Schlieren, Heimeliweg"
228;1327;"IGAS";"Schlieren, Industrie Gaswerk"
221;7000;"SMEU";"Schlieren, Meuchwis"
283;1690;"MULL";"Schlieren, Mülligen"
507;1694;"NASS";"Schlieren, Nassacker"
227;2141;"RUST";"Schlieren, Rütistrasse"
505;2436;"SPLI";"Schlieren, Spital Limmattal"
510;2631;"TAWI";"Schlieren, Talacker-Windegg"
285;2798;"WAGO";"Schlieren, Wagonsfabrik"
225;2236;"SCHL";"Schlieren, Zentrum/Bahnhof"
604;2307;"BSCH";"Schwerzenbach ZH, Bahnhof"
603;684;"DORS";"Schwerzenbach ZH, Dorf"
16;12438;"SZFB99";"Spital Zollikerberg"
601;6958;"SGLA";"Spreitenbach, Glattler"
671;2412;"FELD01";"Thalwil, Feldstrasse"
673;1684;"MUBA01";"Thalwil, Mühlebachplatz"
675;3378;"PTHA01";"Thalwil, Post"
672;2333;"THSH01";"Thalwil, Schützenhaus"
669;4108;"SEHA01";"Thalwil, Seehaldenstrasse"
670;6856;"TSON01";"Thalwil, Sonnenberg"
674;2989;"TZEN01";"Thalwil, Zentrum"
690;687;"UITDOR";"Uitikon, Dorf"
513;29;"AEGU";"Unterengstringen, Aegelsee"
512;743;"ECKS";"Unterengstringen, Eckstein"
235;1498;"LANA";"Unterengstringen, Langacher"
511;6724;"ULAN";"Unterengstringen, Langwisen"
234;6825;"USEN";"Unterengstringen, Sennenbüel"
245;2751;"USNO";"Unterengstringen, Sennenbüel N"
500;2767;"BWEI";"Urdorf Weihermatt, Bahnhof"
504;831;"FEGG";"Urdorf, Feldegg"
573;6297;"HEIN";"Urdorf, Heinrich-Stutz-Strasse"
214;1725;"NEUT";"Urdorf, Neumatt"
502;1726;"NMAT";"Urdorf, Neumattstrasse"
215;1731;"NURD";"Urdorf, Niederurdorf"
211;3589;"OBUR";"Urdorf, Oberurdorf"
503;2024;"RAIW";"Urdorf, Rainweg"
212;3590;"SONU";"Urdorf, Sonne"
213;2440;"SPIT";"Urdorf, Spitzacker"
501;2732;"UITI";"Urdorf, Uitikonerstrasse"
216;1178;"URDN";"Urdorf, Urdorf-Nord"
789;7126;"VBIR";"Villmergen, Birkenweg"
790;7127;"VFEL";"Villmergen, Feldblumenweg"
792;7129;"VOBE";"Villmergen, Oberdorf"
791;7128;"VZEN";"Villmergen, Zentrum"
710;3740;"VHOF07";"Volketswil, Hofwisen"
709;632;"VCHL07";"Volketswil, Volkiland Chliriet"
42;7059;"GARR01";"Wädenswil, Garage Rütihof"
17;12807;"WAB99";"Waldburg"
531;2807;"WABG";"Waldburg, Station"
685;3356;"WALBIR";"Waldegg, Birmensdorferstrasse"
686;6907;"WALLEU";"Waldegg, Leuen"
691;1991;"WALPOS";"Waldegg, Post"
554;2820;"BWAL07";"Wallisellen, Bahnhof"
553;439;"BELA07";"Wallisellen, Belair"
36;2983;"WGLA";"Wallisellen, Glatt (Bus)"
555;6735;"WGLA07";"Wallisellen, Glatt (Tram)"
552;1176;"HRTI07";"Wallisellen, Herti"
556;6659;"WNEU07";"Wallisellen, Neugut"
14;12826;"WAL99";"Waltikon"
520;3183;"AEGW";"Weiningen ZH, Aegelsee"
514;125;"AUSW";"Weiningen ZH, Ausserdorf"
515;1571;"WLIN";"Weiningen ZH, Lindenplatz"
516;2268;"SWEI";"Weiningen ZH, Schulhaus"
754;6721;"WIDDOR";"Widen, Dorf"
772;7112;"WHEI";"Widen, Heinrüti"
786;7123;"WBHF";"Wohlen AG, Bahnhof"
784;7121;"WBUE";"Wohlen AG, Bünzstrasse"
785;7122;"WCOP";"Wohlen AG, Coop"
788;7125;"WFRE";"Wohlen AG, Freiämterhof"
783;7120;"WHAL";"Wohlen AG, Haldenschulen"
787;7124;"WMIG";"Wohlen AG, Migros"
87;3044;"BWST";"Zch, Bhf.Wollishofen/Staubstr."
532;6254;"LAEN";"Zollikerb., Langägerten/Spital"
15;13002;"ZOB99";"Zollikerberg"
712;3826;"HASE";"Zollikerberg, Hasenbart"
598;2375;"SENN";"Zollikerberg, Sennhof"
711;3756;"SZOL";"Zollikerberg, Spital"
533;3002;"ZOBE";"Zollikerberg, Station"
599;7038;"ZSTQ";"Zollikerberg, Station/Q treff"
713;3747;"TRIC";"Zollikerberg, Trichtenhauserm."
528;53;"ZALL";"Zollikon, Allmend"
526;3003;"BZOL";"Zollikon, Bahnhof"
300;418;"BUEB";"Zollikon, Bahnübergang"
303;476;"BEUG";"Zollikon, Beugi"
302;715;"DUFP";"Zollikon, Dufourplatz"
301;824;"FBST";"Zollikon, Felbenstrasse"
316;6044;"GAAZ";"Zollikon, Garage G.-Maurer-Str"
525;961;"GDEH";"Zollikon, Gemeindehaus"
304;1013;"GOHA";"Zollikon, Goldhaldenplatz"
527;1277;"HSTR";"Zollikon, Höhestrasse"
94;6923;"ZNIE";"Zollikon, Niederhofenrain"
530;2040;"RWIE";"Zollikon, Rebwiesstrasse"
524;3595;"ZROT";"Zollikon, Rotfluhstrasse"
529;2341;"SUET";"Zollikon, Schützenstrasse"
600;2363;"SEES";"Zollikon, Seestrasse"
773;7113;"ZHAM";"Zufikon, Hammergut"
774;7114;"ZSTA";"Zufikon, Station"
13;12543;"ZUMI99";"Zumikon"
700;705;"DOZE";"Zumikon, Dorfzentrum"
702;1075;"GOES";"Zumikon, Gössikon"
701;2826;"WALT";"Zumikon, Waltikon"
550;3027;"FLUG07";"Zürich Flughafen, Bahnhof"
551;6232;"FRAF07";"Zürich Flughafen, Fracht"
747;2873;"WERF07";"Zürich Flughafen, Werft"
476;7;"AARG";"Zürich, Aargauerstrasse"
151;46;"ALBG";"Zürich, Albisgütli"
360;3797;"ARAN";"Zürich, Albisrank"
453;47;"ALBR";"Zürich, Albisrieden"
452;3705;"ALBD";"Zürich, Albisriederdörfli"
274;48;"ALBP";"Zürich, Albisriederplatz"
803;67;"ATRO";"Zürich, Alte Trotte"
89;70;"ALTE";"Zürich, Altenhofstrasse"
421;1446;"AKRE";"Zürich, Altes Krematorium"
662;3706;"AHOS";"Zürich, Althoos"
35;88;"ALTR";"Zürich, Altried"
654;3150;"AMBO";"Zürich, Am Börtli"
324;92;"AMSU";"Zürich, Am Suteracher"
653;3151;"APPE";"Zürich, Appenzellerstrasse"
122;6627;"ASPH";"Zürich, Aspholz"
32;114;"AUBR";"Zürich, Aubrücke"
393;128;"AUSS";"Zürich, Ausserdorfstrasse"
463;132;"ZAUZ";"Zürich, Auzelg"
729;134;"AUZO";"Zürich, Auzelg Ost"
280;137;"BACH";"Zürich, Bachmattstrasse"
186;1234;"BANL";"Zürich, Bäckeranlage"
458;144;"BADA";"Zürich, Bad Allenmoos"
112;3021;"BAFF";"Zürich, Bahnhof Affoltern"
329;3022;"BALT";"Zürich, Bahnhof Altstetten"
233;5001;"BALN";"Zürich, Bahnhof Altstetten N"
69;3026;"ENGE";"Zürich, Bahnhof Enge"
144;199;"BEDE";"Zürich, Bahnhof Enge/Bederstr."
189;3029;"HSBB";"Zürich, Bahnhof Hardbrücke"
76;2547;"BLEI";"Zürich, Bahnhof Leimbach"
25;3034;"BOER";"Zürich, Bahnhof Oerlikon"
440;6255;"BOEN";"Zürich, Bahnhof Oerlikon Nord"
154;3447;"BOEO";"Zürich, Bahnhof Oerlikon Ost"
184;2551;"BSEL";"Zürich, Bahnhof Selnau"
22;3039;"BSTA";"Zürich, Bahnhof Stadelhofen"
257;2575;"BSTE";"Zürich, Bahnhof Stettbach"
295;3041;"BTIE";"Zürich, Bahnhof Tiefenbrunnen"
172;3042;"BWIE";"Zürich, Bahnhof Wiedikon"
404;3043;"BWIP";"Zürich, Bahnhof Wipkingen"
86;7022;"BAWO";"Zürich, Bahnhof Wollishofen"
167;412;"BPLA";"Zürich, Bahnhofplatz/HB"
133;413;"BQUA";"Zürich, Bahnhofquai/HB"
132;416;"BSTR";"Zürich, Bahnhofstrasse/HB"
19;421;"BALG";"Zürich, Balgrist"
96;7106;"BALO";"Zürich, Balgrist Ost"
231;592;"BAEN";"Zürich, Bändliweg"
363;427;"BASL";"Zürich, Baslerstrasse"
165;435;"BECK";"Zürich, Beckenhof"
66;440;"BELL";"Zürich, Bellevue"
436;455;"BERH";"Zürich, Berghaldenstrasse"
38;459;"BDOL";"Zürich, Bergstation Dolderbahn"
159;465;"BERN";"Zürich, Berninaplatz"
142;467;"BERO";"Zürich, Bernoulli-Häuser"
482;468;"BERT";"Zürich, Bertastrasse"
667;3587;"BERU";"Zürich, Berufswahlschule"
489;470;"BESE";"Zürich, Besenrainstrasse"
425;471;"BETH";"Zürich, Bethanien"
287;478;"BEZI";"Zürich, Bezirksgebäude"
634;6700;"ENGEPAU";"Zürich, Bhf Enge Pausenplatz"
337;3774;"BWOW";"Zürich, Bhf. Wollishofen/Werft"
125;488;"BILO";"Zürich, Billoweg"
649;493;"BINZ";"Zürich, Binz"
652;3714;"BINC";"Zürich, Binz Center"
392;497;"BIGL";"Zürich, Birch-/Glatttalstrasse"
194;498;"BIRD";"Zürich, Birchdörfli"
265;3445;"BIBE";"Zürich, Bircher-Benner"
441;3449;"BIRC";"Zürich, Birchstrasse"
646;508;"BLEU";"Zürich, Bleulerstrasse"
121;6626;"BLUM";"Zürich, Blumenfeldstrasse"
384;3789;"BOLL";"Zürich, Bollingerweg"
88;3645;"BOGA";"Zürich, Botanischer Garten"
328;542;"BRIS";"Zürich, Bristenstrasse"
486;546;"BRUM";"Zürich, Brunau/Mutschellenstr."
126;547;"BRUN";"Zürich, Brunaustrasse"
192;564;"BUCH";"Zürich, Bucheggplatz"
720;3787;"BUHO";"Zürich, Buchholz"
719;3773;"BUZE";"Zürich, Buchzelgstrasse"
387;573;"BUHN";"Zürich, Buhnstrasse"
466;580;"BURG";"Zürich, Burgwies"
67;615;"BURK";"Zürich, Bürkliplatz"
83;586;"BUTZ";"Zürich, Butzenstrasse"
299;619;"CENT";"Zürich, Central"
442;3450;"CHAL";"Zürich, Chaletweg"
318;3717;"CHIN";"Zürich, Chinagarten"
635;649;"DANG";"Zürich, Dangelstrasse"
124;6055;"DEP2";"Zürich, Depot 2 Wollishofen"
271;6030;"DEP4";"Zürich, Depot 4 Elisabethenstr"
52;6032;"DEP7";"Zürich, Depot 7 Irchel"
153;6033;"DEP8";"Zürich, Depot 8 Oerlikon"
37;6421;"DEPD";"Zürich, Depot Dolderbahn"
478;6425;"DEP1";"Zürich, Depot1 Zentralwerkst"
382;694;"DORF";"Zürich, Dorflinde"
31;708;"DREI";"Zürich, Dreispitz"
264;711;"DREW";"Zürich, Dreiwiesen"
433;713;"DRUS";"Zürich, Drusbergstrasse"
322;716;"DUNK";"Zürich, Dunkelhölzli"
114;767;"EINF";"Zürich, Einfangstrasse"
317;769;"ELWA";"Zürich, Elektrowatt"
182;788;"ENGV";"Zürich, Englischviertelstrasse"
92;3594;"EPIK";"Zürich, EPI-Klinik"
802;800;"EGUT";"Zürich, Eschergutweg"
139;799;"EWYS";"Zürich, Escher-Wyss-Platz"
377;735;"ETHH";"Zürich, ETH Hönggerberg"
60;736;"ETHZ";"Zürich, ETH/Universitätsspital"
741;3446;"ETTE";"Zürich, Ettenfeld"
281;821;"FARB";"Zürich, Farbhof"
291;832;"FELD";"Zürich, Feldeggstrasse"
480;840;"FELL";"Zürich, Fellenbergstrasse"
155;845;"FELS";"Zürich, Felsenrainstrasse"
462;6460;"ZFER";"Zürich, Fernsehstudio"
325;852;"FEUS";"Zürich, Feusisbergli"
141;857;"FWEG";"Zürich, Fischerweg"
105;859;"FLOB";"Zürich, Flobotstrasse"
91;868;"FLUE";"Zürich, Flühgasse"
361;867;"FLUR";"Zürich, Flurstrasse"
140;927;"FOER";"Zürich, Förrlibuckstrasse"
240;872;"FRAN";"Zürich, Frankental"
412;3466;"FRST";"Zürich, Freiestrasse"
276;883;"FREI";"Zürich, Freihofstrasse"
381;888;"FRIA";"Zürich, Friedackerstrasse"
333;893;"FEIC";"Zürich, Friedhof Eichbühl"
467;894;"ENZE";"Zürich, Friedhof Enzenbühl"
657;895;"FHOE";"Zürich, Friedhof Hönggerberg"
665;896;"FSWA";"Zürich, Friedhof Schwandenholz"
481;897;"FSIH";"Zürich, Friedhof Sihlfeld"
727;898;"FUET";"Zürich, Friedhof Uetliberg"
536;899;"FWIT";"Zürich, Friedhof Witikon"
378;901;"FRDR";"Zürich, Friedrichstrasse"
206;902;"FRIB";"Zürich, Friesenberg"
726;903;"FRIH";"Zürich, Friesenberghalde"
207;904;"FRIE";"Zürich, Friesenbergstrasse"
379;908;"FROB";"Zürich, Frohburg"
293;917;"FROE";"Zürich, Fröhlichstrasse"
111;914;"FRON";"Zürich, Fronwald"
75;916;"FRYM";"Zürich, Frymannstrasse"
74;6034;"GAR6";"Zürich, Garage 6 Hardau"
24;6035;"GAR9";"Zürich, Garage 9 Hagenholz"
365;944;"GEER";"Zürich, Geeringstrasse"
100;971;"GERM";"Zürich, Germaniastrasse"
321;972;"GESS";"Zürich, Gessnerallee"
402;979;"GIBL";"Zürich, Giblenstrasse"
496;998;"GLAT";"Zürich, Glattwiesen"
115;1000;"GLAU";"Zürich, Glaubtenstrasse"
444;6975;"GLNO";"Zürich, Glaubtenstrasse Nord"
456;6020;"GLAS";"Zürich, Glaubtenstrasse Süd"
537;3444;"GLOK";"Zürich, Glockenacker"
454;1007;"GOLD";"Zürich, Goldackerweg"
174;1012;"GOLP";"Zürich, Goldbrunnenplatz"
278;1026;"GRIM";"Zürich, Grimselstrasse"
651;489;"GRUB";"Zürich, Grubenstrasse"
320;1041;"GRUN";"Zürich, Grünaustrasse"
162;1061;"GUGG";"Zürich, Guggachstrasse"
187;1076;"GUET";"Zürich, Güterbahnhof"
647;1073;"GUTS";"Zürich, Gutstrasse"
59;1098;"HALB";"Zürich, Haldenbach"
491;1100;"HEGG";"Zürich, Haldenegg"
28;3760;"HALO";"Zürich, Hallenbad Oerlikon"
319;1120;"HARH";"Zürich, Hardhof"
188;1122;"HARP";"Zürich, Hardplatz"
143;2447;"HARD";"Zürich, Hardturm"
464;1138;"HEDW";"Zürich, Hedwigsteig"
470;1139;"HEER";"Zürich, Heerenwiesen"
209;1143;"HEGA";"Zürich, Hegianwandweg"
20;1144;"HEGI";"Zürich, Hegibachplatz"
366;1156;"HEIZ";"Zürich, Heizenholz"
296;1157;"HELM";"Zürich, Helmhaus"
185;1158;"HELV";"Zürich, Helvetiaplatz"
800;1160;"HERB";"Zürich, Herbstweg"
407;1162;"HERD";"Zürich, Herdernstrasse"
430;6998;"HERM";"Zürich, Hermetschloo"
666;1175;"HERT";"Zürich, Hertensteinstrasse"
483;7040;"HERS";"Zürich, Hertersteg"
