"Tagtyp_Id";"Tagtypname";"Bemerkung"
2;"Unbenutzt";
7;"14-A-21";"Jahresfahrplan Mo-Do"
14;"14-B-21";"Neuer Jahresfahrplan ab 30.01 Linien 2, 3, 4, 6, 8, 9, 10, 11, 13, 14"
20;"14-C-21";"Neuer Jahresfahrplan ab 22.02 Linien 29, 80"
24;"14-D-21";"Neuer Jahresfahrplan ab 29.03/12.04 Linien 69, 912, 916, 918, 919"
32;"14-E-21";"Neuer Jahresfahrplan ab 31.05/04.06./05.06./06.06 Linien (6 & 22 Gültig 31.05.-30.11.) 31, 35, 78, 89"
17;"14-PRÜFUNG-21";"Prüfungssession 25.01. - 19.02.2021 & 09.08. - 03.09.2021 Linie 69"
10;"14-SEMESTERFERIEN69-21";"Semesterferien Linie 69"
9;"14-SEMESTERFERIEN80-21";"Semesterferien Linie 80"
6;"15-A-21";"Jahresfahrplan Mo-Fr"
13;"15-B-21";"Neuer Jahresfahrplan ab 30.01 Linien 2, 3, 4, 6, 8, 9, 10, 11, 13, 14"
21;"15-C-21";"Neuer Jahresfahrplan ab 22.02 Linien 29, 80"
23;"15-D-21";"Neuer Jahresfahrplan ab 29.03/12.04 Linien 69, 912, 916, 918, 919"
31;"15-E-21";"Neuer Jahresfahrplan ab 31.05/04.06./05.06./06.06 Linien (6 & 22 Gültig 31.05.-30.11.) 31, 35, 78, 89"
5;"55-A-21";"Jahresfahrplan Freitag"
12;"55-B-21";"Neuer Jahresfahrplan ab 30.01 Linien 2, 3, 4, 6, 8, 9, 10, 11, 13, 14"
22;"55-C-21";"Neuer Jahresfahrplan ab 22.02 Linien 29, 80"
25;"55-D-21";"Neuer Jahresfahrplan ab 29.03/12.04 Linien 69, 912, 916, 918, 919"
30;"55-E-21";"Neuer Jahresfahrplan ab 31.05/04.06./05.06./06.06 Linien (6 & 22 Gültig 31.05.-30.11.) 31, 35, 78, 89"
34;"55-N-21";"Neuer Jahresfahrplan ab 02.07. / 03.07 Nachtbusse"
37;"55-NFB-21";"Neuer Jahresfahrplan ab 02.07. / 03.07 Nachtforchbahn"
18;"55-PRÜFUNG-21";"Prüfungssession 25.01. - 19.02.2021 & 09.08. - 03.09.2021 Linie 69"
11;"55-SEMESTERFERIEN69-21";Semesterferien Linie 69
8;"55-SEMESTERFERIEN80-21";"Semesterferien Linie 80"
4;"66-A-21";"Jahresfahrplan Samstag"
16;"66-B-21";"Neuer Jahresfahrplan ab 30.01 Linien 2, 3, 4, 6, 8, 9, 10, 11, 13, 14"
27;"66-D-21";"Neuer Jahresfahrplan ab 29.03/12.04 Linien 69, 912, 916, 918, 919"
29;"66-E-21";"Neuer Jahresfahrplan ab 31.05/04.06./05.06./06.06 Linien (6 & 22 Gültig 31.05.-30.11.) 31, 35, 78, 89"
33;"66-N-21";"Neuer Jahresfahrplan ab 02.07. / 03.07 Nachtbusse"
36;"66-NFB-21";"Neuer Jahresfahrplan ab 02.07. / 03.07 Nachtforchbahn"
19;"66-PRÜFUNG-21";"Prüfungssession 25.01. - 19.02.2021 & 09.08. - 03.09.2021 Linie 69"
3;"77-A-21";"Jahresfahrplan Sonntag"
15;"77-B-21";"Neuer Jahresfahrplan ab 30.01 Linien 2, 3, 4, 6, 8, 9, 10, 11, 13, 14"
26;"77-D-21";"Neuer Jahresfahrplan ab 29.03/12.04 Linien 69, 912, 916, 918, 919"
28;"77-E-21";"Neuer Jahresfahrplan ab 31.05/04.06./05.06./06.06 Linien (6 & 22 Gültig 31.05.-30.11.) 31, 35, 78, 89"
35;"99-A-21";"Ferienfahrplan Linien 5, 32, 46"
40000002;"Unbenutzt";
