"Haltestellen_Id";"Haltestellennummer";"Haltestellenkurzname";"Haltestellenlangname"
509;6594;"AHOR";"Adliswil, Ahornweg"
511;148;"ABAD01";"Adliswil, Badstrasse"
513;28;"BADL01";"Adliswil, Bahnhof"
507;7041;"ADIE01";"Adliswil, Dietlimoos"
512;6961;"AGRU";"Adliswil, Grundstrasse"
516;6437;"GRUT";"Adliswil, Grüt"
510;1227;"HOFA01";"Adliswil, Hofackerstrasse"
514;1462;"KROA01";"Adliswil, Krone"
506;6592;"ADMO";"Adliswil, Moos"
505;7042;"ASUN01";"Adliswil, Sunnau"
515;2660;"TIAK01";"Adliswil, Tiefacker"
651;6600;"IMBR";"Aesch bei Maur, Im Brünneli"
652;6599;"ZOLL";"Aesch bei Maur, Zollingerheim"
466;445;"BEBO";"Benglen, Bodenacher"
465;446;"BGER";"Benglen, Gerlisbrunnen"
467;6778;"BLAN";"Benglen, Langwis"
444;425;"DBAL";"Bergdietikon, Baltenschwil"
446;457;"BERL";"Bergdietikon, Bergli"
447;466;"BOLD";"Bergdietikon, Bernold"
702;729;"DUEN";"Bergdietikon, Dünni"
573;6855;"GAL2";"Bergdietikon, Garage 2 LIBU"
445;2085;"RIEW";"Bergdietikon, Rietwies"
448;2789;"VORB";"Bergdietikon, Vorbühl"
473;6779;"BBAU";"Binz bei Maur, Bautacher"
472;3467;"FMAT";"Binz bei Maur, Fridlimatt"
438;490;"BGAS";"Binz bei Maur, Gassacher"
464;6999;"TWÄR";"Binz bei Maur, Twäracher"
639;501;"BIRBAH";"Birmensdorf ZH, Bahnhof"
638;6744;"RIST";"Birmensdorf ZH, Ristet"
744;2570;"BIRWSL";"Birmensdorf ZH, Sternen/WSL"
745;2748;"BIRUNT";"Birmensdorf ZH, Untere Risi"
721;3560;"SPHE07";"D'dorf, Sportanl Heerenschürli"
303;657;"BDIE";"Dietikon, Bahnhof"
498;414;"BSTD";"Dietikon, Bahnhofstrasse"
633;502;"BIRM";"Dietikon, Birmensdorferstrasse"
631;725;"DOER";"Dietikon, Dörfli"
266;6038;"GALI";"Dietikon, Garage Limmatbus AG"
640;990;"GJUC";"Dietikon, Gjuchstrasse"
587;6693;"DGYR";"Dietikon, Gyrhalden"
577;1091;"HAGA";"Dietikon, Hagackerstrasse"
582;1265;"HATS";"Dietikon, Hätschen"
302;6894;"DHEI";"Dietikon, Heimstrasse"
632;1226;"HACK";"Dietikon, Hofacker"
589;6695;"DLAE";"Dietikon, Lätten"
576;1540;"LERZ";"Dietikon, Lerzen"
443;1616;"MARW";"Dietikon, Marmori-Weiher"
578;2399;"DMOO";"Dietikon, Moosmatt"
581;1758;"ODIE";"Dietikon, Oberdorf"
641;1843;"OETW";"Dietikon, Oetwilerstrasse"
575;1868;"PEST";"Dietikon, Pestalozzi"
574;1039;"DRAP";"Dietikon, Rapidplatz"
655;3472;"SWER";"Dietikon, Schönenwerd"
579;6262;"DSIL";"Dietikon, Silbern"
586;2406;"SOME";"Dietikon, Sommerau"
585;6261;"STHA";"Dietikon, Stadthalle Ost"
580;3344;"DSTA";"Dietikon, Stadthaus"
583;2471;"STAF";"Dietikon, Staffelackerstrasse"
584;2569;"STEA";"Dietikon, Stelzenacker"
588;6694;"WEST";"Dietikon, Weidstrasse"
590;6698;"DWEI";"Dietikon, Weinberg"
604;81;"ALTZ07";"Dübendorf, Alterszentrum"
600;2422;"DBRE07";"Dübendorf, Breitibach"
733;3478;"CITC07";"Dübendorf, City Center"
708;6660;"DGIE07";"Dübendorf, Giessen"
735;1054;"GRUZ07";"Dübendorf, Grüzenstrasse"
723;6774;"DHON07";"Dübendorf, Hochbord Nord"
710;6986;"DHOS07";"Dübendorf, Hochbord Süd"
591;1228;"HOFF07";"Dübendorf, Hoffnung"
602;1273;"DHOG07";"Dübendorf, Högler"
593;1478;"KAMM07";"Dübendorf, Kämmaten"
603;1414;"KWIL07";"Dübendorf, Kirche Wil"
736;1451;"DKRE07";"Dübendorf, Kreuzbühl"
732;1627;"MEHO07";"Dübendorf, Meiershofstrasse"
722;3296;"NEUS07";"Dübendorf, Neugut Süd"
709;3785;"RINW07";"Dübendorf, Ringwiesen"
592;6346;"DSON07";"Dübendorf, Sonnental"
601;2838;"DWAS07";"Dübendorf, Wasserfurren"
734;2975;"ZELG07";"Dübendorf, Zelglistrasse"
440;738;"EBDO";"Ebmatingen, Dorf"
439;1527;"LEEA";"Ebmatingen, Leeacherstrasse"
441;1583;"MLOR";"Ebmatingen, Looren"
451;6591;"GAAN";"Effretikon, Garage Andres"
490;12487;"EGG99";"Egg"
492;12488;"EMMA99";"Emmat"
493;10804;"ESSL99";"Esslingen"
300;815;"FAAU";"Fahrweid, Au"
299;548;"BRUS";"Fahrweid, Brunaustrasse"
301;1556;"LIMB";"Fahrweid, Limmatbrücke"
605;544;"FBRU";"Fällanden, Bruggacher"
456;750;"EGGL";"Fällanden, Eggler"
452;947;"FAEL";"Fällanden, Gemeindehaus"
453;1324;"FAEI";"Fällanden, Industrie"
609;3133;"FJUG";"Fällanden, Jugendherberge"
608;1723;"FNEU";"Fällanden, Neuhus"
457;2335;"SHUA";"Fällanden, Schützenhaus"
607;3368;"FWIG";"Fällanden, Wigarten"
606;2999;"FZIL";"Fällanden, Zil"
479;12492;"FOR99";"Forch"
478;6046;"DEPF";"Forch, Depot Forchbahn"
615;6485;"GARG01";"Garage Adliswil"
296;701;"DOGE";"Geroldswil, Dorfstrasse"
298;1028;"GRIN";"Geroldswil, Grindlen"
678;2303;"SWAK";"Geroldswil, Schweizäcker"
295;2869;"WELB";"Geroldswil, Welbrig"
297;2982;"ZENT";"Geroldswil, Zentrum"
654;3727;"GLAN";"Glanzenberg, Bahnhof"
405;994;"BGLA07";"Glattbrugg, Bahnhof"
725;909;"FROH07";"Glattbrugg, Frohbühlstrasse"
728;3247;"GHOF07";"Glattbrugg, Glatthof"
404;6508;"GLIN07";"Glattbrugg, Lindberghplatz"
731;1651;"MODE07";"Glattbrugg, Mode Center TMC"
726;1925;"PGLA07";"Glattbrugg, Post"
407;2758;"UNTR07";"Glattbrugg, Unterriet"
727;992;"GLAG07";"Glattbrugg, Zentrum"
153;6461;"GGLA07";"Glattpark"
595;1006;"GDOR";"Gockhausen, Dorf"
594;6214;"URSP";"Gockhausen, Ursprungstrasse"
489;12500;"HIE99";"Hinteregg"
415;1341;"ITDO";"Itschnach, Dorf"
414;1342;"ITFA";"Itschnach, Fallacher"
416;2038;"REBW";"Itschnach, Rebweg"
417;2695;"TAEG";"Itschnach, Tägermoos"
619;75;"ALHK";"Kilchberg ZH, Altersheim"
344;118;"AUFB";"Kilchberg ZH, Auf Brunnen"
623;589;"BAEC";"Kilchberg ZH, Bächlerstrasse"
616;1391;"BKIL";"Kilchberg ZH, Bahnhof"
550;3775;"BEND";"Kilchberg ZH, Bendlikon"
626;6782;"KBRE";"Kilchberg ZH, Breitloo"
625;6781;"KEMI";"Kilchberg ZH, Emilienheim"
618;1018;"GOBI";"Kilchberg ZH, Gottlieb-Binder"
339;1249;"HORN";"Kilchberg ZH, Hornhaldenstr."
345;1401;"KILB";"Kilchberg ZH, Kirche"
342;1457;"KREK";"Kilchberg ZH, Kreuzstrasse"
551;1577;"LISP";"Kilchberg ZH, Lindt & Sprüngli"
622;3796;"MYTH";"Kilchberg ZH, Mythenstrasse"
624;6780;"KOBE";"Kilchberg ZH, Obere Hornhalde"
340;1863;"PAKI";"Kilchberg ZH, Paradiessteig"
549;1864;"PARU";"Kilchberg ZH, Paradiesstrasse"
341;2154;"SANK";"Kilchberg ZH, Sanatorium"
627;2239;"SLIM";"Kilchberg ZH, Schlimbergstr."
620;2264;"SOKI";"Kilchberg ZH, Schoorenstrasse"
343;2304;"KSCH";"Kilchberg ZH, Schwelle"
508;1440;"KSPI";"Kilchberg ZH, Spital"
621;2580;"STOG";"Kilchberg ZH, Stockengut"
338;2859;"WEIK";"Kilchberg ZH, Weinbergstrasse"
617;2277;"SHDO";"Kilchberg ZH,Schulhaus Dorfstr"
650;3822;"BKIS";"Killwangen, Bahnhof"
450;1397;"KIND";"Kindhausen AG"
449;757;"EIHH";"Kindhausen AG, Eichholz"
408;6506;"BABH07";"Kloten Balsberg, Bahnhof"
20;54;"KALL";"Küsnacht ZH, Allmend"
421;1488;"BKUE";"Küsnacht ZH, Bahnhof"
16;462;"BEST";"Küsnacht ZH, Bergstrasse"
12;516;"BOGL";"Küsnacht ZH, Boglerenstrasse"
10;610;"BUEH";"Küsnacht ZH, Bühlstrasse"
424;933;"GART";"Küsnacht ZH, Gartenstrasse"
11;1011;"GOBA";"Küsnacht ZH, Goldbacherstrasse"
423;1106;"HABA";"Küsnacht ZH, Hallenbad"
18;1182;"HESL";"Küsnacht ZH, Hesligenstrasse"
17;1189;"HIST";"Küsnacht ZH, Himmelistrasse"
15;1769;"OBHE";"Küsnacht ZH, Obere Heslibachst"
425;1779;"OBFE";"Küsnacht ZH, Oberfeld"
14;1818;"OBWA";"Küsnacht ZH, Oberwacht"
19;2122;"RAEN";"Küsnacht ZH, Ränkestrasse"
422;2043;"RKIK";"Küsnacht ZH, Reform. Kirche"
419;2167;"SIHG";"Küsnacht ZH, Schiedhaldensteig"
13;2168;"SIHE";"Küsnacht ZH, Schiedhaldenstr."
418;2327;"SUEB";"Küsnacht ZH, Schübel"
420;3744;"ZENK";"Küsnacht ZH, Zentrum"
491;12504;"LWIE99";"Langwies ZH"
481;12506;"MAI99";"Maiacher"
610;3134;"MASC";"Maur, Aschbach"
470;678;"MDOR";"Maur, Dorf"
469;1403;"MKIR";"Maur, Kirche"
471;1892;"MPLA";"Maur, Platten"
468;2342;"MSEE";"Maur, See"
480;12508;"NFOR99";"Neue Forch"
488;12509;"NHA99";"Neuhaus bei Hinteregg"
272;748;"EGGB";"Oberengstringen, Eggbühl"
271;1516;"LANZ";"Oberengstringen, Lanzrain"
269;1862;"PAEN";"Oberengstringen, Paradies"
270;2984;"OBEE";"Oberengstringen, Zentrum"
679;7020;"OSCH";"Oetwil a.d.L., Schweizäcker"
677;1094;"OHAL";"Oetwil an der Limmat, Halde"
676;1759;"OBDO";"Oetwil an der Limmat, Oberdorf"
675;1964;"OPOS";"Oetwil an der Limmat, Post"
730;2286;"SCHU07";"Opfikon, Schulstrasse"
729;6808;"OSCH07";"Opfikon, Schwimmbad"
460;833;"FELH";"Pfaffhausen, Feldhof"
461;1873;"PMUE";"Pfaffhausen, Müseren"
458;1871;"PFAF";"Pfaffhausen, Pfaffenstein"
459;2622;"SAGG";"Pfaffhausen, Sängglen"
755;641;"CRUZ07";"Regensdorf, Chrüzächer"
756;2986;"ZREG07";"Regensdorf, Zentrum"
406;6507;"RBAU07";"Rümlang, Bäuler"
740;1799;"RGEM07";"Rümlang, Gemeindehaus"
739;6682;"RHOE07";"Rümlang, Hörnlistrasse"
738;1542;"RLET07";"Rümlang, Letten"
741;1763;"ORUE07";"Rümlang, Oberdorf"
554;3186;"RUEB";"Rüschlikon, Bahnhof"
557;443;"BELV";"Rüschlikon, Belvoir"
553;515;"BODE";"Rüschlikon, Bodengasse"
560;6448;"EGGR";"Rüschlikon, Eggrain"
556;1505;"LANH";"Rüschlikon, Langhaldenstrasse"
559;6447;"LRAI";"Rüschlikon, Loorain"
561;1657;"MOOS";"Rüschlikon, Moosstrasse"
562;6492;"RPAR";"Rüschlikon, Park im Grüene"
748;6009;"RREB";"Rüschlikon, Rebsteig"
558;3187;"RSAU";"Rüschlikon, Säumerstrasse"
552;410;"BSRU";"Rüschlikon, Schlossstrasse"
555;2852;"WEID";"Rüschlikon, Weidstrasse"
487;12166;"SCH99";"Scheuren"
653;2166;"SCHE";"Scheuren, Station"
699;6299;"SAMR";"Schlieren, Am Rietpark"
278;6347;"SCHB";"Schlieren, Bahnhof"
698;6234;"SCHN";"Schlieren, Bahnhof Nord"
280;550;"BRUG";"Schlieren, Brunngasse"
277;838;"FSTR";"Schlieren, Feldstrasse"
317;935;"GASO";"Schlieren, Gasometerbrücke"
319;7003;"SGEI";"Schlieren, Geissweid"
700;6298;"SGOL";"Schlieren, Goldschlägistrasse"
282;1151;"HEIM";"Schlieren, Heimeliweg"
696;1327;"IGAS";"Schlieren, Industrie Gaswerk"
682;1388;"KESS";"Schlieren, Kesslerstrasse"
701;7000;"SMEU";"Schlieren, Meuchwis"
316;1690;"MULL";"Schlieren, Mülligen"
281;1694;"NASS";"Schlieren, Nassacker"
681;2051;"REIT";"Schlieren, Reitmen"
697;2141;"RUST";"Schlieren, Rütistrasse"
283;2436;"SPLI";"Schlieren, Spital Limmattal"
656;3748;"STAK";"Schlieren, Steinacker"
276;2631;"TAWI";"Schlieren, Talacker-Windegg"
318;2798;"WAGO";"Schlieren, Wagonsfabrik"
279;2236;"SCHL";"Schlieren, Zentrum/Bahnhof"
455;2307;"BSCH";"Schwerzenbach ZH, Bahnhof"
454;684;"DORS";"Schwerzenbach ZH, Dorf"
485;12438;"SZFB99";"Spital Zollikerberg"
645;6663;"SPAL";"Spreitenbach, Altersheim"
642;3460;"ASPS";"Spreitenbach, Asp"
649;6300;"SBRE";"Spreitenbach, Breiti"
644;3520;"BRUL";"Spreitenbach, Brüel"
442;6958;"SGLA";"Spreitenbach, Glattler"
647;6462;"IKEA";"Spreitenbach, Ikea"
648;6303;"SINT";"Spreitenbach, Interio"
643;7021;"SRAI";"Spreitenbach, Raiacker"
646;2384;"SCEN";"Spreitenbach, Shopping Center"
751;2412;"FELD01";"Thalwil, Feldstrasse"
753;1684;"MUBA01";"Thalwil, Mühlebachplatz"
752;2333;"THSH01";"Thalwil, Schützenhaus"
749;4108;"SEHA01";"Thalwil, Seehaldenstrasse"
750;6856;"TSON01";"Thalwil, Sonnenberg"
754;2989;"TZEN01";"Thalwil, Zentrum"
746;687;"UITDOR";"Uitikon, Dorf"
291;29;"AEGU";"Unterengstringen, Aegelsee"
274;743;"ECKS";"Unterengstringen, Eckstein"
268;1498;"LANA";"Unterengstringen, Langacher"
275;6724;"ULAN";"Unterengstringen, Langwisen"
267;6825;"USEN";"Unterengstringen, Sennenbüel"
273;2751;"USNO";"Unterengstringen, Sennenbüel N"
290;2767;"BWEI";"Urdorf Weihermatt, Bahnhof"
284;831;"FEGG";"Urdorf, Feldegg"
637;6297;"HEIN";"Urdorf, Heinrich-Stutz-Strasse"
634;1178;"HWEG";"Urdorf, Herweg"
680;1586;"LUBE";"Urdorf, Luberzen"
287;1725;"NEUT";"Urdorf, Neumatt"
658;1726;"NMAT";"Urdorf, Neumattstrasse"
286;1731;"NURD";"Urdorf, Niederurdorf"
636;3589;"OBUR";"Urdorf, Oberurdorf"
657;2024;"RAIW";"Urdorf, Rainweg"
285;2238;"SCHS";"Urdorf, Schlierenstrasse"
635;3590;"SONU";"Urdorf, Sonne"
288;2440;"SPIT";"Urdorf, Spitzacker"
289;2732;"UITI";"Urdorf, Uitikonerstrasse"
614;3740;"VHOF07";"Volketswil, Hofwisen"
613;632;"VCHL07";"Volketswil, Volkiland Chliriet"
486;12807;"WAB99";"Waldburg"
431;2807;"WABG";"Waldburg, Station"
742;3356;"WALBIR";"Waldegg, Birmensdorferstrasse"
743;6907;"WALLEU";"Waldegg, Leuen"
747;1991;"WALPOS";"Waldegg, Post"
705;2820;"BWAL07";"Wallisellen, Bahnhof"
704;439;"BELA07";"Wallisellen, Belair"
548;2983;"WGLA";"Wallisellen, Glatt (Bus)"
706;6735;"WGLA07";"Wallisellen, Glatt (Tram)"
703;1176;"HRTI07";"Wallisellen, Herti"
707;6659;"WNEU07";"Wallisellen, Neugut"
483;12826;"WAL99";"Waltikon"
304;3183;"AEGW";"Weiningen ZH, Aegelsee"
292;125;"AUSW";"Weiningen ZH, Ausserdorf"
293;1571;"WLIN";"Weiningen ZH, Lindenplatz"
294;2268;"SWEI";"Weiningen ZH, Schulhaus"
249;3044;"BWST";"Zch, Bhf.Wollishofen/Staubstr."
432;6254;"LAEN";"Zollikerb., Langägerten/Spital"
484;13002;"ZOB99";"Zollikerberg"
660;3826;"HASE";"Zollikerberg, Hasenbart"
437;2375;"SENN";"Zollikerberg, Sennhof"
659;3756;"SZOL";"Zollikerberg, Spital"
433;3002;"ZOBE";"Zollikerberg, Station"
436;7038;"ZSTQ";"Zollikerberg, Station/Q treff"
661;3747;"TRIC";"Zollikerberg, Trichtenhauserm."
428;53;"ZALL";"Zollikon, Allmend"
435;3003;"BZOL";"Zollikon, Bahnhof"
5;418;"BUEB";"Zollikon, Bahnübergang"
8;476;"BEUG";"Zollikon, Beugi"
7;715;"DUFP";"Zollikon, Dufourplatz"
6;824;"FBST";"Zollikon, Felbenstrasse"
3;6044;"GAAZ";"Zollikon, Garage G.-Maurer-Str"
426;961;"GDEH";"Zollikon, Gemeindehaus"
9;1013;"GOHA";"Zollikon, Goldhaldenplatz"
427;1277;"HSTR";"Zollikon, Höhestrasse"
430;2040;"RWIE";"Zollikon, Rebwiesstrasse"
429;2341;"SUET";"Zollikon, Schützenstrasse"
434;2363;"SEES";"Zollikon, Seestrasse"
482;12543;"ZUMI99";"Zumikon"
411;705;"DOZE";"Zumikon, Dorfzentrum"
413;1075;"GOES";"Zumikon, Gössikon"
412;2826;"WALT";"Zumikon, Waltikon"
409;3027;"FLUG07";"Zürich Flughafen, Bahnhof"
410;6232;"FRAF07";"Zürich Flughafen, Fracht"
206;7;"AARG";"Zürich, Aargauerstrasse"
374;46;"ALBG";"Zürich, Albisgütli"
26;3797;"ARAN";"Zürich, Albisrank"
391;47;"ALBR";"Zürich, Albisrieden"
533;3705;"ALBD";"Zürich, Albisriederdörfli"
97;48;"ALBP";"Zürich, Albisriederplatz"
378;67;"ATRO";"Zürich, Alte Trotte"
525;70;"ALTE";"Zürich, Altenhofstrasse"
98;1446;"AKRE";"Zürich, Altes Krematorium"
568;3706;"AHOS";"Zürich, Althoos"
195;88;"ALTR";"Zürich, Altried"
670;3150;"AMBO";"Zürich, Am Börtli"
322;92;"AMSU";"Zürich, Am Suteracher"
669;3151;"APPE";"Zürich, Appenzellerstrasse"
368;6627;"ASPH";"Zürich, Aspholz"
355;114;"AUBR";"Zürich, Aubrücke"
56;128;"AUSS";"Zürich, Ausserdorfstrasse"
155;132;"ZAUZ";"Zürich, Auzelg"
686;134;"AUZO";"Zürich, Auzelg Ost"
313;137;"BACH";"Zürich, Bachmattstrasse"
134;1234;"BANL";"Zürich, Bäckeranlage"
158;144;"BADA";"Zürich, Bad Allenmoos"
366;3021;"BAFF";"Zürich, Bahnhof Affoltern"
31;3022;"BALT";"Zürich, Bahnhof Altstetten"
208;5001;"BALN";"Zürich, Bahnhof Altstetten N"
245;3026;"ENGE";"Zürich, Bahnhof Enge"
346;199;"BEDE";"Zürich, Bahnhof Enge/Bederstr."
76;3029;"HSBB";"Zürich, Bahnhof Hardbrücke"
518;2547;"BLEI";"Zürich, Bahnhof Leimbach"
156;3034;"BOER";"Zürich, Bahnhof Oerlikon"
690;6255;"BOEN";"Zürich, Bahnhof Oerlikon Nord"
67;3447;"BOEO";"Zürich, Bahnhof Oerlikon Ost"
393;2551;"BSEL";"Zürich, Bahnhof Selnau"
169;3039;"BSTA";"Zürich, Bahnhof Stadelhofen"
237;2575;"BSTE";"Zürich, Bahnhof Stettbach"
4;3041;"BTIE";"Zürich, Bahnhof Tiefenbrunnen"
177;3042;"BWIE";"Zürich, Bahnhof Wiedikon"
90;3043;"BWIP";"Zürich, Bahnhof Wipkingen"
503;7022;"BAWO";"Zürich, Bahnhof Wollishofen"
129;412;"BPLA";"Zürich, Bahnhofplatz/HB"
95;413;"BQUA";"Zürich, Bahnhofquai/HB"
164;416;"BSTR";"Zürich, Bahnhofstrasse/HB"
173;421;"BALG";"Zürich, Balgrist"
264;592;"BAEN";"Zürich, Bändliweg"
30;427;"BASL";"Zürich, Baslerstrasse"
163;435;"BECK";"Zürich, Beckenhof"
23;440;"BELL";"Zürich, Bellevue"
145;455;"BERH";"Zürich, Berghaldenstrasse"
495;459;"BDOL";"Zürich, Bergstation Dolderbahn"
384;465;"BERN";"Zürich, Berninaplatz"
260;467;"BERO";"Zürich, Bernoulli-Häuser"
220;468;"BERT";"Zürich, Bertastrasse"
572;3587;"BERU";"Zürich, Berufswahlschule"
230;470;"BESE";"Zürich, Besenrainstrasse"
110;471;"BETH";"Zürich, Bethanien"
305;478;"BEZI";"Zürich, Bezirksgebäude"
334;3774;"BWOW";"Zürich, Bhf. Wollishofen/Werft"
248;488;"BILO";"Zürich, Billoweg"
474;493;"BINZ";"Zürich, Binz"
477;3714;"BINC";"Zürich, Binz Center"
57;497;"BIGL";"Zürich, Birch-/Glatttalstrasse"
400;498;"BIRD";"Zürich, Birchdörfli"
599;3445;"BIBE";"Zürich, Bircher-Benner"
711;3449;"BIRC";"Zürich, Birchstrasse"
530;508;"BLEU";"Zürich, Bleulerstrasse"
367;6626;"BLUM";"Zürich, Blumenfeldstrasse"
65;3789;"BOLL";"Zürich, Bollingerweg"
119;3645;"BOGA";"Zürich, Botanischer Garten"
40;542;"BRIS";"Zürich, Bristenstrasse"
227;546;"BRUM";"Zürich, Brunau/Mutschellenstr."
247;547;"BRUN";"Zürich, Brunaustrasse"
160;564;"BUCH";"Zürich, Bucheggplatz"
668;3787;"BUHO";"Zürich, Buchholz"
667;3773;"BUZE";"Zürich, Buchzelgstrasse"
62;573;"BUHN";"Zürich, Buhnstrasse"
172;580;"BURG";"Zürich, Burgwies"
168;615;"BURK";"Zürich, Bürkliplatz"
251;586;"BUTZ";"Zürich, Butzenstrasse"
94;619;"CENT";"Zürich, Central"
712;3450;"CHAL";"Zürich, Chaletweg"
21;3717;"CHIN";"Zürich, Chinagarten"
504;649;"DANG";"Zürich, Dangelstrasse"
347;6055;"DEP2";"Zürich, Depot 2 Wollishofen"
176;6030;"DEP4";"Zürich, Depot 4 Elisabethenstr"
202;6031;"DEP5";"Zürich, Depot 5 Hard"
201;6032;"DEP7";"Zürich, Depot 7 Irchel"
149;6033;"DEP8";"Zürich, Depot 8 Oerlikon"
494;6421;"DEPD";"Zürich, Depot Dolderbahn"
718;6425;"DEP1";"Zürich, Depot1 Zentralwerkst"
69;694;"DORF";"Zürich, Dorflinde"
357;708;"DREI";"Zürich, Dreispitz"
598;711;"DREW";"Zürich, Dreiwiesen"
142;713;"DRUS";"Zürich, Drusbergstrasse"
320;716;"DUNK";"Zürich, Dunkelhölzli"
364;767;"EINF";"Zürich, Einfangstrasse"
24;769;"ELWA";"Zürich, Elektrowatt"
392;788;"ENGV";"Zürich, Englischviertelstrasse"
528;3594;"EPIK";"Zürich, EPI-Klinik"
377;800;"EGUT";"Zürich, Eschergutweg"
78;799;"EWYS";"Zürich, Escher-Wyss-Platz"
348;735;"ETHH";"Zürich, ETH Hönggerberg"
182;736;"ETHZ";"Zürich, ETH/Universitätsspital"
724;3446;"ETTE";"Zürich, Ettenfeld"
314;821;"FARB";"Zürich, Farbhof"
218;832;"FELD";"Zürich, Feldeggstrasse"
390;840;"FELL";"Zürich, Fellenbergstrasse"
382;845;"FELS";"Zürich, Felsenrainstrasse"
154;6460;"ZFER";"Zürich, Fernsehstudio"
323;852;"FEUS";"Zürich, Feusisbergli"
259;857;"FWEG";"Zürich, Fischerweg"
544;859;"FLOB";"Zürich, Flobotstrasse"
527;868;"FLUE";"Zürich, Flühgasse"
27;867;"FLUR";"Zürich, Flurstrasse"
258;927;"FOER";"Zürich, Förrlibuckstrasse"
36;872;"FRAN";"Zürich, Frankental"
117;3466;"FRST";"Zürich, Freiestrasse"
310;883;"FREI";"Zürich, Freihofstrasse"
70;888;"FRIA";"Zürich, Friedackerstrasse"
329;893;"FEIC";"Zürich, Friedhof Eichbühl"
174;894;"ENZE";"Zürich, Friedhof Enzenbühl"
673;895;"FHOE";"Zürich, Friedhof Hönggerberg"
564;896;"FSWA";"Zürich, Friedhof Schwandenholz"
219;897;"FSIH";"Zürich, Friedhof Sihlfeld"
684;898;"FUET";"Zürich, Friedhof Uetliberg"
462;899;"FWIT";"Zürich, Friedhof Witikon"
73;901;"FRDR";"Zürich, Friedrichstrasse"
397;902;"FRIB";"Zürich, Friesenberg"
683;903;"FRIH";"Zürich, Friesenberghalde"
45;904;"FRIE";"Zürich, Friesenbergstrasse"
72;908;"FROB";"Zürich, Frohburg"
121;917;"FROE";"Zürich, Fröhlichstrasse"
370;914;"FRON";"Zürich, Fronwald"
517;916;"FRYM";"Zürich, Frymannstrasse"
25;6034;"GAR6";"Zürich, Garage 6 Hardau"
53;6035;"GAR9";"Zürich, Garage 9 Hagenholz"
38;944;"GEER";"Zürich, Geeringstrasse"
539;971;"GERM";"Zürich, Germaniastrasse"
403;972;"GESS";"Zürich, Gessnerallee"
88;979;"GIBL";"Zürich, Giblenstrasse"
234;998;"GLAT";"Zürich, Glattwiesen"
363;1000;"GLAU";"Zürich, Glaubtenstrasse"
567;6975;"GLNO";"Zürich, Glaubtenstrasse Nord"
717;6020;"GLAS";"Zürich, Glaubtenstrasse Süd"
463;3444;"GLOK";"Zürich, Glockenacker"
715;1007;"GOLD";"Zürich, Goldackerweg"
198;1012;"GOLP";"Zürich, Goldbrunnenplatz"
311;1026;"GRIM";"Zürich, Grimselstrasse"
476;489;"GRUB";"Zürich, Grubenstrasse"
263;1041;"GRUN";"Zürich, Grünaustrasse"
238;1061;"GUGG";"Zürich, Guggachstrasse"
135;1076;"GUET";"Zürich, Güterbahnhof"
531;1073;"GUTS";"Zürich, Gutstrasse"
183;1098;"HALB";"Zürich, Haldenbach"
242;1100;"HEGG";"Zürich, Haldenegg"
360;3760;"HALO";"Zürich, Hallenbad Oerlikon"
262;1120;"HARH";"Zürich, Hardhof"
75;1122;"HARP";"Zürich, Hardplatz"
261;2447;"HARD";"Zürich, Hardturm"
170;1138;"HEDW";"Zürich, Hedwigsteig"
192;1139;"HEER";"Zürich, Heerenwiesen"
47;1143;"HEGA";"Zürich, Hegianwandweg"
118;1144;"HEGI";"Zürich, Hegibachplatz"
39;1156;"HEIZ";"Zürich, Heizenholz"
216;1157;"HELM";"Zürich, Helmhaus"
394;1158;"HELV";"Zürich, Helvetiaplatz"
136;1162;"HERD";"Zürich, Herdernstrasse"
720;6998;"HERM";"Zürich, Hermetschloo"
563;1175;"HERT";"Zürich, Hertensteinstrasse"
222;7040;"HERS";"Zürich, Hertersteg"
356;1179;"HERZ";"Zürich, Herzogenmühlestrasse"
543;1186;"HEUB";"Zürich, Heubeeriweg"
200;1187;"HEUR";"Zürich, Heuried"
63;6250;"HIMM";"Zürich, Himmeri"
123;1194;"HINT";"Zürich, Hinterbergstrasse"
385;1215;"HIRS";"Zürich, Hirschwiesenstrasse"
196;1220;"HIRZ";"Zürich, Hirzenbach"
396;1272;"HOEF";"Zürich, Höfliweg"
113;3469;"HOFS";"Zürich, Hofstrasse"
34;1231;"HOHE";"Zürich, Hohenklingensteig"
115;3470;"HSTG";"Zürich, Hölderlinsteig"
388;1278;"HOEL";"Zürich, Hölderlinstrasse"
402;1239;"HOLZ";"Zürich, Holzerhurd"
349;1280;"HOEB";"Zürich, Hönggerberg"
120;1286;"HOES";"Zürich, Höschgasse"
386;1251;"HOTT";"Zürich, Hottingerplatz"
41;1252;"HUBE";"Zürich, Hubertus"
226;1288;"HUEG";"Zürich, Hügelstrasse"
401;1259;"HUNG";"Zürich, Hungerbergstrasse"
566;1292;"HUER";"Zürich, Hürstholz"
737;1303;"IEBN";"Zürich, Im Ebnet"
42;3123;"IMGU";"Zürich, Im Gut"
46;1307;"IHAG";"Zürich, Im Hagacker"
520;1310;"IHUS";"Zürich, Im Hüsli"
545;1311;"IKLO";"Zürich, Im Klösterli"
529;1315;"IWAL";"Zürich, Im Walder"
350;1316;"IWIN";"Zürich, Im Wingert"
101;1320;"IDEY";"Zürich, In der Ey"
695;3153;"JUCH";"Zürich, Juchhof"
229;1354;"JUGI";"Zürich, Jugendherberge"
500;1356;"KALB";"Zürich, Kalchbühlweg"
132;1358;"KANO";"Zürich, Kanonengasse"
167;601;"KANB";"Zürich, Kantonalbank"
181;1359;"KANT";"Zürich, Kantonsschule"
499;7039;"KANE";"Zürich, Kantonsschule Enge"
140;1362;"KAPF";"Zürich, Kapfstrasse"
28;1364;"KAPP";"Zürich, Kappeli"
671;3138;"KABU";"Zürich, Kappenbühlweg"
59;1483;"KAES";"Zürich, Käshaldenstrasse"
82;1379;"KEMP";"Zürich, Kempfhofsteig"
395;1386;"KERN";"Zürich, Kernstrasse"
148;1389;"KIEN";"Zürich, Kienastenwies"
185;1399;"KINK";"Zürich, Kinkelstrasse"
112;1407;"KFLU";"Zürich, Kirche Fluntern"
114;3648;"KLOB";"Zürich, Klosbach"
116;1430;"KLUS";"Zürich, Klusplatz"
60;6304;"KOES";"Zürich, Köschenrüti"
570;1445;"KNOR";"Zürich, Krematorium Nordheim"
125;1453;"KREU";"Zürich, Kreuzplatz"
217;1456;"KRES";"Zürich, Kreuzstrasse"
162;1468;"KRON";"Zürich, Kronenstrasse"
542;1471;"KROE";"Zürich, Krönleinstrasse"
127;1472;"KUNS";"Zürich, Kunsthaus"
399;1595;"LAEG";"Zürich, Lägernstrasse"
333;3141;"LAND";"Zürich, Landiwiese"
537;1502;"LAST";"Zürich, Langensteinenstrasse"
532;1503;"LANG";"Zürich, Langgrütstrasse"
187;1507;"LANM";"Zürich, Langmauerstrasse"
50;1519;"LAUB";"Zürich, Laubegg"
161;1522;"LAUI";"Zürich, Laubiweg"
80;1528;"LEHE";"Zürich, Lehenstrasse"
58;1532;"LEIM";"Zürich, Leimgrübelstrasse"
693;1539;"LERC";"Zürich, Lerchenhalde"
692;3457;"LERA";"Zürich, Lerchenrain"
91;1547;"LETT";"Zürich, Lettenstrasse"
139;1592;"LETB";"Zürich, Letzibach"
309;1548;"LETG";"Zürich, Letzigrund"
138;3148;"LETP";"Zürich, Letzipark"
29;1549;"LPAW";"Zürich, Letzipark West"
186;1550;"LETZ";"Zürich, Letzistrasse"
151;1552;"LEUT";"Zürich, Leutschenbach"
211;1557;"LIMM";"Zürich, Limmatplatz"
312;1570;"LIND";"Zürich, Lindenplatz"
307;1579;"LOCH";"Zürich, Lochergut"
321;1581;"LOOG";"Zürich, Loogarten"
146;1584;"LOOR";"Zürich, Loorenstrasse"
209;648;"LOEB";"Zürich, Löwenbräu"
130;1608;"LOEW";"Zürich, Löwenplatz"
194;1587;"LUCH";"Zürich, Luchswiesen"
193;1590;"LUEG";"Zürich, Luegisland"
569;1611;"MAIE";"Zürich, Maienweg"
688;3788;"MAIL";"Zürich, Maillartstrasse"
523;1612;"MANG";"Zürich, Manegg"
223;1614;"MANS";"Zürich, Manesseplatz"
519;1615;"MARB";"Zürich, Marbachweg"
236;1620;"MATT";"Zürich, Mattenhof"
66;3764;"MAXB";"Zürich, Max-Bill-Platz"
84;1626;"MEIE";"Zürich, Meierhofplatz"
150;3154;"MEHA";"Zürich, Messe/Hallenstadion"
315;1640;"MICA";"Zürich, Micafil"
672;1641;"MICH";"Zürich, Michelstrasse"
189;1643;"MIBU";"Zürich, Milchbuck"
133;1644;"MILA";"Zürich, Militär-/Langstrasse"
522;1648;"MITL";"Zürich, Mittelleimbach"
231;1660;"MORG";"Zürich, Morgental"
713;3451;"MOTT";"Zürich, Mötteliweg"
369;6628;"MUEH";"Zürich, Mühlacker"
212;1667;"MUFG";"Zürich, Museum für Gestaltung"
246;1666;"MUSR";"Zürich, Museum Rietberg"
324;1698;"NEES";"Zürich, Neeserweg"
362;1705;"NEUA";"Zürich, Neuaffoltern"
502;1710;"NEUB";"Zürich, Neubühl"
128;1724;"NEUM";"Zürich, Neumarkt"
64;3804;"NBRU";"Zürich, Neunbrunnen"
571;1744;"NORH";"Zürich, Nordheimstrasse"
96;1745;"NORS";"Zürich, Nordstrasse"
103;1753;"NUER";"Zürich, Nürenbergstrasse"
361;1821;"OBEW";"Zürich, Oberwiesenstrasse"
152;6459;"ZOER";"Zürich, Oerlikerhus"
92;3786;"OKEN";"Zürich, Okenstrasse"
22;1845;"OPER";"Zürich, Opernhaus"
687;3001;"ORIO";"Zürich, Orionstrasse"
240;1856;"OTTI";"Zürich, Ottikerstrasse"
166;1861;"PARA";"Zürich, Paradeplatz"
352;1441;"PKAE";"Zürich, Pflegezentr. Käferberg"
253;1889;"PLAT";"Zürich, Platte"
250;2005;"PWOL";"Zürich, Post Wollishofen"
235;2008;"PROB";"Zürich, Probstei"
210;2014;"QUEL";"Zürich, Quellenstrasse"
159;2017;"RADI";"Zürich, Radiostudio"
475;2120;"RAEF";"Zürich, Räffelstrasse"
215;2030;"RATH";"Zürich, Rathaus"
327;2033;"RAUH";"Zürich, Rautihalde"
535;2034;"RAUT";"Zürich, Rautistrasse"
81;2035;"REBE";"Zürich, Rebbergsteig"
157;2045;"REGB";"Zürich, Regensbergbrücke"
175;2549;"REHA";"Zürich, Rehalp"
165;2054;"RENN";"Zürich, Rennweg"
330;2055;"RENT";"Zürich, Rentenanstalt"
359;2069;"RIEG";"Zürich, Riedgraben"
37;3122;"RIEH";"Zürich, Riedhofstrasse"
540;2090;"BERG";"Zürich, Rigiblick"
387;2124;"ROEM";"Zürich, Römerhof"
398;2127;"ROEN";"Zürich, Röntgenstrasse"
79;2104;"ROSE";"Zürich, Rosengartenstrasse"
239;2128;"ROES";"Zürich, Röslistrasse"
233;2107;"ROSW";"Zürich, Roswiesen"
104;2108;"ROTB";"Zürich, Rotbuchstrasse"
335;2109;"ROTE";"Zürich, Rote Fabrik"
214;2113;"RBRU";"Zürich, Rudolf-Brun-Brücke"
89;2140;"RUET";"Zürich, Rütihof"
51;2550;"SAAL";"Zürich, Saalsporthalle"
358;2145;"SAAT";"Zürich, Saatlenstrasse"
99;2147;"SACK";"Zürich, Sackzelg"
383;2151;"SALE";"Zürich, Salersteig"
326;2152;"SALZ";"Zürich, Salzweg"
137;2142;"SBBW";"Zürich, SBB-Werkstätte"
105;2158;"SPLA";"Zürich, Schaffhauserplatz"
546;6776;"SANZ";"Zürich, Schanzackerstrasse"
538;2314;"SAPI";"Zürich, Schäppiweg"
691;3458;"PSCH";"Zürich, Schauenberg"
43;2160;"SCHA";"Zürich, Schaufelbergerstrasse"
106;2164;"SCHZ";"Zürich, Scheuchzerstrasse"
77;6759;"SBAU";"Zürich, Schiffbau"
141;2251;"SYFI";"Zürich, Schlyfi"
197;2256;"SWIE";"Zürich, Schmiede Wiedikon"
61;2320;"SCHG";"Zürich, Schönauring"
191;2326;"SCHO";"Zürich, Schörlistrasse"
100;3155;"ALTW";"Zürich, Schulhaus Altweg"
328;2276;"BUCL";"Zürich, Schulhaus Buchlern"
714;2289;"SWEG";"Zürich, Schumacherweg"
547;2329;"SURG";"Zürich, Schürgistrasse"
674;3566;"SHOE";"Zürich, Schützenhaus Höngg"
74;2294;"SCHW";"Zürich, Schwamendingerplatz"
372;2298;"SHOL";"Zürich, Schwandenholz"
44;2302;"SHOF";"Zürich, Schweighof"
331;3477;"SRUC";"Zürich, Schweizer Rück"
83;2306;"SCHT";"Zürich, Schwert"
55;2346;"SEEB";"Zürich, Seebach"
54;1275;"SEPL";"Zürich, Seebacherplatz"
336;2834;"SEER";"Zürich, Seerose"
87;2364;"SEGA";"Zürich, Segantinistrasse"
665;3767;"SEGE";"Zürich, Segeten"
719;2366;"SEID";"Zürich, Seidelhof"
107;2367;"RIGI";"Zürich, Seilbahn Rigiblick"
389;2385;"SIEM";"Zürich, Siemens"
124;2388;"SIGN";"Zürich, Signaustrasse"
52;6463;"SIHC";"Zürich, Sihlcity"
224;2771;"SIHN";"Zürich, Sihlcity Nord"
131;1366;"SIHP";"Zürich, Sihlpost / HB"
213;2395;"SIHL";"Zürich, Sihlquai/HB"
180;2396;"SIHS";"Zürich, Sihlstrasse"
521;2398;"SIHW";"Zürich, Sihlweidstrasse"
86;2402;"SING";"Zürich, Singlistrasse"
325;6003;"SOLP";"Zürich, Solidapark"
241;2411;"SONN";"Zürich, Sonneggstrasse"
205;2449;"SPOW";"Zürich, Sportweg"
126;2450;"SPRE";"Zürich, Sprecherstrasse"
109;2451;"SPYR";"Zürich, Spyriplatz"
541;2452;"SPYS";"Zürich, Spyristeig"
337;2461;"STAD";"Zürich, Stadtgrenze"
93;2474;"STAM";"Zürich, Stampfenbachplatz"
565;3768;"STBU";"Zürich, Staudenbühl"
179;2556;"STAU";"Zürich, Stauffacher"
68;2572;"SOER";"Zürich, Sternen Oerlikon"
689;6117;"SRIE";"Zürich, Stierenried"
243;2582;"STOC";"Zürich, Stockerstrasse"
666;3765;"STOD";"Zürich, Stodolastrasse"
48;2596;"STRV";"Zürich, Strassenverkehrsamt"
536;2598;"STRI";"Zürich, Strickhof"
332;3522;"SUKK";"Zürich, Sukkulentensammlung"
256;2618;"SUSE";"Zürich, Susenbergstrasse"
199;2638;"TALW";"Zürich, Talwiesenstrasse"
203;3453;"TECH";"Zürich, Technopark"
228;2659;"THUJ";"Zürich, Thujastrasse"
190;2666;"TIER";"Zürich, Tierspital"
497;2667;"TITL";"Zürich, Titlisstrasse"
596;2671;"TOBE";"Zürich, Tobelhof"
111;2673;"TOBL";"Zürich, Toblerplatz"
204;718;"TONA";"Zürich, Toni-Areal"
663;3769;"TFUS";"Zürich, Trichtenhausenfussweg"
662;6416;"TRSA";"Zürich, Trichtisal"
102;2680;"TRIE";"Zürich, Triemli"
716;2682;"TRIS";"Zürich, Triemlispital"
32;2707;"TUEF";"Zürich, Tüffenwies"
244;2689;"TUNN";"Zürich, Tunnelstrasse"
49;2722;"UETL";"Zürich, Uetlihof"
188;1334;"IRCH";"Zürich, Universität Irchel"
371;2737;"UAFF";"Zürich, Unteraffoltern"
534;2754;"UNTM";"Zürich, Untermoosstrasse"
524;2776;"VERE";"Zürich, Verenastrasse"
108;2779;"VOGE";"Zürich, Vogelsangstrasse"
254;2788;"VOLT";"Zürich, Voltastrasse"
694;3588;"VULK";"Zürich, Vulkanstrasse"
232;6019;"WAFB";"Zürich, Waffenplatz-/Bederstr."
225;2795;"WAFF";"Zürich, Waffenplatzstrasse"
351;2799;"WAIB";"Zürich, Waidbadstrasse"
376;2800;"WAIF";"Zürich, Waidfussweg"
373;2801;"WAIH";"Zürich, Waidhof"
353;2803;"WAIS";"Zürich, Waidspital"
71;2814;"WALD";"Zürich, Waldgarten"
496;2815;"WDOL";"Zürich, Waldhaus Dolder"
380;2831;"WART";"Zürich, Wartau"
143;2836;"WASE";"Zürich, Waserstrasse"
354;2858;"WEIH";"Zürich, Weihersteig"
178;6238;"WERE";"Zürich, Werd"
265;2872;"WERD";"Zürich, Werdhölzli"
171;2879;"WETL";"Zürich, Wetlistrasse"
501;2889;"WIDM";"Zürich, Widmerstrasse"
85;2899;"WIES";"Zürich, Wieslergasse"
664;3772;"WACH";"Zürich, Wiesliacher"
122;2907;"WILD";"Zürich, Wildbachstrasse"
184;2924;"WINK";"Zürich, Winkelriedstrasse"
33;2934;"WINH";"Zürich, Winzerhalde"
381;2935;"WINZ";"Zürich, Winzerstrasse"
35;6015;"WINS";"Zürich, Winzerstrasse Süd"
375;2937;"WIPK";"Zürich, Wipkingerplatz"
252;2950;"WOLP";"Zürich, Wollishoferplatz"
526;2956;"WONE";"Zürich, Wonnebergstrasse"
207;6648;"WURZ";"Zürich, Würzgraben"
365;2968;"ZEHN";"Zürich, Zehntenhausplatz"
144;617;"ZENW";"Zürich, Zentrum Witikon"
685;2998;"ZIEL";"Zürich, Zielweg"
257;3005;"ZOO";"Zürich, Zoo"
597;4;"ZOOF";"Zürich, Zoo/Forrenweid"
255;3045;"ZUER";"Zürich, Zürichbergstrasse"
147;3011;"ZWEI";"Zürich, Zweiackerstrasse"
379;3015;"ZWIE";"Zürich, Zwielplatz"
221;3018;"ZWIN";"Zürich, Zwinglihaus"
308;3019;"ZYPR";"Zürich, Zypressenstrasse"
306;1357;"KALK";"Zürich,Kalkbreite/Bhf.Wiedikon"
