"Haltestellen_Id";"Haltestellennummer";"Haltestellenkurzname";"Haltestellenlangname"
352;6594;"AHOR";"Adliswil, Ahornweg"
656;148;"ABAD01";"Adliswil, Badstrasse"
658;28;"BADL01";"Adliswil, Bahnhof"
655;6593;"EWEG";"Adliswil, Eichenweg"
657;6961;"AGRU";"Adliswil, Grundstrasse"
661;6437;"GRUT";"Adliswil, Grüt"
351;1227;"HOFA01";"Adliswil, Hofackerstrasse"
659;1462;"KROA01";"Adliswil, Krone"
654;6592;"ADMO";"Adliswil, Moos"
660;2660;"TIAK01";"Adliswil, Tiefacker"
585;6600;"IMBR";"Aesch bei Maur, Im Brünneli"
586;6599;"ZOLL";"Aesch bei Maur, Zollingerheim"
22;445;"BEBO";"Benglen, Bodenacher"
21;446;"BGER";"Benglen, Gerlisbrunnen"
583;6778;"BLAN";"Benglen, Langwis"
732;425;"DBAL";"Bergdietikon, Baltenschwil"
730;457;"BERL";"Bergdietikon, Bergli"
729;466;"BOLD";"Bergdietikon, Bernold"
733;729;"DUEN";"Bergdietikon, Dünni"
534;6855;"GAL2";"Bergdietikon, Garage 2 LIBU"
731;2085;"RIEW";"Bergdietikon, Rietwies"
728;2789;"VORB";"Bergdietikon, Vorbühl"
584;6779;"BBAU";"Binz bei Maur, Bautacher"
11;3467;"FMAT";"Binz bei Maur, Fridlimatt"
10;490;"MPOS";"Binz bei Maur, Post"
748;501;"BIRMBHF";"Birmensdorf ZH, Bahnhof"
747;6744;"RIST";"Birmensdorf ZH, Ristet"
475;2570;"BIRMSTE";"Birmensdorf ZH, Sternen/WSL"
679;3560;"SPHE";"D'dorf, Sportanl Heerenschürli"
240;657;"BDIE";"Dietikon, Bahnhof"
539;414;"BSTD";"Dietikon, Bahnhofstrasse"
553;502;"BIRM";"Dietikon, Birmensdorferstrasse"
551;725;"DOER";"Dietikon, Dörfli"
201;6038;"GALI";"Dietikon, Garage Limmatbus AG"
547;990;"GJUC";"Dietikon, Gjuchstrasse"
708;6693;"DGYR";"Dietikon, Gyrhalden"
700;1091;"HAGA";"Dietikon, Hagackerstrasse"
542;1265;"HATS";"Dietikon, Hätschen"
239;6894;"DHEI";"Dietikon, Heimstrasse"
552;1226;"HACK";"Dietikon, Hofacker"
546;1417;"KIPL";"Dietikon, Kirchplatz"
710;6695;"DLAE";"Dietikon, Lätten"
699;1540;"LERZ";"Dietikon, Lerzen"
734;1616;"MARW";"Dietikon, Marmori-Weiher"
701;2399;"DMOO";"Dietikon, Moosmatt"
541;1758;"ODIE";"Dietikon, Oberdorf"
548;1843;"OETW";"Dietikon, Oetwilerstrasse"
698;1868;"PEST";"Dietikon, Pestalozzi"
697;1039;"DRAP";"Dietikon, Rapidplatz"
703;2313;"SBAC";"Dietikon, Schäflibach"
705;3472;"SWER";"Dietikon, Schönenwerd"
702;6262;"DSIL";"Dietikon, Silbern"
550;2406;"SOME";"Dietikon, Sommerau"
545;6261;"STHA";"Dietikon, Stadthalle Ost"
540;3344;"DSTA";"Dietikon, Stadthaus"
543;2471;"STAF";"Dietikon, Staffelackerstrasse"
544;2569;"STEA";"Dietikon, Stelzenacker"
549;3798;"VORS";"Dietikon, Vorstadt"
709;6694;"WEST";"Dietikon, Weidstrasse"
711;6698;"DWEI";"Dietikon, Weinberg"
291;81;"ALTZ";"Dübendorf, Alterszentrum"
665;3146;"BDUN";"Dübendorf, Bahnhof Nord"
285;2422;"DBRE";"Dübendorf, Breitibach"
287;3478;"CITC";"Dübendorf, City Center"
667;753;"EGLI";"Dübendorf, Eglishölzli"
666;863;"FLUP";"Dübendorf, Flugplatz"
532;6660;"DGIE07";"Dübendorf, Giessen"
289;1054;"GRUZ";"Dübendorf, Grüzenstrasse"
761;6986;"DHOS07";"Dübendorf, Hochbord Süd"
414;1228;"HOFF";"Dübendorf, Hoffnung"
293;1273;"DHOG";"Dübendorf, Högler"
415;1478;"KAMM";"Dübendorf, Kämmaten"
290;1414;"KWIL";"Dübendorf, Kirche Wil"
292;1451;"DKRE";"Dübendorf, Kreuzbühl"
664;1572;"DLIN";"Dübendorf, Lindenplatz"
286;1627;"MEHO";"Dübendorf, Meiershofstrasse"
680;3296;"NEUS";"Dübendorf, Neugut Süd"
533;3785;"RINW";"Dübendorf, Ringwiesen"
284;6346;"DSON";"Dübendorf, Sonnental"
294;2838;"DWAS";"Dübendorf, Wasserfurren"
288;2975;"ZELG";"Dübendorf, Zelglistrasse"
8;738;"EBDO";"Ebmatingen, Dorf"
9;1527;"LEEA";"Ebmatingen, Leeacherstrasse"
29;1583;"MLOR";"Ebmatingen, Looren"
3;6591;"GAAN";"Effretikon, Garage Andres"
265;12487;"EGG99";"Egg"
267;12488;"EMMA99";"Emmat"
268;10804;"ESSL99";"Esslingen"
237;815;"FAAU";"Fahrweid, Au"
236;548;"BRUS";"Fahrweid, Brunaustrasse"
238;1556;"LIMB";"Fahrweid, Limmatbrücke"
419;544;"FBRU";"Fällanden, Bruggacher"
24;750;"EGGL";"Fällanden, Eggler"
25;947;"FAEL";"Fällanden, Gemeindehaus"
26;1324;"FAEI";"Fällanden, Industrie"
423;3133;"FJUG";"Fällanden, Jugendherberge"
422;1723;"FNEU";"Fällanden, Neuhus"
23;2335;"SHUA";"Fällanden, Schützenhaus"
421;3368;"FWIG";"Fällanden, Wigarten"
420;2999;"FZIL";"Fällanden, Zil"
261;12492;"FOR99";"Forch"
260;6046;"DEPF";"Forch, Depot Forchbahn"
333;6485;"GARG01";"Garage Adliswil"
233;701;"DOGE";"Geroldswil, Dorfstrasse"
235;1028;"GRIN";"Geroldswil, Grindlen"
696;2303;"SWAK";"Geroldswil, Schweizäcker"
232;2869;"WELB";"Geroldswil, Welbrig"
234;2982;"ZENT";"Geroldswil, Zentrum"
704;3727;"GLAN";"Glanzenberg, Bahnhof"
521;994;"BGLA07";"Glattbrugg, Bahnhof"
672;909;"FROH07";"Glattbrugg, Frohbühlstrasse"
675;3247;"GHOF07";"Glattbrugg, Glatthof"
520;6508;"GLIN07";"Glattbrugg, Lindberghplatz"
678;1651;"MODE07";"Glattbrugg, Mode Center TMC"
673;1925;"PGLA07";"Glattbrugg, Post"
523;2758;"UNTR07";"Glattbrugg, Unterriet"
674;992;"GLAG07";"Glattbrugg, Zentrum"
130;6461;"GGLA07";"Glattpark"
282;1006;"GDOR";"Gockhausen, Dorf"
283;6214;"URSP";"Gockhausen, Ursprungstrasse"
264;12500;"HIE99";"Hinteregg"
441;1341;"ITDO";"Itschnach, Dorf"
442;1342;"ITFA";"Itschnach, Fallacher"
440;2038;"REBW";"Itschnach, Rebweg"
439;2695;"TAEG";"Itschnach, Tägermoos"
349;75;"ALHK";"Kilchberg ZH, Altersheim"
608;118;"AUFB";"Kilchberg ZH, Auf Brunnen"
344;589;"BAEC";"Kilchberg ZH, Bächlerstrasse"
334;1391;"BKIL";"Kilchberg ZH, Bahnhof"
335;3775;"BEND";"Kilchberg ZH, Bendlikon"
347;6782;"KBRE";"Kilchberg ZH, Breitloo"
346;6781;"KEMI";"Kilchberg ZH, Emilienheim"
341;1018;"GOBI";"Kilchberg ZH, Gottlieb-Binder"
350;3254;"HALL";"Kilchberg ZH, Hallenbad"
450;1249;"HORN";"Kilchberg ZH, Hornhaldenstr."
354;1401;"KILB";"Kilchberg ZH, Kirche"
340;1457;"KREK";"Kilchberg ZH, Kreuzstrasse"
336;1577;"LISP";"Kilchberg ZH, Lindt & Sprüngli"
343;3796;"MYTH";"Kilchberg ZH, Mythenstrasse"
345;6780;"KOBE";"Kilchberg ZH, Obere Hornhalde"
609;1863;"PAKI";"Kilchberg ZH, Paradiessteig"
607;1864;"PARU";"Kilchberg ZH, Paradiesstrasse"
451;2154;"SANK";"Kilchberg ZH, Sanatorium"
348;2239;"SLIM";"Kilchberg ZH, Schlimbergstr."
606;2262;"SORU";"Kilchberg ZH, Schooren"
337;2264;"SOKI";"Kilchberg ZH, Schoorenstrasse"
339;2304;"KSCH";"Kilchberg ZH, Schwelle"
353;1440;"KSPI";"Kilchberg ZH, Spital"
342;2580;"STOG";"Kilchberg ZH, Stockengut"
610;2859;"WEIK";"Kilchberg ZH, Weinbergstrasse"
338;2277;"SHDO";"Kilchberg ZH,Schulhaus Dorfstr"
567;3822;"BKIS";"Killwangen, Bahnhof"
726;1397;"KIND";"Kindhausen AG"
727;757;"EIHH";"Kindhausen AG, Eichholz"
524;6506;"BABH07";"Kloten Balsberg, Bahnhof"
588;54;"KALL";"Küsnacht ZH, Allmend"
754;1488;"BKUE";"Küsnacht ZH, Bahnhof"
591;462;"BEST";"Küsnacht ZH, Bergstrasse"
435;516;"BOGL";"Küsnacht ZH, Boglerenstrasse"
433;610;"BUEH";"Küsnacht ZH, Bühlstrasse"
757;933;"GART";"Küsnacht ZH, Gartenstrasse"
434;1011;"GOBA";"Küsnacht ZH, Goldbacherstrasse"
756;1106;"HABA";"Küsnacht ZH, Hallenbad"
589;1182;"HESL";"Küsnacht ZH, Hesligenstrasse"
590;1189;"HIST";"Küsnacht ZH, Himmelistrasse"
592;1769;"OBHE";"Küsnacht ZH, Obere Heslibachst"
758;1779;"OBFE";"Küsnacht ZH, Oberfeld"
487;1818;"OBWA";"Küsnacht ZH, Oberwacht"
593;2122;"RAEN";"Küsnacht ZH, Ränkestrasse"
755;2043;"RKIK";"Küsnacht ZH, Reform. Kirche"
437;2167;"SIHG";"Küsnacht ZH, Schiedhaldensteig"
436;2168;"SIHE";"Küsnacht ZH, Schiedhaldenstr."
438;2327;"SUEB";"Küsnacht ZH, Schübel"
488;3744;"ZENK";"Küsnacht ZH, Zentrum"
266;12504;"LWIE99";"Langwies ZH"
270;12506;"MAI99";"Maiacher"
424;3134;"MASC";"Maur, Aschbach"
6;678;"MDOR";"Maur, Dorf"
5;1403;"MKIR";"Maur, Kirche"
7;1892;"MPLA";"Maur, Platten"
4;2342;"MSEE";"Maur, See"
269;12508;"NFOR99";"Neue Forch"
263;12509;"NHA99";"Neuhaus bei Hinteregg"
207;748;"EGGB";"Oberengstringen, Eggbühl"
206;1516;"LANZ";"Oberengstringen, Lanzrain"
204;1862;"PAEN";"Oberengstringen, Paradies"
205;2984;"OBEE";"Oberengstringen, Zentrum"
695;1094;"OHAL";"Oetwil an der Limmat, Halde"
694;1759;"OBDO";"Oetwil an der Limmat, Oberdorf"
693;1964;"OPOS";"Oetwil an der Limmat, Post"
677;2286;"SCHU07";"Opfikon, Schulstrasse"
676;6808;"OSCH07";"Opfikon, Schwimmbad"
18;833;"FELH";"Pfaffhausen, Feldhof"
12;1873;"PMUE";"Pfaffhausen, Müseren"
20;1871;"PFAF";"Pfaffhausen, Pfaffenstein"
19;2622;"SAGG";"Pfaffhausen, Sängglen"
489;641;"CRUZ07";"Regensdorf, Chrüzächer"
490;2986;"ZREG07";"Regensdorf, Zentrum"
522;6507;"RBAU07";"Rümlang, Bäuler"
691;1799;"RGEM07";"Rümlang, Gemeindehaus"
690;6682;"RHOE07";"Rümlang, Hörnlistrasse"
689;1542;"RLET07";"Rümlang, Letten"
692;1763;"ORUE07";"Rümlang, Oberdorf"
453;3186;"RUEB";"Rüschlikon, Bahnhof"
456;443;"BELV";"Rüschlikon, Belvoir"
604;515;"BODE";"Rüschlikon, Bodengasse"
459;6448;"EGGR";"Rüschlikon, Eggrain"
455;1505;"LANH";"Rüschlikon, Langhaldenstrasse"
458;6447;"LRAI";"Rüschlikon, Loorain"
460;1657;"MOOS";"Rüschlikon, Moosstrasse"
461;6492;"RPAR";"Rüschlikon, Park im Grüene"
452;6009;"RREB";"Rüschlikon, Rebsteig"
457;3187;"RSAU";"Rüschlikon, Säumerstrasse"
605;410;"BSRU";"Rüschlikon, Schlossstrasse"
454;2852;"WEID";"Rüschlikon, Weidstrasse"
262;12166;"SCH99";"Scheuren"
587;2166;"SCHE";"Scheuren, Station"
215;6347;"SCHB";"Schlieren, Bahnhof"
217;550;"BRUG";"Schlieren, Brunngasse"
214;838;"FSTR";"Schlieren, Feldstrasse"
323;935;"GASO";"Schlieren, Gasometerbrücke"
219;1151;"HEIM";"Schlieren, Heimeliweg"
744;1327;"IGAS";"Schlieren, Industrie Gaswerk"
535;1388;"KESS";"Schlieren, Kesslerstrasse"
322;1690;"MULL";"Schlieren, Mülligen"
218;1694;"NASS";"Schlieren, Nassacker"
557;2051;"REIT";"Schlieren, Reitmen"
745;2141;"RUST";"Schlieren, Rütistrasse"
220;2436;"SPLI";"Schlieren, Spital Limmattal"
556;3748;"STAK";"Schlieren, Steinacker"
213;2631;"TAWI";"Schlieren, Talacker-Windegg"
324;2798;"WAGO";"Schlieren, Wagonsfabrik"
538;2237;"SZEN";"Schlieren, Zentrum"
216;2236;"SCHL";"Schlieren, Zentrum/Bahnhof"
28;2307;"BSCH";"Schwerzenbach ZH, Bahnhof"
27;684;"DORS";"Schwerzenbach ZH, Dorf"
274;12438;"SZFB99";"Spital Zollikerberg"
563;6586;"CESP";"Spreitenb, Center Spreitenbach"
560;6663;"SPAL";"Spreitenbach, Altersheim"
558;3460;"ASPS";"Spreitenbach, Asp"
566;6300;"SBRE";"Spreitenbach, Breiti"
559;3520;"BRUL";"Spreitenbach, Brüel"
564;6301;"FURT";"Spreitenbach, Furttalstrasse"
491;6958;"SGLA";"Spreitenbach, Glattler"
562;6462;"IKEA";"Spreitenbach, Ikea"
565;6303;"SINT";"Spreitenbach, Interio"
561;2384;"SCEN";"Spreitenbach, Shopping Center"
464;2412;"FELD01";"Thalwil, Feldstrasse"
466;1684;"MUBA01";"Thalwil, Mühlebachplatz"
468;3378;"PTHA01";"Thalwil, Post"
465;2333;"THSH01";"Thalwil, Schützenhaus"
462;4108;"SEHA01";"Thalwil, Seehaldenstrasse"
463;6856;"TSON01";"Thalwil, Sonnenberg"
467;2989;"TZEN01";"Thalwil, Zentrum"
476;687;"UITIDRF";"Uitikon, Dorf"
241;29;"AEGU";"Unterengstringen, Aegelsee"
211;743;"ECKS";"Unterengstringen, Eckstein"
203;1498;"LANA";"Unterengstringen, Langacher"
212;6724;"ULAN";"Unterengstringen, Langwisen"
202;6825;"USEN";"Unterengstringen, Sennenbüel"
210;2751;"USNO";"Unterengstringen, Sennenbüel N"
227;2767;"BWEI";"Urdorf Weihermatt, Bahnhof"
221;831;"FEGG";"Urdorf, Feldegg"
746;6297;"HEIN";"Urdorf, Heinrich-Stutz-Strasse"
554;1178;"HWEG";"Urdorf, Herweg"
555;1586;"LUBE";"Urdorf, Luberzen"
224;1725;"NEUT";"Urdorf, Neumatt"
707;1726;"NMAT";"Urdorf, Neumattstrasse"
223;1731;"NURD";"Urdorf, Niederurdorf"
537;3589;"OBUR";"Urdorf, Oberurdorf"
706;2024;"RAIW";"Urdorf, Rainweg"
222;2238;"SCHS";"Urdorf, Schlierenstrasse"
536;3590;"SONU";"Urdorf, Sonne"
225;2440;"SPIT";"Urdorf, Spitzacker"
226;2732;"UITI";"Urdorf, Uitikonerstrasse"
275;12807;"WAB99";"Waldburg"
484;2807;"WABG";"Waldburg, Station"
473;3356;"WALBIST";"Waldegg, Birmensdorferstrasse"
474;6907;"WALDLEU";"Waldegg, Leuen"
477;1991;"WALPOST";"Waldegg, Post"
529;2820;"BWAL07";"Wallisellen, Bahnhof"
528;439;"BELA07";"Wallisellen, Belair"
681;3241;"WFLO07";"Wallisellen, Florastrasse"
569;2983;"WGLA";"Wallisellen, Glatt (Bus)"
530;6735;"WGLA07";"Wallisellen, Glatt (Tram)"
527;1176;"HRTI07";"Wallisellen, Herti"
531;6659;"WNEU07";"Wallisellen, Neugut"
272;12826;"WAL99";"Waltikon"
669;1266;"WHAE";"Wangen, Hätzelwisen"
668;6364;"STIE";"Wangen, Stierwisen"
670;2850;"WELI";"Wangen, Weidli"
228;3183;"AEGW";"Weiningen ZH, Aegelsee"
229;125;"AUSW";"Weiningen ZH, Ausserdorf"
230;1571;"WLIN";"Weiningen ZH, Lindenplatz"
231;2268;"SWEI";"Weiningen ZH, Schulhaus"
485;6254;"LAEN";"Zollikerb., Langägerten/Spital"
273;13002;"ZOB99";"Zollikerberg"
715;3826;"HASE";"Zollikerberg, Hasenbart"
751;1792;"OBHU";"Zollikerberg, Oberhueb"
749;6470;"RESI";"Zollikerberg, Resirain"
750;2375;"SENN";"Zollikerberg, Sennhof"
714;3756;"SZOL";"Zollikerberg, Spital"
648;3002;"ZOBE";"Zollikerberg, Station"
716;3747;"TRIC";"Zollikerberg, Trichtenhauserm."
482;53;"ZALL";"Zollikon, Allmend"
651;3003;"BZOL";"Zollikon, Bahnhof"
428;418;"BUEB";"Zollikon, Bahnübergang"
431;476;"BEUG";"Zollikon, Beugi"
430;715;"DUFP";"Zollikon, Dufourplatz"
429;824;"FBST";"Zollikon, Felbenstrasse"
425;6044;"GAAZ";"Zollikon, Garage G.-Maurer-Str"
480;961;"GDEH";"Zollikon, Gemeindehaus"
432;1013;"GOHA";"Zollikon, Goldhaldenplatz"
481;1277;"HSTR";"Zollikon, Höhestrasse"
649;2040;"RWIE";"Zollikon, Rebwiesstrasse"
483;2341;"SUET";"Zollikon, Schützenstrasse"
650;2363;"SEES";"Zollikon, Seestrasse"
271;12543;"ZUMI99";"Zumikon"
752;705;"DOZE";"Zumikon, Dorfzentrum"
486;1075;"GOES";"Zumikon, Gössikon"
753;2826;"WALT";"Zumikon, Waltikon"
525;3027;"FLUG07";"Zürich Flughafen, Bahnhof"
526;6232;"FRAF07";"Zürich Flughafen, Fracht"
645;7;"AARG";"Zürich, Aargauerstrasse"
390;46;"ALBG";"Zürich, Albisgütli"
594;3797;"ARAN";"Zürich, Albisrank"
90;47;"ALBR";"Zürich, Albisrieden"
89;3705;"ALBD";"Zürich, Albisriederdörfli"
31;48;"ALBP";"Zürich, Albisriederplatz"
394;67;"ATRO";"Zürich, Alte Trotte"
502;70;"ALTE";"Zürich, Altenhofstrasse"
614;3706;"AHOS";"Zürich, Althoos"
164;88;"ALTR";"Zürich, Altried"
683;3150;"AMBO";"Zürich, Am Börtli"
600;92;"AMSU";"Zürich, Am Suteracher"
682;3151;"APPE";"Zürich, Appenzellerstrasse"
380;6627;"ASPH";"Zürich, Aspholz"
367;114;"AUBR";"Zürich, Aubrücke"
301;128;"AUSS";"Zürich, Ausserdorfstrasse"
132;132;"ZAUZ";"Zürich, Auzelg"
738;134;"AUZO";"Zürich, Auzelg Ost"
253;137;"BACH";"Zürich, Bachmattstrasse"
315;1234;"BANL";"Zürich, Bäckeranlage"
123;144;"BADA";"Zürich, Bad Allenmoos"
378;3021;"BAFF";"Zürich, Bahnhof Affoltern"
84;3022;"BALT";"Zürich, Bahnhof Altstetten"
209;5001;"BALN";"Zürich, Bahnhof Altstetten N"
188;3026;"ENGE";"Zürich, Bahnhof Enge"
356;199;"BEDE";"Zürich, Bahnhof Enge/Bederstr."
39;3029;"HSBB";"Zürich, Bahnhof Hardbrücke"
360;2547;"BLEI";"Zürich, Bahnhof Leimbach"
125;3034;"BOER";"Zürich, Bahnhof Oerlikon"
66;6255;"BOEN";"Zürich, Bahnhof Oerlikon Nord"
297;3447;"BOEO";"Zürich, Bahnhof Oerlikon Ost"
396;2551;"BSEL";"Zürich, Bahnhof Selnau"
108;3039;"BSTA";"Zürich, Bahnhof Stadelhofen"
200;2575;"BSTE";"Zürich, Bahnhof Stettbach"
63;3041;"BTIE";"Zürich, Bahnhof Tiefenbrunnen"
140;3042;"BWIE";"Zürich, Bahnhof Wiedikon"
43;3043;"BWIP";"Zürich, Bahnhof Wipkingen"
311;412;"BPLA";"Zürich, Bahnhofplatz/HB"
101;413;"BQUA";"Zürich, Bahnhofquai/HB"
102;416;"BSTR";"Zürich, Bahnhofstrasse/HB"
114;421;"BALG";"Zürich, Balgrist"
445;592;"BAEN";"Zürich, Bändliweg"
597;427;"BASL";"Zürich, Baslerstrasse"
118;435;"BECK";"Zürich, Beckenhof"
107;440;"BELL";"Zürich, Bellevue"
501;455;"BERH";"Zürich, Berghaldenstrasse"
571;459;"BDOL";"Zürich, Bergstation Dolderbahn"
295;465;"BERN";"Zürich, Berninaplatz"
327;467;"BERO";"Zürich, Bernoulli-Häuser"
168;468;"BERT";"Zürich, Bertastrasse"
619;3587;"BERU";"Zürich, Berufswahlschule"
177;470;"BESE";"Zürich, Besenrainstrasse"
51;471;"BETH";"Zürich, Bethanien"
242;478;"BEZI";"Zürich, Bezirksgebäude"
469;3774;"BWOB";"Zürich, Bhf Wollishofen (Bus)"
184;3044;"BWOL";"Zürich, Bhf Wollishofen (Tram)"
185;488;"BILO";"Zürich, Billoweg"
479;493;"BINZ";"Zürich, Binz"
514;3714;"BINC";"Zürich, Binz Center"
302;497;"BIGL";"Zürich, Birch-/Glatttalstrasse"
402;498;"BIRD";"Zürich, Birchdörfli"
418;3445;"BIBE";"Zürich, Bircher-Benner"
68;3449;"BIRC";"Zürich, Birchstrasse"
507;508;"BLEU";"Zürich, Bleulerstrasse"
379;6626;"BLUM";"Zürich, Blumenfeldstrasse"
762;3715;"BOST";"Zürich, Bocklerstrasse"
310;3789;"BOLL";"Zürich, Bollingerweg"
105;601;"BOES";"Zürich, Börsenstrasse"
59;3645;"BOGA";"Zürich, Botanischer Garten"
492;530;"BRAN";"Zürich, Brandschenkestrasse"
85;542;"BRIS";"Zürich, Bristenstrasse"
174;546;"BRUM";"Zürich, Brunau/Mutschellenstr."
186;547;"BRUN";"Zürich, Brunaustrasse"
121;564;"BUCH";"Zürich, Bucheggplatz"
723;3787;"BUHO";"Zürich, Buchholz"
307;573;"BUHN";"Zürich, Buhnstrasse"
113;580;"BURG";"Zürich, Burgwies"
106;615;"BURK";"Zürich, Bürkliplatz"
182;586;"BUTZ";"Zürich, Butzenstrasse"
16;617;"CARL";"Zürich, Carl-Spitteler-Strasse"
138;619;"CENT";"Zürich, Central"
69;3450;"CHAL";"Zürich, Chaletweg"
427;3717;"CHIN";"Zürich, Chinagarten"
96;648;"DAMM";"Zürich, Dammweg"
652;649;"DANG";"Zürich, Dangelstrasse"
180;6055;"DEP2";"Zürich, Depot 2 Wollishofen"
139;6030;"DEP4";"Zürich, Depot 4 Elisabethenstr"
95;6031;"DEP5";"Zürich, Depot 5 Hard"
166;6032;"DEP7";"Zürich, Depot 7 Irchel"
387;6033;"DEP8";"Zürich, Depot 8 Oerlikon"
570;6421;"DEPD";"Zürich, Depot Dolderbahn"
625;694;"DORF";"Zürich, Dorflinde"
382;708;"DREI";"Zürich, Dreispitz"
417;711;"DREW";"Zürich, Dreiwiesen"
499;713;"DRUS";"Zürich, Drusbergstrasse"
332;716;"DUNK";"Zürich, Dunkelhölzli"
376;767;"EINF";"Zürich, Einfangstrasse"
426;769;"ELWA";"Zürich, Elektrowatt"
133;788;"ENGV";"Zürich, Englischviertelstrasse"
505;3594;"EPIK";"Zürich, EPI-Klinik"
393;800;"EGUT";"Zürich, Eschergutweg"
41;799;"EWYS";"Zürich, Escher-Wyss-Platz"
74;735;"ETHH";"Zürich, ETH Hönggerberg"
149;736;"ETHZ";"Zürich, ETH/Universitätsspital"
671;3446;"ETTE";"Zürich, Ettenfeld"
254;821;"FARB";"Zürich, Farbhof"
245;832;"FELD";"Zürich, Feldeggstrasse"
511;840;"FELL";"Zürich, Fellenbergstrasse"
298;845;"FELS";"Zürich, Felsenrainstrasse"
131;6460;"ZFER";"Zürich, Fernsehstudio"
599;852;"FEUS";"Zürich, Feusisbergli"
326;857;"FWEG";"Zürich, Fischerweg"
580;859;"FLOB";"Zürich, Flobotstrasse"
504;868;"FLUE";"Zürich, Flühgasse"
595;867;"FLUR";"Zürich, Flurstrasse"
325;927;"FOER";"Zürich, Förrlibuckstrasse"
208;872;"FRAN";"Zürich, Frankental"
57;3466;"FRST";"Zürich, Freiestrasse"
250;883;"FREI";"Zürich, Freihofstrasse"
626;888;"FRIA";"Zürich, Friedackerstrasse"
603;893;"FEIC";"Zürich, Friedhof Eichbühl"
115;894;"ENZE";"Zürich, Friedhof Enzenbühl"
686;895;"FHOE";"Zürich, Friedhof Hönggerberg"
617;896;"FSWA";"Zürich, Friedhof Schwandenholz"
167;897;"FSIH";"Zürich, Friedhof Sihlfeld"
736;898;"FUET";"Zürich, Friedhof Uetliberg"
13;899;"FWIT";"Zürich, Friedhof Witikon"
628;901;"FRDR";"Zürich, Friedrichstrasse"
410;902;"FRIB";"Zürich, Friesenberg"
735;903;"FRIH";"Zürich, Friesenberghalde"
411;904;"FRIE";"Zürich, Friesenbergstrasse"
627;908;"FROB";"Zürich, Frohburg"
61;917;"FROE";"Zürich, Fröhlichstrasse"
515;914;"FRON";"Zürich, Fronwald"
359;916;"FRYM";"Zürich, Frymannstrasse"
30;6034;"GAR6";"Zürich, Garage 6 Hardau"
65;6035;"GAR9";"Zürich, Garage 9 Hagenholz"
637;944;"GEER";"Zürich, Geeringstrasse"
256;971;"GERM";"Zürich, Germaniastrasse"
519;972;"GESS";"Zürich, Gessnerallee"
635;979;"GIBL";"Zürich, Giblenstrasse"
197;998;"GLAT";"Zürich, Glattwiesen"
94;1000;"GLAU";"Zürich, Glaubtenstrasse"
71;6975;"GLNO";"Zürich, Glaubtenstrasse Nord"
93;6020;"GLAS";"Zürich, Glaubtenstrasse Süd"
14;3444;"GLOK";"Zürich, Glockenacker"
91;1007;"GOLD";"Zürich, Goldackerweg"
142;1012;"GOLP";"Zürich, Goldbrunnenplatz"
252;1026;"GRIM";"Zürich, Grimselstrasse"
513;489;"GRUB";"Zürich, Grubenstrasse"
328;1041;"GRUN";"Zürich, Grünaustrasse"
195;1061;"GUGG";"Zürich, Guggachstrasse"
401;1076;"GUET";"Zürich, Güterbahnhof"
508;1073;"GUTS";"Zürich, Gutstrasse"
150;1098;"HALB";"Zürich, Haldenbach"
191;1100;"HEGG";"Zürich, Haldenegg"
373;3760;"HALO";"Zürich, Hallenbad Oerlikon"
444;1120;"HARH";"Zürich, Hardhof"
38;1122;"HARP";"Zürich, Hardplatz"
443;2447;"SPOH";"Zürich, Hardturm"
111;1138;"HEDW";"Zürich, Hedwigsteig"
161;1139;"HEER";"Zürich, Heerenwiesen"
413;1143;"HEGA";"Zürich, Hegianwandweg"
58;1144;"HEGI";"Zürich, Hegibachplatz"
636;1156;"HEIZ";"Zürich, Heizenholz"
385;1157;"HELM";"Zürich, Helmhaus"
400;1158;"HELV";"Zürich, Helvetiaplatz"
370;1160;"HERB";"Zürich, Herbstweg"
316;1162;"HERD";"Zürich, Herdernstrasse"
618;1175;"HERT";"Zürich, Hertensteinstrasse"
368;1179;"HERZ";"Zürich, Herzogenmühlestrasse"
579;1186;"HEUB";"Zürich, Heubeeriweg"
144;1187;"HEUR";"Zürich, Heuried"
308;6250;"HIMM";"Zürich, Himmeri"
64;1194;"HINT";"Zürich, Hinterbergstrasse"
397;1215;"HIRS";"Zürich, Hirschwiesenstrasse"
165;1220;"HIRZ";"Zürich, Hirzenbach"
409;1272;"HOEF";"Zürich, Höfliweg"
54;3469;"HOFS";"Zürich, Hofstrasse"
81;1231;"HOHE";"Zürich, Hohenklingensteig"
56;3470;"HSTG";"Zürich, Hölderlinsteig"
386;1278;"HOEL";"Zürich, Hölderlinstrasse"
404;1239;"HOLZ";"Zürich, Holzerhurd"
75;1280;"HOEB";"Zürich, Hönggerberg"
60;1286;"HOES";"Zürich, Höschgasse"
135;1251;"HOTT";"Zürich, Hottingerplatz"
33;1252;"HUBE";"Zürich, Hubertus"
173;1288;"HUEG";"Zürich, Hügelstrasse"
403;1259;"HUNG";"Zürich, Hungerbergstrasse"
493;1865;"HURL";"Zürich, Hürlimannplatz"
615;1292;"HUER";"Zürich, Hürstholz"
688;1303;"IEBN";"Zürich, Im Ebnet"
509;3123;"IMGU";"Zürich, Im Gut"
412;1307;"IHAG";"Zürich, Im Hagacker"
362;1310;"IHUS";"Zürich, Im Hüsli"
582;1311;"IKLO";"Zürich, Im Klösterli"
506;1315;"IWAL";"Zürich, Im Walder"
620;1316;"IWIN";"Zürich, Im Wingert"
36;1320;"IDEY";"Zürich, In der Ey"
743;3153;"JUCH";"Zürich, Juchhof"
176;1354;"JUGI";"Zürich, Jugendherberge"
494;1356;"KALB";"Zürich, Kalchbühlweg"
313;1358;"KANO";"Zürich, Kanonengasse"
148;1359;"KANT";"Zürich, Kantonsschule"
497;1362;"KAPF";"Zürich, Kapfstrasse"
251;1364;"KAPP";"Zürich, Kappeli"
684;3138;"KABU";"Zürich, Kappenbühlweg"
304;1483;"KAES";"Zürich, Käshaldenstrasse"
631;1379;"KEMP";"Zürich, Kempfhofsteig"
408;1386;"KERN";"Zürich, Kernstrasse"
663;1389;"KIEN";"Zürich, Kienastenwies"
152;1399;"KINK";"Zürich, Kinkelstrasse"
53;1407;"KFLU";"Zürich, Kirche Fluntern"
55;3648;"KLOB";"Zürich, Klosbach"
17;1430;"KLUS";"Zürich, Klusplatz"
305;6304;"KOES";"Zürich, Köschenrüti"
612;1445;"KNOR";"Zürich, Krematorium Nordheim"
32;1446;"KSIH";"Zürich, Krematorium Sihlfeld"
109;1453;"KREU";"Zürich, Kreuzplatz"
244;1456;"KRES";"Zürich, Kreuzstrasse"
119;1468;"KRON";"Zürich, Kronenstrasse"
578;1471;"KROE";"Zürich, Krönleinstrasse"
136;1472;"KUNS";"Zürich, Kunsthaus"
405;1595;"LAEG";"Zürich, Lägernstrasse"
470;3141;"LAND";"Zürich, Landiwiese"
575;1502;"LAST";"Zürich, Langensteinenstrasse"
510;1503;"LANG";"Zürich, Langgrütstrasse"
154;1507;"LANM";"Zürich, Langmauerstrasse"
358;1519;"LAUB";"Zürich, Laubegg"
120;1522;"LAUI";"Zürich, Laubiweg"
629;1528;"LEHE";"Zürich, Lehenstrasse"
303;1532;"LEIM";"Zürich, Leimgrübelstrasse"
73;1539;"LERC";"Zürich, Lerchenhalde"
740;3457;"LERA";"Zürich, Lerchenrain"
639;1547;"LETT";"Zürich, Lettenstrasse"
249;1548;"LETG";"Zürich, Letzigrund"
318;3148;"LETP";"Zürich, Letzipark"
596;1549;"LPAW";"Zürich, Letzipark West"
153;1550;"LETZ";"Zürich, Letzistrasse"
128;1552;"LEUT";"Zürich, Leutschenbach"
98;1557;"LIMM";"Zürich, Limmatplatz"
86;1570;"LIND";"Zürich, Lindenplatz"
247;1579;"LOCH";"Zürich, Lochergut"
601;1581;"LOOG";"Zürich, Loogarten"
15;1584;"LOOR";"Zürich, Loorenstrasse"
398;1608;"LOEW";"Zürich, Löwenplatz"
163;1587;"LUCH";"Zürich, Luchswiesen"
162;1590;"LUEG";"Zürich, Luegisland"
319;1592;"LUGG";"Zürich, Luggwegstrasse"
613;1611;"MAIE";"Zürich, Maienweg"
725;3788;"MAIL";"Zürich, Maillartstrasse"
365;1612;"MANG";"Zürich, Manegg"
170;1614;"MANS";"Zürich, Manesseplatz"
361;1615;"MARB";"Zürich, Marbachweg"
199;1620;"MATT";"Zürich, Mattenhof"
67;3764;"MAXB";"Zürich, Max-Bill-Platz"
76;1626;"MEIE";"Zürich, Meierhofplatz"
127;3154;"MEHA";"Zürich, Messe/Hallenstadion"
321;1640;"MICA";"Zürich, Micafil"
685;1641;"MICH";"Zürich, Michelstrasse"
156;1643;"MIBU";"Zürich, Milchbuck"
314;1644;"MILA";"Zürich, Militär-/Langstrasse"
364;1648;"MITL";"Zürich, Mittelleimbach"
178;1660;"MORG";"Zürich, Morgental"
70;3451;"MOTT";"Zürich, Mötteliweg"
381;6628;"MUEH";"Zürich, Mühlacker"
99;1667;"MUFG";"Zürich, Museum für Gestaltung"
187;1666;"MUSR";"Zürich, Museum Rietberg"
598;1698;"NEES";"Zürich, Neeserweg"
375;1705;"NEUA";"Zürich, Neuaffoltern"
496;1710;"NEUB";"Zürich, Neubühl"
137;1724;"NEUM";"Zürich, Neumarkt"
309;3804;"NBRU";"Zürich, Neunbrunnen"
611;1744;"NORH";"Zürich, Nordheimstrasse"
406;1745;"NORS";"Zürich, Nordstrasse"
44;1753;"NUER";"Zürich, Nürenbergstrasse"
374;1821;"OBEW";"Zürich, Oberwiesenstrasse"
129;6459;"ZOER";"Zürich, Oerlikerhus"
640;3786;"OKEN";"Zürich, Okenstrasse"
243;1845;"OPER";"Zürich, Opernhaus"
739;3001;"ORIO";"Zürich, Orionstrasse"
193;1856;"OTTI";"Zürich, Ottikerstrasse"
104;1861;"PARA";"Zürich, Paradeplatz"
622;1441;"PKAE";"Zürich, Pflegezentr. Käferberg"
276;1889;"PLAT";"Zürich, Platte"
183;2005;"PWOL";"Zürich, Post Wollishofen"
198;2008;"PROB";"Zürich, Probstei"
97;2014;"QUEL";"Zürich, Quellenstrasse"
122;2017;"RADI";"Zürich, Radiostudio"
512;2120;"RAEF";"Zürich, Räffelstrasse"
384;2030;"RATH";"Zürich, Rathaus"
330;2033;"RAUH";"Zürich, Rautihalde"
87;2034;"RAUT";"Zürich, Rautistrasse"
630;2035;"REBE";"Zürich, Rebbergsteig"
124;2045;"REGB";"Zürich, Regensbergbrücke"
116;2549;"REHA";"Zürich, Rehalp"
103;2054;"RAUG";"Zürich, Rennweg"
355;2055;"RENT";"Zürich, Rentenanstalt"
372;2069;"RIEG";"Zürich, Riedgraben"
712;3122;"RIEH";"Zürich, Riedhofstrasse"
259;2090;"BERG";"Zürich, Rigiblick"
134;2124;"ROEM";"Zürich, Römerhof"
407;2127;"ROEN";"Zürich, Röntgenstrasse"
42;2104;"ROSE";"Zürich, Rosengartenstrasse"
194;2128;"ROES";"Zürich, Röslistrasse"
196;2107;"ROSW";"Zürich, Roswiesen"
45;2108;"ROTB";"Zürich, Rotbuchstrasse"
447;2109;"ROTE";"Zürich, Rote Fabrik"
383;2113;"RBRU";"Zürich, Rudolf-Brun-Brücke"
638;2140;"RUET";"Zürich, Rütihof"
357;2550;"SAAL";"Zürich, Saalsporthalle"
371;2145;"SAAT";"Zürich, Saatlenstrasse"
34;2147;"SACK";"Zürich, Sackzelg"
296;2151;"SALE";"Zürich, Salersteig"
331;2152;"SALZ";"Zürich, Salzweg"
317;2142;"SBBW";"Zürich, SBB-Werkstätte"
46;2158;"SPLA";"Zürich, Schaffhauserplatz"
581;6776;"SANZ";"Zürich, Schanzackerstrasse"
576;2314;"SAPI";"Zürich, Schäppiweg"
741;3458;"PSCH";"Zürich, Schauenberg"
399;2160;"SCHA";"Zürich, Schaufelbergerstrasse"
47;2164;"SCHZ";"Zürich, Scheuchzerstrasse"
40;6759;"SBAU";"Zürich, Schiffbau"
498;2251;"SYFI";"Zürich, Schlyfi"
141;2256;"SWIE";"Zürich, Schmiede Wiedikon"
306;2320;"SCHG";"Zürich, Schönauring"
159;2326;"SCHO";"Zürich, Schörlistrasse"
35;3155;"ALTW";"Zürich, Schulhaus Altweg"
329;2276;"BUCL";"Zürich, Schulhaus Buchlern"
72;2289;"SWEG";"Zürich, Schumacherweg"
568;2329;"SURG";"Zürich, Schürgistrasse"
687;3566;"SHOE";"Zürich, Schützenhaus Höngg"
160;2294;"SCHW";"Zürich, Schwamendingerplatz"
517;2298;"SHOL";"Zürich, Schwandenholz"
478;2302;"SHOF";"Zürich, Schweighof"
472;3477;"SRUC";"Zürich, Schweizer Rück"
395;2306;"SCHT";"Zürich, Schwert"
300;2346;"SEEB";"Zürich, Seebach"
299;1275;"SEPL";"Zürich, Seebacherplatz"
448;2834;"SEER";"Zürich, Seerose"
634;2364;"SEGA";"Zürich, Segantinistrasse"
720;3767;"SEGE";"Zürich, Segeten"
320;2366;"SEID";"Zürich, Seidelhof"
48;2367;"RIGI";"Zürich, Seilbahn Rigiblick"
647;2385;"SIEM";"Zürich, Siemens"
110;2388;"SIGN";"Zürich, Signaustrasse"
713;6463;"SIHC";"Zürich, Sihlcity"
171;2771;"SIHN";"Zürich, Sihlcity Nord"
312;1366;"SIHP";"Zürich, Sihlpost / HB"
100;2395;"SIHL";"Zürich, Sihlquai/HB"
147;2396;"SIHS";"Zürich, Sihlstrasse"
363;2398;"SIHW";"Zürich, Sihlweidstrasse"
633;2402;"SING";"Zürich, Singlistrasse"
602;6003;"SOLP";"Zürich, Solidapark"
192;2411;"SONN";"Zürich, Sonneggstrasse"
644;2449;"SPOW";"Zürich, Sportweg"
641;2450;"SPRE";"Zürich, Sprecherstrasse"
50;2451;"SPYR";"Zürich, Spyriplatz"
577;2452;"SPYS";"Zürich, Spyristeig"
449;2461;"STAD";"Zürich, Stadtgrenze"
117;2474;"STAM";"Zürich, Stampfenbachplatz"
616;3768;"STBU";"Zürich, Staudenbühl"
146;2556;"STAU";"Zürich, Stauffacher"
126;2572;"SOER";"Zürich, Sternen Oerlikon"
724;6117;"SRIE";"Zürich, Stierenried"
190;2582;"STOC";"Zürich, Stockerstrasse"
721;3765;"STOD";"Zürich, Stodolastrasse"
389;2596;"STRV";"Zürich, Strassenverkehrsamt"
574;2598;"STRI";"Zürich, Strickhof"
471;3522;"SUKK";"Zürich, Sukkulentensammlung"
653;2612;"SUNN";"Zürich, Sunnau"
279;2618;"SUSE";"Zürich, Susenbergstrasse"
143;2638;"TALW";"Zürich, Talwiesenstrasse"
642;3453;"TECH";"Zürich, Technopark"
175;2659;"THUJ";"Zürich, Thujastrasse"
157;2666;"TIER";"Zürich, Tierspital"
573;2667;"TITL";"Zürich, Titlisstrasse"
281;2671;"TOBE";"Zürich, Tobelhof"
52;2673;"TOBL";"Zürich, Toblerplatz"
643;718;"TONA";"Zürich, Toni-Areal"
718;3769;"TFUS";"Zürich, Trichtenhausenfussweg"
717;6416;"TRSA";"Zürich, Trichtisal"
37;2680;"TRIE";"Zürich, Triemli"
92;2682;"TRIS";"Zürich, Triemlispital"
83;2707;"TUEF";"Zürich, Tüffenwies"
369;2688;"TULP";"Zürich, Tulpenstrasse"
189;2689;"TUNN";"Zürich, Tunnelstrasse"
388;2722;"UETL";"Zürich, Uetlihof"
155;1334;"IRCH";"Zürich, Universität Irchel"
516;2737;"UAFF";"Zürich, Unteraffoltern"
88;2754;"UNTM";"Zürich, Untermoosstrasse"
366;2776;"VERE";"Zürich, Verenastrasse"
49;2779;"VOGE";"Zürich, Vogelsangstrasse"
277;2788;"VOLT";"Zürich, Voltastrasse"
742;3588;"VULK";"Zürich, Vulkanstrasse"
179;6019;"WAFB";"Zürich, Waffenplatz-/Bederstr."
172;2795;"WAFF";"Zürich, Waffenplatzstrasse"
621;2799;"WAIB";"Zürich, Waidbadstrasse"
392;2800;"WAIF";"Zürich, Waidfussweg"
518;2801;"WAIH";"Zürich, Waidhof"
623;2803;"WAIS";"Zürich, Waidspital"
158;2814;"WALD";"Zürich, Waldgarten"
572;2815;"WDOL";"Zürich, Waldhaus Dolder"
78;2831;"WART";"Zürich, Wartau"
500;2836;"WASE";"Zürich, Waserstrasse"
624;2858;"WEIH";"Zürich, Weihersteig"
145;6238;"WERE";"Zürich, Werd"
446;2872;"WERD";"Zürich, Werdhölzli"
112;2879;"WETL";"Zürich, Wetlistrasse"
495;2889;"WIDM";"Zürich, Widmerstrasse"
632;2899;"WIES";"Zürich, Wieslergasse"
719;3772;"WACH";"Zürich, Wiesliacher"
62;2907;"WILD";"Zürich, Wildbachstrasse"
151;2924;"WINK";"Zürich, Winkelriedstrasse"
82;2934;"WINH";"Zürich, Winzerhalde"
79;2935;"WINZ";"Zürich, Winzerstrasse"
80;6015;"WINS";"Zürich, Winzerstrasse Süd"
391;2937;"WIPK";"Zürich, Wipkingerplatz"
722;3773;"WITZ";"Zürich, Witikon Zentrum"
181;2950;"WOLL";"Zürich, Wollishofen"
503;2956;"WONE";"Zürich, Wonnebergstrasse"
646;6648;"WURZ";"Zürich, Würzgraben"
377;2968;"ZEHN";"Zürich, Zehntenhausplatz"
737;2998;"ZIEL";"Zürich, Zielweg"
280;3005;"ZOO";"Zürich, Zoo"
416;4;"ZOOF";"Zürich, Zoo/Forrenweid"
278;3045;"ZUER";"Zürich, Zürichbergstrasse"
662;3011;"ZWEI";"Zürich, Zweiackerstrasse"
77;3015;"ZWIE";"Zürich, Zwielplatz"
169;3018;"ZWIN";"Zürich, Zwinglihaus"
248;3019;"ZYPR";"Zürich, Zypressenstrasse"
246;1357;"KALK";"Zürich,Kalkbreite/Bhf.Wiedikon"
