"Tagtyp_Id";"Tagtypname";"Bemerkung"
2;"<Unbenutzt>";
7;"14-A-17";"Montag bis Donnerstag, Jahresfahrplan 2017"
15;"14-C-17";"Montag bis Donnerstag, Fahrplanänderung ab 28.08.2017; Linien 31, 301, 303, 309"
6;"15-A-17";"Montag bis Freitag, Jahresfahrplan 2017"
11;"15-B-17";"Montag bis Freitag, Fahrplanänderung ab 27.02.2017; Linien 64, 330, 395"
14;"15-C-17";"Montag bis Freitag, Fahrplanänderung ab 28.08.2017; Linien 31, 301, 303, 309"
5;"55-A-17";"Freitag, Jahresfahrplan 2017"
10;"55-B-17";"Freitag, Fahrplanänderung ab 27.02.2017; Linien 64, 330, 395"
18;"55-C-17";"Freitag, Fahrplanänderung ab 28.08.2017; Linien 31, 301, 303, 309"
4;"66-A-17";"Samstag, Jahresfahrplan 2017"
9;"66-B-17";"Samstag, Fahrplanänderung ab 27.02.2017; Linien 64, 330, 395"
17;"66-C-17";"Samstag, Fahrplanänderung ab 28.08.2017; Linien 31, 301, 303, 309"
3;"77-A-17";"Sonntag, Jahresfahrplan 2017"
8;"77-B-17";"Sonntag, Fahrplanänderung ab 27.02.2017; Linien 64, 330, 395"
16;"77-C-17";"Sonntag, Fahrplanänderung ab 28.08.2017; Linien 31, 301, 303, 309"
13;"99-A-17";"Montag bis Freitag, Ferienfahrplan und Umbau Central (10.07.2017 - 11.08.2017); Linien 3, 5, 7, 8, 10, 12, 11, 15, 17, 22, 32, 34, 46, 80"
40000002;"<Unbenutzt>";
