"Haltestellen_Id";"Haltestellennummer";"Haltestellenkurzname";"Haltestellenlangname"
419;6594;"AHOR";"Adliswil, Ahornweg"
421;148;"ABAD01";"Adliswil, Badstrasse"
409;28;"BADL01";"Adliswil, Bahnhof"
404;1004;"BALD01";"Adliswil, Baldernstrasse"
406;514;"BACK01";"Adliswil, Bodenacker"
425;602;"BUEC01";"Adliswil, BÃ¼chel"
418;7041;"ADIE01";"Adliswil, Dietlimoos"
407;830;"FBLU01";"Adliswil, Feldblumenstrasse"
422;6961;"AGRU";"Adliswil, Grundstrasse"
414;6437;"GRUT";"Adliswil, GrÃ¼t"
420;1227;"HOFA01";"Adliswil, Hofackerstrasse"
412;1462;"KROA01";"Adliswil, Krone"
424;1496;"LANJ01";"Adliswil, Landolt-Junker-Str."
417;6592;"ADMO";"Adliswil, Moos"
408;2006;"POST01";"Adliswil, Poststrasse"
410;2087;"RIFE01";"Adliswil, Rifertstrasse"
411;2280;"SHKO01";"Adliswil, Schulhaus Kopfholz"
415;7042;"ASUN01";"Adliswil, Sunnau"
413;2660;"TIAK01";"Adliswil, Tiefacker"
423;2830;"WANH01";"Adliswil, Wanneten-/Haldenstr."
405;2015;"ADZOPF01";"Adliswil, Zopf"
605;6600;"IMBR";"Aesch bei Maur, Im BrÃ¼nneli"
606;6599;"ZOLL";"Aesch bei Maur, Zollingerheim"
448;445;"BEBO";"Benglen, Bodenacher"
447;446;"BGER";"Benglen, Gerlisbrunnen"
449;6778;"BLAN";"Benglen, Langwis"
656;425;"DBAL";"Bergdietikon, Baltenschwil"
654;457;"BERL";"Bergdietikon, Bergli"
653;466;"BOLD";"Bergdietikon, Bernold"
657;729;"DUEN";"Bergdietikon, DÃ¼nni"
557;6855;"GAL2";"Bergdietikon, Garage 2 LIBU"
655;2085;"RIEW";"Bergdietikon, Rietwies"
652;2789;"VORB";"Bergdietikon, VorbÃ¼hl"
604;6779;"BBAU";"Binz bei Maur, Bautacher"
458;3467;"FMAT";"Binz bei Maur, Fridlimatt"
457;490;"BGAS";"Binz bei Maur, Gassacher"
446;6999;"TWÃR";"Binz bei Maur, TwÃ¤racher"
476;501;"BIRBAH";"Birmensdorf ZH, Bahnhof"
489;6976;"BIRBAS";"Birmensdorf ZH, Bahnhof SÃ¼d"
712;1770;"BIROBE";"Birmensdorf ZH, Obere Risi"
477;6744;"RIST";"Birmensdorf ZH, Ristet"
711;2570;"BIRWSL";"Birmensdorf ZH, Sternen/WSL"
713;2748;"BIRUNT";"Birmensdorf ZH, Untere Risi"
428;657;"BDIE";"Dietikon, Bahnhof"
485;502;"BIRM";"Dietikon, Birmensdorferstrasse"
487;725;"DOER";"Dietikon, DÃ¶rfli"
426;6038;"GALI";"Dietikon, Garage Limmatbus AG"
734;990;"GJUC";"Dietikon, Gjuchstrasse"
618;6693;"DGYR";"Dietikon, Gyrhalden"
561;1091;"HAGA";"Dietikon, Hagackerstrasse"
593;1265;"HATS";"Dietikon, HÃ¤tschen"
589;6894;"DHEI";"Dietikon, Heimstrasse"
486;1226;"HACK";"Dietikon, Hofacker"
620;6695;"DLAE";"Dietikon, LÃ¤tten"
560;1540;"LERZ";"Dietikon, Lerzen"
658;1616;"MARW";"Dietikon, Marmori-Weiher"
562;2399;"DMOO";"Dietikon, Moosmatt"
594;1758;"ODIE";"Dietikon, Oberdorf"
735;1843;"OETW";"Dietikon, Oetwilerstrasse"
559;1868;"PEST";"Dietikon, Pestalozzi"
558;1039;"DRAP";"Dietikon, Rapidplatz"
764;3472;"SWER";"Dietikon, SchÃ¶nenwerd"
563;6262;"DSIL";"Dietikon, Silbern"
488;2406;"SOME";"Dietikon, Sommerau"
591;6261;"STHA";"Dietikon, Stadthalle Ost"
595;3344;"DSTA";"Dietikon, Stadthaus"
596;2471;"STAF";"Dietikon, Staffelackerstrasse"
592;2569;"STEA";"Dietikon, Stelzenacker"
619;6694;"WEST";"Dietikon, Weidstrasse"
621;6698;"DWEI";"Dietikon, Weinberg"
505;81;"ALTZ07";"DÃ¼bendorf, Alterszentrum"
380;6660;"DARI07";"DÃ¼bendorf, Am Ring"
502;2422;"DBRE07";"DÃ¼bendorf, Breitibach"
750;6986;"DHOS07";"DÃ¼bendorf, Hochbord SÃ¼d"
504;1228;"HOFF07";"DÃ¼bendorf, Hoffnung"
500;1273;"DHOG07";"DÃ¼bendorf, HÃ¶gler"
597;1478;"KAMM07";"DÃ¼bendorf, KÃ¤mmaten"
499;1414;"KWIL07";"DÃ¼bendorf, Kirche Wil"
381;3785;"RINW07";"DÃ¼bendorf, Ringwiesen"
503;6346;"DSON07";"DÃ¼bendorf, Sonnental"
501;2838;"DWAS07";"DÃ¼bendorf, Wasserfurren"
455;738;"EBDO";"Ebmatingen, Dorf"
456;1527;"LEEA";"Ebmatingen, Leeacherstrasse"
454;1583;"MLOR";"Ebmatingen, Looren"
433;6591;"GAAN";"Effretikon, Garage Andres"
241;12487;"EGG99";"Egg"
243;12488;"EMMA99";"Emmat"
244;10804;"ESSL99";"Esslingen"
587;815;"FAAU";"Fahrweid, Au"
586;548;"BRUS";"Fahrweid, Brunaustrasse"
588;1556;"LIMB";"Fahrweid, LimmatbrÃ¼cke"
498;544;"FBRU";"FÃ¤llanden, Bruggacher"
438;750;"EGGL";"FÃ¤llanden, Eggler"
434;947;"FAEL";"FÃ¤llanden, Gemeindehaus"
435;1324;"FAEI";"FÃ¤llanden, Industrie"
507;3133;"FJUG";"FÃ¤llanden, Jugendherberge"
506;1723;"FNEU";"FÃ¤llanden, Neuhus"
439;2335;"SHUA";"FÃ¤llanden, SchÃ¼tzenhaus"
496;3368;"FWIG";"FÃ¤llanden, Wigarten"
497;2999;"FZIL";"FÃ¤llanden, Zil"
228;12492;"FOR99";"Forch"
227;6046;"DEPF";"Forch, Depot Forchbahn"
583;701;"DOGE";"Geroldswil, Dorfstrasse"
585;1028;"GRIN";"Geroldswil, Grindlen"
626;2303;"SWAK";"Geroldswil, SchweizÃ¤cker"
582;2869;"WELB";"Geroldswil, Welbrig"
584;2982;"ZENT";"Geroldswil, Zentrum"
763;3727;"GLAN";"Glanzenberg, Bahnhof"
383;994;"BGLA07";"Glattbrugg, Bahnhof"
678;909;"FROH07";"Glattbrugg, FrohbÃ¼hlstrasse"
722;3247;"GHOF07";"Glattbrugg, Glatthof"
679;1925;"PGLA07";"Glattbrugg, Post"
681;2082;"RIE07";"Glattbrugg, Riethofstrasse"
385;2758;"UNTR07";"Glattbrugg, Unterriet"
680;992;"GLAG07";"Glattbrugg, Zentrum"
330;6461;"GGLA07";"Glattpark"
718;6510;"GCHA07";"Glattpark, Chavez-Allee"
719;6455;"GLIB07";"Glattpark, Lindbergh-Allee"
382;6508;"GLIN07";"Glattpark, Lindberghplatz"
717;6767;"GWRI07";"Glattpark, Wright-Strasse"
599;1006;"GDOR";"Gockhausen, Dorf"
598;6214;"URSP";"Gockhausen, Ursprungstrasse"
240;12500;"HIE99";"Hinteregg"
524;1341;"ITDO";"Itschnach, Dorf"
525;1342;"ITFA";"Itschnach, Fallacher"
523;2038;"REBW";"Itschnach, Rebweg"
522;2695;"TAEG";"Itschnach, TÃ¤germoos"
692;75;"ALHK";"Kilchberg ZH, Altersheim"
648;118;"AUFB";"Kilchberg ZH, Auf Brunnen"
696;589;"BAEC";"Kilchberg ZH, BÃ¤chlerstrasse"
689;1391;"BKIL";"Kilchberg ZH, Bahnhof"
534;3775;"BEND";"Kilchberg ZH, Bendlikon"
699;6782;"KBRE";"Kilchberg ZH, Breitloo"
698;6781;"KEMI";"Kilchberg ZH, Emilienheim"
691;1018;"GOBI";"Kilchberg ZH, Gottlieb-Binder"
643;1249;"HORN";"Kilchberg ZH, Hornhaldenstr."
649;1401;"KILB";"Kilchberg ZH, Kirche"
646;1457;"KREK";"Kilchberg ZH, Kreuzstrasse"
535;1577;"LISP";"Kilchberg ZH, Lindt & SprÃ¼ngli"
695;3796;"MYTH";"Kilchberg ZH, Mythenstrasse"
697;6780;"KOBE";"Kilchberg ZH, Obere Hornhalde"
644;1863;"PAKI";"Kilchberg ZH, Paradiessteig"
533;1864;"PARU";"Kilchberg ZH, Paradiesstrasse"
645;2154;"SANK";"Kilchberg ZH, Sanatorium"
700;2239;"SLIM";"Kilchberg ZH, Schlimbergstr."
693;2264;"SOKI";"Kilchberg ZH, Schoorenstrasse"
647;2304;"KSCH";"Kilchberg ZH, Schwelle"
459;1440;"KSPI";"Kilchberg ZH, Spital"
694;2580;"STOG";"Kilchberg ZH, Stockengut"
642;2859;"WEIK";"Kilchberg ZH, Weinbergstrasse"
690;2277;"SHDO";"Kilchberg ZH,Schulhaus Dorfstr"
747;3822;"BKIS";"Killwangen, Bahnhof"
650;1397;"KIND";"Kindhausen AG"
651;757;"EIHH";"Kindhausen AG, Eichholz"
386;6506;"BABH07";"Kloten Balsberg, Bahnhof"
682;422;"BALS07";"Kloten, Balsberg Hardacher"
686;527;"BRAM07";"Kloten, Bramen"
684;6266;"KLAE07";"Kloten, LÃ¤gernstrasse"
685;6264;"KNEU07";"Kloten, Neubrunnenstrasse"
687;7019;"WALW07";"Kloten, Waldeggweg"
664;54;"KALL";"KÃ¼snacht ZH, Allmend"
612;1488;"BKUE";"KÃ¼snacht ZH, Bahnhof"
660;462;"BEST";"KÃ¼snacht ZH, Bergstrasse"
518;516;"BOGL";"KÃ¼snacht ZH, Boglerenstrasse"
516;610;"BUEH";"KÃ¼snacht ZH, BÃ¼hlstrasse"
759;933;"GART";"KÃ¼snacht ZH, Gartenstrasse"
517;1011;"GOBA";"KÃ¼snacht ZH, Goldbacherstrasse"
758;1106;"HABA";"KÃ¼snacht ZH, Hallenbad"
662;1182;"HESL";"KÃ¼snacht ZH, Hesligenstrasse"
661;1189;"HIST";"KÃ¼snacht ZH, Himmelistrasse"
659;1769;"OBHE";"KÃ¼snacht ZH, Obere Heslibachst"
760;1779;"OBFE";"KÃ¼snacht ZH, Oberfeld"
610;1818;"OBWA";"KÃ¼snacht ZH, Oberwacht"
663;2122;"RAEN";"KÃ¼snacht ZH, RÃ¤nkestrasse"
757;2043;"RKIK";"KÃ¼snacht ZH, Reform. Kirche"
520;2167;"SIHG";"KÃ¼snacht ZH, Schiedhaldensteig"
519;2168;"SIHE";"KÃ¼snacht ZH, Schiedhaldenstr."
521;2327;"SUEB";"KÃ¼snacht ZH, SchÃ¼bel"
611;3744;"ZENK";"KÃ¼snacht ZH, Zentrum"
242;12504;"LWIE99";"Langwies ZH"
230;12506;"MAI99";"Maiacher"
508;3134;"MASC";"Maur, Aschbach"
452;678;"MDOR";"Maur, Dorf"
451;1403;"MKIR";"Maur, Kirche"
453;1892;"MPLA";"Maur, Platten"
450;2342;"MSEE";"Maur, See"
229;12508;"NFOR99";"Neue Forch"
239;12509;"NHA99";"Neuhaus bei Hinteregg"
495;748;"EGGB";"Oberengstringen, EggbÃ¼hl"
494;1516;"LANZ";"Oberengstringen, Lanzrain"
492;1862;"PAEN";"Oberengstringen, Paradies"
493;2984;"OBEE";"Oberengstringen, Zentrum"
622;7020;"OSCH";"Oetwil a.d.L., SchweizÃ¤cker"
623;1094;"OHAL";"Oetwil an der Limmat, Halde"
625;1759;"OBDO";"Oetwil an der Limmat, Oberdorf"
624;1964;"OPOS";"Oetwil an der Limmat, Post"
720;2286;"SCHU07";"Opfikon, Schulstrasse"
721;6808;"OSCH07";"Opfikon, Schwimmbad"
442;833;"FELH";"Pfaffhausen, Feldhof"
443;1873;"PMUE";"Pfaffhausen, MÃ¼seren"
440;1871;"PFAF";"Pfaffhausen, Pfaffenstein"
441;2622;"SAGG";"Pfaffhausen, SÃ¤ngglen"
384;6507;"RBAU07";"RÃ¼mlang, BÃ¤uler"
538;3186;"RUEB";"RÃ¼schlikon, Bahnhof"
541;443;"BELV";"RÃ¼schlikon, Belvoir"
537;515;"BODE";"RÃ¼schlikon, Bodengasse"
544;6448;"EGGR";"RÃ¼schlikon, Eggrain"
540;1505;"LANH";"RÃ¼schlikon, Langhaldenstrasse"
543;6447;"LRAI";"RÃ¼schlikon, Loorain"
545;1657;"MOOS";"RÃ¼schlikon, Moosstrasse"
546;6492;"RPAR";"RÃ¼schlikon, Park im GrÃ¼ene"
665;6009;"RREB";"RÃ¼schlikon, Rebsteig"
542;3187;"RSAU";"RÃ¼schlikon, SÃ¤umerstrasse"
536;410;"BSRU";"RÃ¼schlikon, Schlossstrasse"
539;2852;"WEID";"RÃ¼schlikon, Weidstrasse"
238;12166;"SCH99";"Scheuren"
607;2166;"SCHE";"Scheuren, Station"
554;6299;"SAMR";"Schlieren, Am Rietpark"
569;6347;"SCHB";"Schlieren, Bahnhof"
553;6234;"SCHN";"Schlieren, Bahnhof Nord"
570;550;"BRUG";"Schlieren, Brunngasse"
568;838;"FSTR";"Schlieren, Feldstrasse"
392;935;"GASO";"Schlieren, GasometerbrÃ¼cke"
395;7003;"SGEI";"Schlieren, Geissweid"
555;6298;"SGOL";"Schlieren, GoldschlÃ¤gistrasse"
572;1151;"HEIM";"Schlieren, Heimeliweg"
551;1327;"IGAS";"Schlieren, Industrie Gaswerk"
672;1388;"KESS";"Schlieren, Kesslerstrasse"
556;7000;"SMEU";"Schlieren, Meuchwis"
391;1690;"MULL";"Schlieren, MÃ¼lligen"
571;1694;"NASS";"Schlieren, Nassacker"
738;2051;"REIT";"Schlieren, Reitmen"
552;2141;"RUST";"Schlieren, RÃ¼tistrasse"
573;2436;"SPLI";"Schlieren, Spital Limmattal"
737;3748;"STAK";"Schlieren, Steinacker"
567;2631;"TAWI";"Schlieren, Talacker-Windegg"
393;2798;"WAGO";"Schlieren, Wagonsfabrik"
394;2236;"SCHL";"Schlieren, Zentrum/Bahnhof"
437;2307;"BSCH";"Schwerzenbach ZH, Bahnhof"
436;684;"DORS";"Schwerzenbach ZH, Dorf"
234;12438;"SZFB99";"Spital Zollikerberg"
742;6663;"SPAL";"Spreitenbach, Altersheim"
739;3460;"ASPS";"Spreitenbach, Asp"
746;6300;"SBRE";"Spreitenbach, Breiti"
741;3520;"BRUL";"Spreitenbach, BrÃ¼el"
427;6958;"SGLA";"Spreitenbach, Glattler"
744;6462;"IKEA";"Spreitenbach, IKEA"
745;6303;"SINT";"Spreitenbach, Interio"
740;7021;"SRAI";"Spreitenbach, Raiacker"
743;2384;"SCEN";"Spreitenbach, Shopping Center"
668;2412;"FELD01";"Thalwil, Feldstrasse"
670;1684;"MUBA01";"Thalwil, MÃ¼hlebachplatz"
669;2333;"THSH01";"Thalwil, SchÃ¼tzenhaus"
666;4108;"SEHA01";"Thalwil, Seehaldenstrasse"
667;6856;"TSON01";"Thalwil, Sonnenberg"
671;2989;"TZEN01";"Thalwil, Zentrum"
714;687;"UITDOR";"Uitikon, Dorf"
578;29;"AEGU";"Unterengstringen, Aegelsee"
565;743;"ECKS";"Unterengstringen, Eckstein"
491;1498;"LANA";"Unterengstringen, Langacher"
566;6724;"ULAN";"Unterengstringen, Langwisen"
490;6825;"USEN";"Unterengstringen, SennenbÃ¼el"
564;2751;"USNO";"Unterengstringen, SennenbÃ¼el N"
577;2767;"BWEI";"Urdorf Weihermatt, Bahnhof"
574;831;"FEGG";"Urdorf, Feldegg"
478;6297;"HEIN";"Urdorf, Heinrich-Stutz-Strasse"
484;1178;"HWEG";"Urdorf, Herweg"
736;1586;"LUBE";"Urdorf, Luberzen"
482;1725;"NEUT";"Urdorf, Neumatt"
762;1726;"NMAT";"Urdorf, Neumattstrasse"
483;1731;"NURD";"Urdorf, Niederurdorf"
479;3589;"OBUR";"Urdorf, Oberurdorf"
761;2024;"RAIW";"Urdorf, Rainweg"
575;2238;"SCHS";"Urdorf, Schlierenstrasse"
480;3590;"SONU";"Urdorf, Sonne"
481;2440;"SPIT";"Urdorf, Spitzacker"
576;2732;"UITI";"Urdorf, Uitikonerstrasse"
733;3740;"VHOF07";"Volketswil, Hofwisen"
732;632;"VCHL07";"Volketswil, Volkiland Chliriet"
688;7059;"GARR01";"WÃ¤denswil, Garage RÃ¼tihof"
235;12807;"WAB99";"Waldburg"
396;2807;"WABG";"Waldburg, Station"
709;3356;"WALBIR";"Waldegg, Birmensdorferstrasse"
710;6907;"WALLEU";"Waldegg, Leuen"
715;1991;"WALPOS";"Waldegg, Post"
377;2820;"BWAL07";"Wallisellen, Bahnhof"
376;439;"BELA07";"Wallisellen, Belair"
641;2983;"WGLA";"Wallisellen, Glatt (Bus)"
378;6735;"WGLA07";"Wallisellen, Glatt (Tram)"
375;1176;"HRTI07";"Wallisellen, Herti"
379;6659;"WNEU07";"Wallisellen, Neugut"
232;12826;"WAL99";"Waltikon"
590;3183;"AEGW";"Weiningen ZH, Aegelsee"
579;125;"AUSW";"Weiningen ZH, Ausserdorf"
580;1571;"WLIN";"Weiningen ZH, Lindenplatz"
581;2268;"SWEI";"Weiningen ZH, Schulhaus"
73;3044;"BWST";"Zch, Bhf.Wollishofen/Staubstr."
5;6254;"LAEN";"Zollikerb., LangÃ¤gerten/Spital"
233;13002;"ZOB99";"Zollikerberg"
7;3826;"HASE";"Zollikerberg, Hasenbart"
724;2375;"SENN";"Zollikerberg, Sennhof"
6;3756;"SZOL";"Zollikerberg, Spital"
4;3002;"ZOBE";"Zollikerberg, Station"
725;7038;"ZSTQ";"Zollikerberg, Station/Q treff"
8;3747;"TRIC";"Zollikerberg, Trichtenhauserm."
399;53;"ZALL";"Zollikon, Allmend"
630;3003;"BZOL";"Zollikon, Bahnhof"
511;418;"BUEB";"Zollikon, BahnÃ¼bergang"
514;476;"BEUG";"Zollikon, Beugi"
513;715;"DUFP";"Zollikon, Dufourplatz"
512;824;"FBST";"Zollikon, Felbenstrasse"
3;6044;"GAAZ";"Zollikon, Garage G.-Maurer-Str"
401;961;"GDEH";"Zollikon, Gemeindehaus"
515;1013;"GOHA";"Zollikon, Goldhaldenplatz"
400;1277;"HSTR";"Zollikon, HÃ¶hestrasse"
397;2040;"RWIE";"Zollikon, Rebwiesstrasse"
398;2341;"SUET";"Zollikon, SchÃ¼tzenstrasse"
707;2363;"SEES";"Zollikon, Seestrasse"
231;12543;"ZUMI99";"Zumikon"
756;705;"DOZE";"Zumikon, Dorfzentrum"
609;1075;"GOES";"Zumikon, GÃ¶ssikon"
608;2826;"WALT";"Zumikon, Waltikon"
387;3027;"FLUG07";"ZÃ¼rich Flughafen, Bahnhof"
388;6232;"FRAF07";"ZÃ¼rich Flughafen, Fracht"
683;2873;"WERF07";"ZÃ¼rich Flughafen, Werft"
355;7;"AARG";"ZÃ¼rich, Aargauerstrasse"
403;46;"ALBG";"ZÃ¼rich, AlbisgÃ¼tli"
251;3797;"ARAN";"ZÃ¼rich, Albisrank"
195;47;"ALBR";"ZÃ¼rich, Albisrieden"
319;3705;"ALBD";"ZÃ¼rich, AlbisriederdÃ¶rfli"
184;48;"ALBP";"ZÃ¼rich, Albisriederplatz"
475;67;"ATRO";"ZÃ¼rich, Alte Trotte"
460;70;"ALTE";"ZÃ¼rich, Altenhofstrasse"
191;1446;"AKRE";"ZÃ¼rich, Altes Krematorium"
62;3706;"AHOS";"ZÃ¼rich, Althoos"
339;88;"ALTR";"ZÃ¼rich, Altried"
727;3150;"AMBO";"ZÃ¼rich, Am BÃ¶rtli"
702;92;"AMSU";"ZÃ¼rich, Am Suteracher"
726;3151;"APPE";"ZÃ¼rich, Appenzellerstrasse"
101;6627;"ASPH";"ZÃ¼rich, Aspholz"
116;114;"AUBR";"ZÃ¼rich, AubrÃ¼cke"
276;128;"AUSS";"ZÃ¼rich, Ausserdorfstrasse"
332;132;"ZAUZ";"ZÃ¼rich, Auzelg"
754;134;"AUZO";"ZÃ¼rich, Auzelg Ost"
390;137;"BACH";"ZÃ¼rich, Bachmattstrasse"
133;1234;"BANL";"ZÃ¼rich, BÃ¤ckeranlage"
153;144;"BADA";"ZÃ¼rich, Bad Allenmoos"
103;3021;"BAFF";"ZÃ¼rich, Bahnhof Affoltern"
44;3022;"BALT";"ZÃ¼rich, Bahnhof Altstetten"
357;5001;"BALN";"ZÃ¼rich, Bahnhof Altstetten N"
77;3026;"ENGE";"ZÃ¼rich, Bahnhof Enge"
402;199;"BEDE";"ZÃ¼rich, Bahnhof Enge/Bederstr."
199;3029;"HSBB";"ZÃ¼rich, Bahnhof HardbrÃ¼cke"
95;2547;"BLEI";"ZÃ¼rich, Bahnhof Leimbach"
109;3034;"BOER";"ZÃ¼rich, Bahnhof Oerlikon"
307;6255;"BOEN";"ZÃ¼rich, Bahnhof Oerlikon Nord"
164;3447;"BOEO";"ZÃ¼rich, Bahnhof Oerlikon Ost"
197;2551;"BSEL";"ZÃ¼rich, Bahnhof Selnau"
163;3039;"BSTA";"ZÃ¼rich, Bahnhof Stadelhofen"
374;2575;"BSTE";"ZÃ¼rich, Bahnhof Stettbach"
305;3041;"BTIE";"ZÃ¼rich, Bahnhof Tiefenbrunnen"
42;3042;"BWIE";"ZÃ¼rich, Bahnhof Wiedikon"
277;3043;"BWIP";"ZÃ¼rich, Bahnhof Wipkingen"
91;7022;"BAWO";"ZÃ¼rich, Bahnhof Wollishofen"
38;412;"BPLA";"ZÃ¼rich, Bahnhofplatz/HB"
22;413;"BQUA";"ZÃ¼rich, Bahnhofquai/HB"
21;416;"BSTR";"ZÃ¼rich, Bahnhofstrasse/HB"
237;421;"BALG";"ZÃ¼rich, Balgrist"
36;592;"BAEN";"ZÃ¼rich, BÃ¤ndliweg"
254;427;"BASL";"ZÃ¼rich, Baslerstrasse"
172;435;"BECK";"ZÃ¼rich, Beckenhof"
80;440;"BELL";"ZÃ¼rich, Bellevue"
148;455;"BERH";"ZÃ¼rich, Berghaldenstrasse"
674;459;"BDOL";"ZÃ¼rich, Bergstation Dolderbahn"
167;465;"BERN";"ZÃ¼rich, Berninaplatz"
31;467;"BERO";"ZÃ¼rich, Bernoulli-HÃ¤user"
359;468;"BERT";"ZÃ¼rich, Bertastrasse"
66;3587;"BERU";"ZÃ¼rich, Berufswahlschule"
368;470;"BESE";"ZÃ¼rich, Besenrainstrasse"
297;471;"BETH";"ZÃ¼rich, Bethanien"
18;478;"BEZI";"ZÃ¼rich, BezirksgebÃ¤ude"
432;6700;"ENGEPAU";"ZÃ¼rich, Bhf Enge Pausenplatz"
529;3774;"BWOW";"ZÃ¼rich, Bhf. Wollishofen/Werft"
74;488;"BILO";"ZÃ¼rich, Billoweg"
468;493;"BINZ";"ZÃ¼rich, Binz"
471;3714;"BINC";"ZÃ¼rich, Binz Center"
275;497;"BIGL";"ZÃ¼rich, Birch-/Glatttalstrasse"
206;498;"BIRD";"ZÃ¼rich, BirchdÃ¶rfli"
603;3445;"BIBE";"ZÃ¼rich, Bircher-Benner"
308;3449;"BIRC";"ZÃ¼rich, Birchstrasse"
465;508;"BLEU";"ZÃ¼rich, Bleulerstrasse"
102;6626;"BLUM";"ZÃ¼rich, Blumenfeldstrasse"
268;3789;"BOLL";"ZÃ¼rich, Bollingerweg"
301;3645;"BOGA";"ZÃ¼rich, Botanischer Garten"
45;542;"BRIS";"ZÃ¼rich, Bristenstrasse"
365;546;"BRUM";"ZÃ¼rich, Brunau/Mutschellenstr."
75;547;"BRUN";"ZÃ¼rich, Brunaustrasse"
68;564;"BUCH";"ZÃ¼rich, Bucheggplatz"
16;3787;"BUHO";"ZÃ¼rich, Buchholz"
15;3773;"BUZE";"ZÃ¼rich, Buchzelgstrasse"
56;573;"BUHN";"ZÃ¼rich, Buhnstrasse"
326;580;"BURG";"ZÃ¼rich, Burgwies"
79;615;"BURK";"ZÃ¼rich, BÃ¼rkliplatz"
70;586;"BUTZ";"ZÃ¼rich, Butzenstrasse"
136;619;"CENT";"ZÃ¼rich, Central"
309;3450;"CHAL";"ZÃ¼rich, Chaletweg"
510;3717;"CHIN";"ZÃ¼rich, Chinagarten"
416;649;"DANG";"ZÃ¼rich, Dangelstrasse"
69;6055;"DEP2";"ZÃ¼rich, Depot 2 Wollishofen"
17;6030;"DEP4";"ZÃ¼rich, Depot 4 Elisabethenstr"
333;6032;"DEP7";"ZÃ¼rich, Depot 7 Irchel"
152;6033;"DEP8";"ZÃ¼rich, Depot 8 Oerlikon"
673;6421;"DEPD";"ZÃ¼rich, Depot Dolderbahn"
180;6425;"DEP1";"ZÃ¼rich, Depot1 Zentralwerkst"
266;694;"DORF";"ZÃ¼rich, Dorflinde"
115;708;"DREI";"ZÃ¼rich, Dreispitz"
602;711;"DREW";"ZÃ¼rich, Dreiwiesen"
146;713;"DRUS";"ZÃ¼rich, Drusbergstrasse"
51;716;"DUNK";"ZÃ¼rich, DunkelhÃ¶lzli"
105;767;"EINF";"ZÃ¼rich, Einfangstrasse"
509;769;"ELWA";"ZÃ¼rich, Elektrowatt"
204;788;"ENGV";"ZÃ¼rich, Englischviertelstrasse"
463;3594;"EPIK";"ZÃ¼rich, EPI-Klinik"
474;800;"EGUT";"ZÃ¼rich, Eschergutweg"
28;799;"EWYS";"ZÃ¼rich, Escher-Wyss-Platz"
313;735;"ETHH";"ZÃ¼rich, ETH HÃ¶nggerberg"
347;736;"ETHZ";"ZÃ¼rich, ETH/UniversitÃ¤tsspital"
677;3446;"ETTE";"ZÃ¼rich, Ettenfeld"
129;821;"FARB";"ZÃ¼rich, Farbhof"
351;832;"FELD";"ZÃ¼rich, Feldeggstrasse"
194;840;"FELL";"ZÃ¼rich, Fellenbergstrasse"
165;845;"FELS";"ZÃ¼rich, Felsenrainstrasse"
331;6460;"ZFER";"ZÃ¼rich, Fernsehstudio"
703;852;"FEUS";"ZÃ¼rich, Feusisbergli"
30;857;"FWEG";"ZÃ¼rich, Fischerweg"
637;859;"FLOB";"ZÃ¼rich, Flobotstrasse"
462;868;"FLUE";"ZÃ¼rich, FlÃ¼hgasse"
252;867;"FLUR";"ZÃ¼rich, Flurstrasse"
29;927;"FOER";"ZÃ¼rich, FÃ¶rrlibuckstrasse"
258;872;"FRAN";"ZÃ¼rich, Frankental"
142;3466;"FRST";"ZÃ¼rich, Freiestrasse"
182;883;"FREI";"ZÃ¼rich, Freihofstrasse"
265;888;"FRIA";"ZÃ¼rich, Friedackerstrasse"
706;893;"FEIC";"ZÃ¼rich, Friedhof EichbÃ¼hl"
327;894;"ENZE";"ZÃ¼rich, Friedhof EnzenbÃ¼hl"
730;895;"FHOE";"ZÃ¼rich, Friedhof HÃ¶nggerberg"
57;896;"FSWA";"ZÃ¼rich, Friedhof Schwandenholz"
358;897;"FSIH";"ZÃ¼rich, Friedhof Sihlfeld"
752;898;"FUET";"ZÃ¼rich, Friedhof Uetliberg"
444;899;"FWIT";"ZÃ¼rich, Friedhof Witikon"
262;901;"FRDR";"ZÃ¼rich, Friedrichstrasse"
216;902;"FRIB";"ZÃ¼rich, Friesenberg"
751;903;"FRIH";"ZÃ¼rich, Friesenberghalde"
217;904;"FRIE";"ZÃ¼rich, Friesenbergstrasse"
263;908;"FROB";"ZÃ¼rich, Frohburg"
303;917;"FROE";"ZÃ¼rich, FrÃ¶hlichstrasse"
119;914;"FRON";"ZÃ¼rich, Fronwald"
94;916;"FRYM";"ZÃ¼rich, Frymannstrasse"
43;6034;"GAR6";"ZÃ¼rich, Garage 6 Hardau"
52;6035;"GAR9";"ZÃ¼rich, Garage 9 Hagenholz"
260;944;"GEER";"ZÃ¼rich, Geeringstrasse"
223;971;"GERM";"ZÃ¼rich, Germaniastrasse"
39;972;"GESS";"ZÃ¼rich, Gessnerallee"
288;979;"GIBL";"ZÃ¼rich, Giblenstrasse"
371;998;"GLAT";"ZÃ¼rich, Glattwiesen"
61;1000;"GLAU";"ZÃ¼rich, Glaubtenstrasse"
60;6975;"GLNO";"ZÃ¼rich, Glaubtenstrasse Nord"
322;6020;"GLAS";"ZÃ¼rich, Glaubtenstrasse SÃ¼d"
445;3444;"GLOK";"ZÃ¼rich, Glockenacker"
320;1007;"GOLD";"ZÃ¼rich, Goldackerweg"
175;1012;"GOLP";"ZÃ¼rich, Goldbrunnenplatz"
389;1026;"GRIM";"ZÃ¼rich, Grimselstrasse"
470;489;"GRUB";"ZÃ¼rich, Grubenstrasse"
35;1041;"GRUN";"ZÃ¼rich, GrÃ¼naustrasse"
170;1061;"GUGG";"ZÃ¼rich, Guggachstrasse"
132;1076;"GUET";"ZÃ¼rich, GÃ¼terbahnhof"
466;1073;"GUTS";"ZÃ¼rich, Gutstrasse"
346;1098;"HALB";"ZÃ¼rich, Haldenbach"
159;1100;"HEGG";"ZÃ¼rich, Haldenegg"
112;3760;"HALO";"ZÃ¼rich, Hallenbad Oerlikon"
33;1120;"HARH";"ZÃ¼rich, Hardhof"
123;1122;"HARP";"ZÃ¼rich, Hardplatz"
32;2447;"HARD";"ZÃ¼rich, Hardturm"
324;1138;"HEDW";"ZÃ¼rich, Hedwigsteig"
336;1139;"HEER";"ZÃ¼rich, Heerenwiesen"
219;1143;"HEGA";"ZÃ¼rich, Hegianwandweg"
141;1144;"HEGI";"ZÃ¼rich, Hegibachplatz"
261;1156;"HEIZ";"ZÃ¼rich, Heizenholz"
162;1157;"HELM";"ZÃ¼rich, Helmhaus"
198;1158;"HELV";"ZÃ¼rich, Helvetiaplatz"
124;1162;"HERD";"ZÃ¼rich, Herdernstrasse"
131;6998;"HERM";"ZÃ¼rich, Hermetschloo"
55;1175;"HERT";"ZÃ¼rich, Hertensteinstrasse"
360;7040;"HERS";"ZÃ¼rich, Hertersteg"
117;1179;"HERZ";"ZÃ¼rich, HerzogenmÃ¼hlestrasse"
636;1186;"HEUB";"ZÃ¼rich, Heubeeriweg"
177;1187;"HEUR";"ZÃ¼rich, Heuried"
270;6250;"HIMM";"ZÃ¼rich, Himmeri"
306;1194;"HINT";"ZÃ¼rich, Hinterbergstrasse"
168;1215;"HIRS";"ZÃ¼rich, Hirschwiesenstrasse"
340;1220;"HIRZ";"ZÃ¼rich, Hirzenbach"
215;1272;"HOEF";"ZÃ¼rich, HÃ¶fliweg"
298;3469;"HOFS";"ZÃ¼rich, Hofstrasse"
256;1231;"HOHE";"ZÃ¼rich, Hohenklingensteig"
300;3470;"HSTG";"ZÃ¼rich, HÃ¶lderlinsteig"
190;1278;"HOEL";"ZÃ¼rich, HÃ¶lderlinstrasse"
208;1239;"HOLZ";"ZÃ¼rich, Holzerhurd"
314;1280;"HOEB";"ZÃ¼rich, HÃ¶nggerberg"
302;1286;"HOES";"ZÃ¼rich, HÃ¶schgasse"
188;1251;"HOTT";"ZÃ¼rich, Hottingerplatz"
192;1252;"HUBE";"ZÃ¼rich, Hubertus"
364;1288;"HUEG";"ZÃ¼rich, HÃ¼gelstrasse"
207;1259;"HUNG";"ZÃ¼rich, Hungerbergstrasse"
59;1292;"HUER";"ZÃ¼rich, HÃ¼rstholz"
250;3123;"IMGU";"ZÃ¼rich, Im Gut"
218;1307;"IHAG";"ZÃ¼rich, Im Hagacker"
97;1310;"IHUS";"ZÃ¼rich, Im HÃ¼sli"
638;1311;"IKLO";"ZÃ¼rich, Im KlÃ¶sterli"
464;1315;"IWAL";"ZÃ¼rich, Im Walder"
617;1316;"IWIN";"ZÃ¼rich, Im Wingert"
292;1320;"IDEY";"ZÃ¼rich, In der Ey"
550;3153;"JUCH";"ZÃ¼rich, Juchhof"
367;1354;"JUGI";"ZÃ¼rich, Jugendherberge"
429;1356;"KALB";"ZÃ¼rich, KalchbÃ¼hlweg"
135;1358;"KANO";"ZÃ¼rich, Kanonengasse"
203;601;"KANB";"ZÃ¼rich, Kantonalbank"
82;1359;"KANT";"ZÃ¼rich, Kantonsschule"
144;1362;"KAPF";"ZÃ¼rich, Kapfstrasse"
181;1364;"KAPP";"ZÃ¼rich, Kappeli"
728;3138;"KABU";"ZÃ¼rich, KappenbÃ¼hlweg"
273;1483;"KAES";"ZÃ¼rich, KÃ¤shaldenstrasse"
282;1379;"KEMP";"ZÃ¼rich, Kempfhofsteig"
213;1386;"KERN";"ZÃ¼rich, Kernstrasse"
151;1389;"KIEN";"ZÃ¼rich, Kienastenwies"
344;1399;"KINK";"ZÃ¼rich, Kinkelstrasse"
85;1407;"KFLU";"ZÃ¼rich, Kirche Fluntern"
629;3592;"KHIR";"ZÃ¼rich, Klinik Hirslanden"
299;3648;"KLOB";"ZÃ¼rich, Klosbach"
143;1430;"KLUS";"ZÃ¼rich, Klusplatz"
272;6304;"KOES";"ZÃ¼rich, KÃ¶schenrÃ¼ti"
64;1445;"KNOR";"ZÃ¼rich, Krematorium Nordheim"
139;1453;"KREU";"ZÃ¼rich, Kreuzplatz"
350;1456;"KRES";"ZÃ¼rich, Kreuzstrasse"
171;1468;"KRON";"ZÃ¼rich, Kronenstrasse"
635;1471;"KROE";"ZÃ¼rich, KrÃ¶nleinstrasse"
81;1472;"KUNS";"ZÃ¼rich, Kunsthaus"
209;1595;"LAEG";"ZÃ¼rich, LÃ¤gernstrasse"
528;3141;"LAND";"ZÃ¼rich, Landiwiese"
632;1502;"LAST";"ZÃ¼rich, Langensteinenstrasse"
467;1503;"LANG";"ZÃ¼rich, LanggrÃ¼tstrasse"
342;1507;"LANM";"ZÃ¼rich, Langmauerstrasse"
247;1519;"LAUB";"ZÃ¼rich, Laubegg"
154;1522;"LAUI";"ZÃ¼rich, Laubiweg"
280;1528;"LEHE";"ZÃ¼rich, Lehenstrasse"
274;1532;"LEIM";"ZÃ¼rich, LeimgrÃ¼belstrasse"
312;1539;"LERC";"ZÃ¼rich, Lerchenhalde"
548;3457;"LERA";"ZÃ¼rich, Lerchenrain"
278;1547;"LETT";"ZÃ¼rich, Lettenstrasse"
127;1592;"LETB";"ZÃ¼rich, Letzibach"
183;1548;"LETG";"ZÃ¼rich, Letzigrund"
126;3148;"LETP";"ZÃ¼rich, Letzipark"
253;1549;"LPAW";"ZÃ¼rich, Letzipark West"
343;1550;"LETZ";"ZÃ¼rich, Letzistrasse"
328;1552;"LEUT";"ZÃ¼rich, Leutschenbach"
716;7060;"LEUP";"ZÃ¼rich, Leutschenpark"
25;1557;"LIMM";"ZÃ¼rich, Limmatplatz"
46;1570;"LIND";"ZÃ¼rich, Lindenplatz"
186;1579;"LOCH";"ZÃ¼rich, Lochergut"
701;1581;"LOOG";"ZÃ¼rich, Loogarten"
149;1584;"LOOR";"ZÃ¼rich, Loorenstrasse"
27;648;"LOEB";"ZÃ¼rich, LÃ¶wenbrÃ¤u"
40;1608;"LOEW";"ZÃ¼rich, LÃ¶wenplatz"
338;1587;"LUCH";"ZÃ¼rich, Luchswiesen"
337;1590;"LUEG";"ZÃ¼rich, Luegisland"
63;1611;"MAIE";"ZÃ¼rich, Maienweg"
627;3788;"MAIL";"ZÃ¼rich, Maillartstrasse"
93;1612;"MANG";"ZÃ¼rich, Manegg"
361;1614;"MANS";"ZÃ¼rich, Manesseplatz"
96;1615;"MARB";"ZÃ¼rich, Marbachweg"
373;1620;"MATT";"ZÃ¼rich, Mattenhof"
267;3764;"MAXB";"ZÃ¼rich, Max-Bill-Platz"
284;1626;"MEIE";"ZÃ¼rich, Meierhofplatz"
111;3154;"MEHA";"ZÃ¼rich, Messe/Hallenstadion"
130;1640;"MICA";"ZÃ¼rich, Micafil"
729;1641;"MICH";"ZÃ¼rich, Michelstrasse"
169;1643;"MIBU";"ZÃ¼rich, Milchbuck"
134;1644;"MILA";"ZÃ¼rich, MilitÃ¤r-/Langstrasse"
99;1648;"MITL";"ZÃ¼rich, Mittelleimbach"
71;1660;"MORG";"ZÃ¼rich, Morgental"
310;3451;"MOTT";"ZÃ¼rich, MÃ¶tteliweg"
100;6628;"MUEH";"ZÃ¼rich, MÃ¼hlacker"
24;1667;"MUFG";"ZÃ¼rich, Museum fÃ¼r Gestaltung"
76;1666;"MUSR";"ZÃ¼rich, Museum Rietberg"
704;1698;"NEES";"ZÃ¼rich, Neeserweg"
106;1705;"NEUA";"ZÃ¼rich, Neuaffoltern"
431;1710;"NEUB";"ZÃ¼rich, NeubÃ¼hl"
137;1724;"NEUM";"ZÃ¼rich, Neumarkt"
269;3804;"NBRU";"ZÃ¼rich, Neunbrunnen"
65;1744;"NORH";"ZÃ¼rich, Nordheimstrasse"
211;1745;"NORS";"ZÃ¼rich, Nordstrasse"
293;1753;"NUER";"ZÃ¼rich, NÃ¼renbergstrasse"
107;1821;"OBEW";"ZÃ¼rich, Oberwiesenstrasse"
329;6459;"ZOER";"ZÃ¼rich, Oerlikerhus"
279;3786;"OKEN";"ZÃ¼rich, Okenstrasse"
349;1845;"OPER";"ZÃ¼rich, Opernhaus"
755;3001;"ORIO";"ZÃ¼rich, Orionstrasse"
157;1856;"OTTI";"ZÃ¼rich, Ottikerstrasse"
202;1861;"PARA";"ZÃ¼rich, Paradeplatz"
615;1441;"PKAE";"ZÃ¼rich, Pflegezentr. KÃ¤ferberg"
83;1889;"PLAT";"ZÃ¼rich, Platte"
72;2005;"PWOL";"ZÃ¼rich, Post Wollishofen"
372;2008;"PROB";"ZÃ¼rich, Probstei"
26;2014;"QUEL";"ZÃ¼rich, Quellenstrasse"
67;2017;"RADI";"ZÃ¼rich, Radiostudio"
469;2120;"RAEF";"ZÃ¼rich, RÃ¤ffelstrasse"
161;2030;"RATH";"ZÃ¼rich, Rathaus"
49;2033;"RAUH";"ZÃ¼rich, Rautihalde"
47;2034;"RAUT";"ZÃ¼rich, Rautistrasse"
281;2035;"REBE";"ZÃ¼rich, Rebbergsteig"
108;2045;"REGB";"ZÃ¼rich, RegensbergbrÃ¼cke"
236;2549;"REHA";"ZÃ¼rich, Rehalp"
323;2054;"RENN";"ZÃ¼rich, Rennweg"
78;2055;"RENT";"ZÃ¼rich, Rentenanstalt"
723;2067;"RIED";"ZÃ¼rich, Riedbach"
113;2069;"RIEG";"ZÃ¼rich, Riedgraben"
259;3122;"RIEH";"ZÃ¼rich, Riedhofstrasse"
222;2090;"BERG";"ZÃ¼rich, Rigiblick"
189;2124;"ROEM";"ZÃ¼rich, RÃ¶merhof"
212;2127;"ROEN";"ZÃ¼rich, RÃ¶ntgenstrasse"
205;2104;"ROSE";"ZÃ¼rich, Rosengartenstrasse"
156;2128;"ROES";"ZÃ¼rich, RÃ¶slistrasse"
370;2107;"ROSW";"ZÃ¼rich, Roswiesen"
210;2108;"ROTB";"ZÃ¼rich, Rotbuchstrasse"
530;2109;"ROTE";"ZÃ¼rich, Rote Fabrik"
160;2113;"RBRU";"ZÃ¼rich, Rudolf-Brun-BrÃ¼cke"
289;2140;"RUET";"ZÃ¼rich, RÃ¼tihof"
246;2550;"SAAL";"ZÃ¼rich, Saalsporthalle"
114;2145;"SAAT";"ZÃ¼rich, Saatlenstrasse"
290;2147;"SACK";"ZÃ¼rich, Sackzelg"
708;3156;"SAED";"ZÃ¼rich, SÃ¤dlenweg"
166;2151;"SALE";"ZÃ¼rich, Salersteig"
50;2152;"SALZ";"ZÃ¼rich, Salzweg"
125;2142;"SBBW";"ZÃ¼rich, SBB-WerkstÃ¤tte"
155;2158;"SPLA";"ZÃ¼rich, Schaffhauserplatz"
639;6776;"SANZ";"ZÃ¼rich, Schanzackerstrasse"
633;2314;"SAPI";"ZÃ¼rich, SchÃ¤ppiweg"
547;3458;"PSCH";"ZÃ¼rich, Schauenberg"
178;2160;"SCHA";"ZÃ¼rich, Schaufelbergerstrasse"
294;2164;"SCHZ";"ZÃ¼rich, Scheuchzerstrasse"
200;6759;"SBAU";"ZÃ¼rich, Schiffbau"
145;2251;"SYFI";"ZÃ¼rich, Schlyfi"
174;2256;"SWIE";"ZÃ¼rich, Schmiede Wiedikon"
271;2320;"SCHG";"ZÃ¼rich, SchÃ¶nauring"
335;2326;"SCHO";"ZÃ¼rich, SchÃ¶rlistrasse"
291;3155;"ALTW";"ZÃ¼rich, Schulhaus Altweg"
48;2276;"BUCL";"ZÃ¼rich, Schulhaus Buchlern"
311;2289;"SWEG";"ZÃ¼rich, Schumacherweg"
640;2329;"SURG";"ZÃ¼rich, SchÃ¼rgistrasse"
731;3566;"SHOE";"ZÃ¼rich, SchÃ¼tzenhaus HÃ¶ngg"
118;2294;"SCHW";"ZÃ¼rich, Schwamendingerplatz"
121;2298;"SHOL";"ZÃ¼rich, Schwandenholz"
249;2302;"SHOF";"ZÃ¼rich, Schweighof"
526;3477;"SRUC";"ZÃ¼rich, Schweizer RÃ¼ck"
283;2306;"SCHT";"ZÃ¼rich, Schwert"
53;2346;"SEEB";"ZÃ¼rich, Seebach"
54;1275;"SEPL";"ZÃ¼rich, Seebacherplatz"
531;2834;"SEER";"ZÃ¼rich, Seerose"
287;2364;"SEGA";"ZÃ¼rich, Segantinistrasse"
12;3767;"SEGE";"ZÃ¼rich, Segeten"
128;2366;"SEID";"ZÃ¼rich, Seidelhof"
226;2367;"RIGI";"ZÃ¼rich, Seilbahn Rigiblick"
193;2385;"SIEM";"ZÃ¼rich, Siemens"
140;2388;"SIGN";"ZÃ¼rich, Signaustrasse"
245;6463;"SIHC";"ZÃ¼rich, Sihlcity"
362;2771;"SIHN";"ZÃ¼rich, Sihlcity Nord"
20;1366;"SIHP";"ZÃ¼rich, Sihlpost / HB"
23;2395;"SIHL";"ZÃ¼rich, Sihlquai/HB"
348;2396;"SIHS";"ZÃ¼rich, Sihlstrasse"
98;2398;"SIHW";"ZÃ¼rich, Sihlweidstrasse"
286;2402;"SING";"ZÃ¼rich, Singlistrasse"
705;6003;"SOLP";"ZÃ¼rich, Solidapark"
158;2411;"SONN";"ZÃ¼rich, Sonneggstrasse"
354;2449;"SPOW";"ZÃ¼rich, Sportweg"
138;2450;"SPRE";"ZÃ¼rich, Sprecherstrasse"
296;2451;"SPYR";"ZÃ¼rich, Spyriplatz"
634;2452;"SPYS";"ZÃ¼rich, Spyristeig"
532;2461;"STAD";"ZÃ¼rich, Stadtgrenze"
173;2474;"STAM";"ZÃ¼rich, Stampfenbachplatz"
58;3768;"STBU";"ZÃ¼rich, StaudenbÃ¼hl"
19;2556;"STAU";"ZÃ¼rich, Stauffacher"
110;2572;"SOER";"ZÃ¼rich, Sternen Oerlikon"
628;6117;"SRIE";"ZÃ¼rich, Stierenried"
201;2582;"STOC";"ZÃ¼rich, Stockerstrasse"
13;3765;"STOD";"ZÃ¼rich, Stodolastrasse"
220;2596;"STRV";"ZÃ¼rich, Strassenverkehrsamt"
631;2598;"STRI";"ZÃ¼rich, Strickhof"
527;3522;"SUKK";"ZÃ¼rich, Sukkulentensammlung"
88;2618;"SUSE";"ZÃ¼rich, Susenbergstrasse"
176;2638;"TALW";"ZÃ¼rich, Talwiesenstrasse"
352;3453;"TECH";"ZÃ¼rich, Technopark"
366;2659;"THUJ";"ZÃ¼rich, Thujastrasse"
334;2666;"TIER";"ZÃ¼rich, Tierspital"
676;2667;"TITL";"ZÃ¼rich, Titlisstrasse"
600;2671;"TOBE";"ZÃ¼rich, Tobelhof"
86;2673;"TOBL";"ZÃ¼rich, Toblerplatz"
353;718;"TONA";"ZÃ¼rich, Toni-Areal"
10;3769;"TFUS";"ZÃ¼rich, Trichtenhausenfussweg"
9;6416;"TRSA";"ZÃ¼rich, Trichtisal"
179;2680;"TRIE";"ZÃ¼rich, Triemli"
321;2682;"TRIS";"ZÃ¼rich, Triemlispital"
34;2707;"TUEF";"ZÃ¼rich, TÃ¼ffenwies"
196;2689;"TUNN";"ZÃ¼rich, Tunnelstrasse"
248;2722;"UETL";"ZÃ¼rich, Uetlihof"
341;1334;"IRCH";"ZÃ¼rich, UniversitÃ¤t Irchel"
120;2737;"UAFF";"ZÃ¼rich, Unteraffoltern"
318;2754;"UNTM";"ZÃ¼rich, Untermoosstrasse"
92;2776;"VERE";"ZÃ¼rich, Verenastrasse"
295;2779;"VOGE";"ZÃ¼rich, Vogelsangstrasse"
84;2788;"VOLT";"ZÃ¼rich, Voltastrasse"
549;3588;"VULK";"ZÃ¼rich, Vulkanstrasse"
369;6019;"WAFB";"ZÃ¼rich, Waffenplatz-/Bederstr."
363;2795;"WAFF";"ZÃ¼rich, Waffenplatzstrasse"
616;2799;"WAIB";"ZÃ¼rich, Waidbadstrasse"
473;2800;"WAIF";"ZÃ¼rich, Waidfussweg"
122;2801;"WAIH";"ZÃ¼rich, Waidhof"
614;2803;"WAIS";"ZÃ¼rich, Waidspital"
264;2814;"WALD";"ZÃ¼rich, Waldgarten"
675;2815;"WDOL";"ZÃ¼rich, Waldhaus Dolder"
316;2831;"WART";"ZÃ¼rich, Wartau"
147;2836;"WASE";"ZÃ¼rich, Waserstrasse"
613;2858;"WEIH";"ZÃ¼rich, Weihersteig"
41;6238;"WERE";"ZÃ¼rich, Werd"
37;2872;"WERD";"ZÃ¼rich, WerdhÃ¶lzli"
325;2879;"WETL";"ZÃ¼rich, Wetlistrasse"
430;2889;"WIDM";"ZÃ¼rich, Widmerstrasse"
285;2899;"WIES";"ZÃ¼rich, Wieslergasse"
11;3772;"WACH";"ZÃ¼rich, Wiesliacher"
304;2907;"WILD";"ZÃ¼rich, Wildbachstrasse"
345;2924;"WINK";"ZÃ¼rich, Winkelriedstrasse"
255;2934;"WINH";"ZÃ¼rich, Winzerhalde"
317;2935;"WINZ";"ZÃ¼rich, Winzerstrasse"
257;6015;"WINS";"ZÃ¼rich, Winzerstrasse SÃ¼d"
472;2937;"WIPK";"ZÃ¼rich, Wipkingerplatz"
90;2950;"WOLP";"ZÃ¼rich, Wollishoferplatz"
461;2956;"WONE";"ZÃ¼rich, Wonnebergstrasse"
356;6648;"WURZ";"ZÃ¼rich, WÃ¼rzgraben"
104;2968;"ZEHN";"ZÃ¼rich, Zehntenhausplatz"
14;617;"ZENW";"ZÃ¼rich, Zentrum Witikon"
753;2998;"ZIEL";"ZÃ¼rich, Zielweg"
89;3005;"ZOO";"ZÃ¼rich, Zoo"
601;4;"ZOOF";"ZÃ¼rich, Zoo/Forrenweid"
87;3045;"ZUER";"ZÃ¼rich, ZÃ¼richbergstrasse"
150;3011;"ZWEI";"ZÃ¼rich, Zweiackerstrasse"
315;3015;"ZWIE";"ZÃ¼rich, Zwielplatz"
214;3018;"ZWIN";"ZÃ¼rich, Zwinglihaus"
185;3019;"ZYPR";"ZÃ¼rich, Zypressenstrasse"
187;1357;"KALK";"ZÃ¼rich,Kalkbreite/Bhf.Wiedikon"
