"Tagtyp_Id";"Tagtypname";"Bemerkung"
2;"Unbenutzt";
7;"14-A-22";"Jahresfahrplan Mo-Do"
16;"14-B-22";"Neuer Jahresfahrplan 17.01.2022 - 31.08.2022 Linien 35, 78, 80, 89"
22;"14-C-22";"Neuer Jahresfahrplan ab 28.03.2022 Linien 7, 46, 701, 392/N2"
27;"14-D-22";"Neuer Jahresfahrplan ab 25.04.2022 Linien 9, 35, 38, 39, 40, 73"
35;"14-F-22";"Neuer Jahresfahrplan 15.07.2022 - 10.12.2022 Linien 13/13E, 46/412, N13/343"
12;"14-PRÜFUNGSSESSION-22";"Fahrplan Prüfungssession 24.01.2022 - 18.02.2022 & 20.08.2022 - 02.09.2022 Linien 69"
8;"14-SEMESTERFERIEN-22";"Fahrplan Semesterferien 27.12.2021 - 18.02.2022 & 19.04.2022 - 22.04.2022 & 07.06.2022 - 16.09.2022 Linien 69, 80"
6;"15-A-22";"Jahresfahrplan Mo-Fr"
15;"15-B-22";"Neuer Jahresfahrplan 17.01.2022 - 31.08.2022 Linien 35, 78, 80, 89"
21;"15-C-22";"Neuer Jahresfahrplan ab 28.03.2022 Linien 7, 46, 701, 392/N2"
25;"15-D-22";"Neuer Jahresfahrplan ab 25.04.2022 Linien 9, 35, 38, 39, 40, 73"
28;"15-E-22";"Neuer Jahresfahrplan ab 07.06.2022 Linien 161, 165"
36;"15-G-22";"Neuer Jahresfahrplan ab 22.08.2022 Linien 83"
39;"15-H-22";"Neuer Jahresfahrplan ab 01.09.2022 Linien 35"
5;"55-A-22";"Jahresfahrplan Freitag"
14;"55-B-22";"Neuer Jahresfahrplan 17.01.2022 - 31.08.2022 Linien 35, 78, 80, 89"
20;"55-C-22";"Neuer Jahresfahrplan ab 28.03.2022 Linien 7, 46, 701, 392/N2"
24;"55-D-22";"Neuer Jahresfahrplan ab 25.04.2022 Linien 9, 35, 38, 39, 40, 73"
34;"55-F-22";"Neuer Jahresfahrplan 15.07.2022 - 10.12.2022 Linien 13/13E, 46/412, N13/343"
10;"55-PRÜFUNGSSESSION-22";"Fahrplan Prüfungssession 24.01.2022 - 18.02.2022 & 20.08.2022 - 02.09.2022 Linien 69"
9;"55-SEMESTERFERIEN-22";"Fahrplan Semesterferien 27.12.2021 - 18.02.2022 & 19.04.2022 - 22.04.2022 & 07.06.2022 - 16.09.2022 Linien 69, 80"
4;"66-A-22";"Jahresfahrplan Samstag"
13;"66-B-22";"Neuer Jahresfahrplan 17.01.2022 - 31.08.2022 Linien 35, 78, 80, 89"
19;"66-C-22";"Neuer Jahresfahrplan ab 28.03.2022 Linien 7, 46, 701, 392/N2"
26;"66-D-22";"Neuer Jahresfahrplan ab 25.04.2022 Linien 9, 35, 38, 39, 40, 73"
29;"66-E-22";"Neuer Jahresfahrplan ab 07.06.2022 Linien 161, 165"
33;"66-F-22";"Neuer Jahresfahrplan 15.07.2022 - 10.12.2022 Linien 13/13E, 46/412, N13/343"
37;"66-H-22";"Neuer Jahresfahrplan ab 01.09.2022 Linien 35"
11;"66-PRÜFUNGSSESSION-22";"Fahrplan Prüfungssession 24.01.2022 - 18.02.2022 & 20.08.2022 - 02.09.2022 Linien 69"
3;"77-A-22";"Jahresfahrplan Sonntag"
17;"77-B-22";"Neuer Jahresfahrplan 17.01.2022 - 31.08.2022 Linien 35, 78, 80, 89"
18;"77-C-22";"Neuer Jahresfahrplan ab 28.03.2022 Linien 7, 46, 701, 392/N2"
23;"77-D-22";"Neuer Jahresfahrplan ab 25.04.2022 Linien 9, 35, 38, 39, 40, 73"
30;"77-E-22";"Neuer Jahresfahrplan ab 07.06.2022 Linien 161, 165"
32;"77-F-22";"Neuer Jahresfahrplan 15.07.2022 - 10.12.2022 Linien 13/13E, 46/412, N13/343"
38;"77-H-22";"Neuer Jahresfahrplan ab 01.09.2022 Linien 35"
31;"99-A-22";"Ferienfahrplan 18.07.2022 - 19.08.2022 Linien 5, 6, 32"
40000002;"Unbenutzt";
