"Haltestellen_Id";"Haltestellennummer";"Haltestellenkurzname";"Haltestellenlangname"
92;6594;"AHOR";"Adliswil, Ahornweg"
90;148;"ABAD01";"Adliswil, Badstrasse"
586;28;"BADL01";"Adliswil, Bahnhof"
93;6593;"EWEG";"Adliswil, Eichenweg"
87;6437;"GRUT";"Adliswil, Grüt"
91;1227;"HOFA01";"Adliswil, Hofackerstrasse"
89;1462;"KROA01";"Adliswil, Krone"
584;6592;"ADMO";"Adliswil, Moos"
88;2660;"TIAK01";"Adliswil, Tiefacker"
507;6600;"IMBR";"Aesch bei Maur, Im Brünneli"
508;6599;"ZOLL";"Aesch bei Maur, Zollingerheim"
530;445;"BENG";"Benglen"
529;446;"BGER";"Benglen, Gerlisbrunnen"
502;6778;"BLAN";"Benglen, Langwis"
695;425;"DBAL";"Bergdietikon, Baltenschwil"
697;457;"BERL";"Bergdietikon, Bergli"
698;466;"BOLD";"Bergdietikon, Bernold"
702;729;"DUEN";"Bergdietikon, Dünni"
473;6855;"GAL2";"Bergdietikon, Garage 2 LIBU"
696;2085;"RIEW";"Bergdietikon, Rietwies"
699;2789;"VORB";"Bergdietikon, Vorbühl"
503;6779;"BBAU";"Binz bei Maur, Bautacher"
566;3467;"FMAT";"Binz bei Maur, Fridlimatt"
565;490;"MPOS";"Binz bei Maur, Post"
488;501;"BIRMBHF";"Birmensdorf ZH, Bahnhof"
487;6744;"RIST";"Birmensdorf ZH, Ristet"
621;2570;"BIRMSTE";"Birmensdorf ZH, Sternen/WSL"
381;657;"BDIE";"Dietikon, Bahnhof"
593;414;"BSTD";"Dietikon, Bahnhofstrasse"
484;502;"BIRM";"Dietikon, Birmensdorferstrasse"
552;725;"DOER";"Dietikon, Dörfli"
480;6038;"GALI";"Dietikon, Garage Limmatbus AG"
549;990;"GJUC";"Dietikon, Gjuchstrasse"
601;6693;"DGYR";"Dietikon, Gyrhalden"
477;1091;"HAGA";"Dietikon, Hagackerstrasse"
596;1265;"HATS";"Dietikon, Hätschen"
380;6894;"DHEI";"Dietikon, Heimstrasse"
553;1226;"HACK";"Dietikon, Hofacker"
600;1417;"KIPL";"Dietikon, Kirchplatz"
603;6695;"DLAE";"Dietikon, Lätten"
476;1540;"LERZ";"Dietikon, Lerzen"
694;1616;"MARW";"Dietikon, Marmori-Weiher"
478;2399;"DMOO";"Dietikon, Moosmatt"
595;1758;"ODIE";"Dietikon, Oberdorf"
550;1843;"OETW";"Dietikon, Oetwilerstrasse"
475;1868;"PEST";"Dietikon, Pestalozzi"
474;1039;"DRAP";"Dietikon, Rapidplatz"
482;2313;"SBAC";"Dietikon, Schäflibach"
590;3472;"SWER";"Dietikon, Schönenwerd"
479;6262;"DSIL";"Dietikon, Silbern"
481;2406;"SOME";"Dietikon, Sommerau"
599;6261;"STHA";"Dietikon, Stadthalle Ost"
594;3344;"DSTA";"Dietikon, Stadthaus"
597;2471;"STAF";"Dietikon, Staffelackerstrasse"
598;2569;"STEA";"Dietikon, Stelzenacker"
551;3798;"VORS";"Dietikon, Vorstadt"
602;6694;"WEST";"Dietikon, Weidstrasse"
604;6698;"DWEI";"Dietikon, Weinberg"
495;81;"ALTZ";"Dübendorf, Alterszentrum"
712;3146;"BDUN";"Dübendorf, Bahnhof Nord"
491;2422;"DBRE";"Dübendorf, Breitibach"
714;753;"EGLI";"Dübendorf, Eglishölzli"
713;863;"FLUP";"Dübendorf, Flugplatz"
653;6660;"DGIE07";"Dübendorf, Giessen"
741;1054;"GRUZ";"Dübendorf, Grüzenstrasse"
489;1228;"HOFF";"Dübendorf, Hoffnung"
493;1273;"DHOG";"Dübendorf, Högler"
510;1478;"KAMM";"Dübendorf, Kämmaten"
494;1414;"KWIL";"Dübendorf, Kirche Wil"
742;1451;"DKRE";"Dübendorf, Kreuzbühl"
711;1572;"DLIN";"Dübendorf, Lindenplatz"
710;1627;"MEHO";"Dübendorf, Meiershofstrasse"
739;1911;"PDUB";"Dübendorf, Post"
654;3785;"RINW";"Dübendorf, Ringwiesen"
490;6346;"DSON";"Dübendorf, Sonnental"
492;2838;"DWAS";"Dübendorf, Wasserfurren"
740;2975;"ZELG";"Dübendorf, Zelglistrasse"
505;738;"EBMA";"Ebmatingen"
504;1527;"LEEA";"Ebmatingen, Leeacherstrasse"
506;1583;"MLOR";"Ebmatingen, Looren"
517;6591;"GAAN";"Effretikon, Garage Andres"
20;12487;"EGG99";"Egg"
22;12488;"EMMA99";"Emmat"
23;10804;"ESSL99";"Esslingen"
378;815;"FAAU";"Fahrweid, Au"
377;548;"BRUS";"Fahrweid, Brunaustrasse"
379;1556;"LIMB";"Fahrweid, Limmatbrücke"
496;544;"FBRU";"Fällanden, Bruggacher"
500;750;"EGGL";"Fällanden, Eggler"
499;947;"FAEL";"Fällanden, Gemeindehaus"
518;1324;"FAEI";"Fällanden, Industrie"
559;3133;"FJUG";"Fällanden, Jugendherberge"
558;1723;"FNEU";"Fällanden, Neuhus"
501;2335;"SHUA";"Fällanden, Schützenhaus"
498;3368;"FWIG";"Fällanden, Wigarten"
497;2999;"FZIL";"Fällanden, Zil"
4;12492;"FOR99";"Forch"
3;6046;"DEPF";"Forch, Depot Forchbahn"
722;6485;"GARG01";"Garage Adliswil"
374;701;"DOGE";"Geroldswil, Dorfstrasse"
376;1028;"GRIN";"Geroldswil, Grindlen"
569;2303;"SWAK";"Geroldswil, Schweizäcker"
373;2869;"WELB";"Geroldswil, Welbrig"
375;2982;"ZENT";"Geroldswil, Zentrum"
483;3727;"GLAN";"Glanzenberg, Bahnhof"
643;994;"BGLA07";"Glattbrugg, Bahnhof"
414;909;"FROH07";"Glattbrugg, Frohbühlstrasse"
417;3247;"GHOF07";"Glattbrugg, Glatthof"
642;6508;"GLIN07";"Glattbrugg, Lindberghplatz"
420;1651;"MODE07";"Glattbrugg, Mode Center TMC"
415;1925;"PGLA07";"Glattbrugg, Post"
645;2758;"UNTR07";"Glattbrugg, Unterriet"
416;992;"GLAG07";"Glattbrugg, Zentrum"
421;6461;"GGLA07";"Glattpark"
512;1006;"GDOR";"Gockhausen, Dorf"
511;6214;"URSP";"Gockhausen, Ursprungstrasse"
19;12500;"HIE99";"Hinteregg"
402;1341;"ITDO";"Itschnach, Dorf"
403;1342;"ITFA";"Itschnach, Fallacher"
401;2038;"REBW";"Itschnach, Rebweg"
400;2695;"TAEG";"Itschnach, Tägermoos"
726;75;"ALHK";"Kilchberg ZH, Altersheim"
117;118;"AUFB";"Kilchberg ZH, Auf Brunnen"
732;589;"BAEC";"Kilchberg ZH, Bächlerstrasse"
723;1391;"BKIL";"Kilchberg ZH, Bahnhof"
106;3775;"BEND";"Kilchberg ZH, Bendlikon"
735;6782;"KBRE";"Kilchberg ZH, Breitloo"
734;6781;"KEMI";"Kilchberg ZH, Emilienheim"
725;1018;"GOBI";"Kilchberg ZH, Gottlieb-Binder"
727;3254;"HALL";"Kilchberg ZH, Hallenbad"
122;1249;"HORN";"Kilchberg ZH, Hornhaldenstr."
116;1401;"KILB";"Kilchberg ZH, Kirche"
119;1457;"KREK";"Kilchberg ZH, Kreuzstrasse"
728;1577;"LISP";"Kilchberg ZH, Lindt & Sprüngli"
731;3796;"MYTH";"Kilchberg ZH, Mythenstrasse"
733;6780;"KOBE";"Kilchberg ZH, Obere Hornhalde"
121;1863;"PAKI";"Kilchberg ZH, Paradiessteig"
107;1864;"PARU";"Kilchberg ZH, Paradiesstrasse"
120;2154;"SANK";"Kilchberg ZH, Sanatorium"
736;2239;"SLIM";"Kilchberg ZH, Schlimbergstr."
105;2262;"SORU";"Kilchberg ZH, Schooren"
729;2264;"SOKI";"Kilchberg ZH, Schoorenstrasse"
118;2304;"KSCH";"Kilchberg ZH, Schwelle"
585;1440;"KSPI";"Kilchberg ZH, Spital"
730;2580;"STOG";"Kilchberg ZH, Stockengut"
123;2859;"WEIK";"Kilchberg ZH, Weinbergstrasse"
724;2277;"SHDO";"Kilchberg ZH,Schulhaus Dorfstr"
539;3822;"BKIS";"Killwangen, Bahnhof"
701;1397;"KIND";"Kindhausen AG"
700;757;"EIHH";"Kindhausen AG, Eichholz"
646;6506;"BABH07";"Kloten Balsberg, Bahnhof"
612;54;"KALL";"Küsnacht ZH, Allmend"
705;1488;"BKUE";"Küsnacht ZH, Bahnhof"
615;462;"BEST";"Küsnacht ZH, Bergstrasse"
396;516;"BOGL";"Küsnacht ZH, Boglerenstrasse"
394;610;"BUEH";"Küsnacht ZH, Bühlstrasse"
708;933;"GART";"Küsnacht ZH, Gartenstrasse"
395;1011;"GOBA";"Küsnacht ZH, Goldbacherstrasse"
707;1106;"HABA";"Küsnacht ZH, Hallenbad"
613;1182;"HESL";"Küsnacht ZH, Hesligenstrasse"
614;1189;"HIST";"Küsnacht ZH, Himmelistrasse"
616;1769;"OBHE";"Küsnacht ZH, Obere Heslibachst"
709;1779;"OBFE";"Küsnacht ZH, Oberfeld"
617;1818;"OBWA";"Küsnacht ZH, Oberwacht"
618;2122;"RAEN";"Küsnacht ZH, Ränkestrasse"
706;2043;"RKIK";"Küsnacht ZH, Reform. Kirche"
398;2167;"SIHG";"Küsnacht ZH, Schiedhaldensteig"
397;2168;"SIHE";"Küsnacht ZH, Schiedhaldenstr."
399;2327;"SUEB";"Küsnacht ZH, Schübel"
668;3744;"ZENK";"Küsnacht ZH, Zentrum"
21;12504;"LWIE99";"Langwies ZH"
6;12506;"MAI99";"Maiacher"
560;3134;"MASC";"Maur, Aschbach"
561;678;"MDOR";"Maur, Dorf"
562;1403;"MKIR";"Maur, Kirche"
564;1892;"MPLA";"Maur, Platten"
563;2342;"MSEE";"Maur, See"
5;12508;"NFOR99";"Neue Forch"
18;12509;"NHA99";"Neuhaus bei Hinteregg"
67;748;"EGGB";"Oberengstringen, Eggbühl"
68;1516;"LANZ";"Oberengstringen, Lanzrain"
70;1862;"PAEN";"Oberengstringen, Paradies"
69;2984;"OBEE";"Oberengstringen, Zentrum"
570;1094;"OHAL";"Oetwil an der Limmat, Halde"
589;1759;"OBDO";"Oetwil an der Limmat, Oberdorf"
571;1964;"OPOS";"Oetwil an der Limmat, Post"
419;2286;"SCHU07";"Opfikon, Schulstrasse"
418;6808;"OSCH07";"Opfikon, Schwimmbad"
523;833;"FELH";"Pfaffhausen, Feldhof"
524;1873;"PMUE";"Pfaffhausen, Müseren"
521;1871;"PFAF";"Pfaffhausen, Pfaffenstein"
522;2622;"SAGG";"Pfaffhausen, Sängglen"
665;641;"CRUZ07";"Regensdorf, Chrüzächer"
666;2986;"ZREG07";"Regensdorf, Zentrum"
644;6507;"RBAU07";"Rümlang, Bäuler"
721;1799;"RGEM07";"Rümlang, Gemeindehaus"
720;6682;"RHOE07";"Rümlang, Hörnlistrasse"
719;1542;"RLET07";"Rümlang, Letten"
102;3186;"RUEB";"Rüschlikon, Bahnhof"
99;443;"BELV";"Rüschlikon, Belvoir"
103;515;"BODE";"Rüschlikon, Bodengasse"
96;6448;"EGGR";"Rüschlikon, Eggrain"
100;1505;"LANH";"Rüschlikon, Langhaldenstrasse"
97;6447;"LRAI";"Rüschlikon, Loorain"
95;1657;"MOOS";"Rüschlikon, Moosstrasse"
94;6492;"RPAR";"Rüschlikon, Park im Grüene"
624;6009;"RREB";"Rüschlikon, Rebsteig"
98;3187;"RSAU";"Rüschlikon, Säumerstrasse"
104;410;"BSRU";"Rüschlikon, Schlossstrasse"
101;2852;"WEID";"Rüschlikon, Weidstrasse"
17;12166;"SCH99";"Scheuren"
509;2166;"SCHE";"Scheuren, Station"
357;6347;"SCHB";"Schlieren, Bahnhof"
358;550;"BRUG";"Schlieren, Brunngasse"
356;838;"FSTR";"Schlieren, Feldstrasse"
245;935;"GASO";"Schlieren, Gasometerbrücke"
360;1151;"HEIM";"Schlieren, Heimeliweg"
759;1327;"IGAS";"Schlieren, Industrie Gaswerk"
557;1388;"KESS";"Schlieren, Kesslerstrasse"
244;1690;"MULL";"Schlieren, Mülligen"
359;1694;"NASS";"Schlieren, Nassacker"
556;2051;"REIT";"Schlieren, Reitmen"
760;2141;"RUST";"Schlieren, Rütistrasse"
361;2436;"SPLI";"Schlieren, Spital Limmattal"
555;3748;"STAK";"Schlieren, Steinacker"
355;2631;"TAWI";"Schlieren, Talacker-Windegg"
246;2798;"WAGO";"Schlieren, Wagonsfabrik"
248;2237;"SZEN";"Schlieren, Zentrum"
247;2236;"SCHL";"Schlieren, Zentrum/Bahnhof"
520;2307;"BSCH";"Schwerzenbach ZH, Bahnhof"
519;684;"DORS";"Schwerzenbach ZH, Dorf"
10;12438;"SZFB99";"Spital Zollikerberg"
543;6586;"CESP";"Spreitenb, Center Spreitenbach"
546;6663;"SPAL";"Spreitenbach, Altersheim"
548;3460;"ASPS";"Spreitenbach, Asp"
540;6300;"SBRE";"Spreitenbach, Breiti"
547;3520;"BRUL";"Spreitenbach, Brüel"
542;6301;"FURT";"Spreitenbach, Furttalstrasse"
544;6462;"IKEA";"Spreitenbach, Ikea"
541;6303;"SINT";"Spreitenbach, Interio"
545;2384;"SCEN";"Spreitenbach, Shopping Center"
627;2412;"FELD01";"Thalwil, Feldstrasse"
629;1684;"MUBA01";"Thalwil, Mühlebachplatz"
631;3378;"PTHA01";"Thalwil, Post"
628;2333;"THSH01";"Thalwil, Schützenhaus"
625;4108;"SEHA01";"Thalwil, Seehaldenstrasse"
626;6856;"TSON01";"Thalwil, Sonnenberg"
630;2989;"TZEN01";"Thalwil, Zentrum"
622;687;"UITIDRF";"Uitikon, Dorf"
382;29;"AEGU";"Unterengstringen, Aegelsee"
353;743;"ECKS";"Unterengstringen, Eckstein"
71;1498;"LANA";"Unterengstringen, Langacher"
354;6724;"ULAN";"Unterengstringen, Langwisen"
72;6825;"USEN";"Unterengstringen, Sennenbüel"
352;2751;"USNO";"Unterengstringen, Sennenbüel N"
592;2767;"BWEI";"Urdorf Weihermatt, Bahnhof"
362;831;"FEGG";"Urdorf, Feldegg"
486;6297;"HEIN";"Urdorf, Heinrich-Stutz-Strasse"
485;1178;"HWEG";"Urdorf, Herweg"
554;1586;"LUBE";"Urdorf, Luberzen"
365;1725;"NEUT";"Urdorf, Neumatt"
568;1726;"NMAT";"Urdorf, Neumattstrasse"
364;1731;"NURD";"Urdorf, Niederurdorf"
368;3589;"OBUR";"Urdorf, Oberurdorf"
567;2024;"RAIW";"Urdorf, Rainweg"
363;2238;"SCHS";"Urdorf, Schlierenstrasse"
367;3590;"SONU";"Urdorf, Sonne"
366;2440;"SPIT";"Urdorf, Spitzacker"
591;2732;"UITI";"Urdorf, Uitikonerstrasse"
528;3740;"VHOF07";"Volketswil, Hofwisen"
527;632;"VCHL07";"Volketswil, Volkiland Chliriet"
11;12807;"WAB99";"Waldburg"
533;2807;"WABG";"Waldburg, Station"
619;3356;"WALBIST";"Waldegg, Birmensdorferstrasse"
620;6907;"WALDLEU";"Waldegg, Leuen"
623;1991;"WALPOST";"Waldegg, Post"
412;2820;"BWAL07";"Wallisellen, Bahnhof"
650;439;"BELA07";"Wallisellen, Belair"
411;3241;"WFLO07";"Wallisellen, Florastrasse"
588;2983;"WGLA";"Wallisellen, Glatt (Bus)"
651;6735;"WGLA07";"Wallisellen, Glatt (Tram)"
649;1176;"HRTI07";"Wallisellen, Herti"
652;6659;"WNEU07";"Wallisellen, Neugut"
8;12826;"WAL99";"Waltikon"
716;1266;"WHAE";"Wangen, Hätzelwisen"
715;6364;"STIE";"Wangen, Stierwisen"
717;2850;"WELI";"Wangen, Weidli"
369;3183;"AEGW";"Weiningen ZH, Aegelsee"
370;125;"AUSW";"Weiningen ZH, Ausserdorf"
371;1571;"WLIN";"Weiningen ZH, Lindenplatz"
372;2268;"SWEI";"Weiningen ZH, Schulhaus"
532;6254;"LAEN";"Zollikerb., Langägerten/Spital"
9;13002;"ZOB99";"Zollikerberg"
656;3826;"HASE";"Zollikerberg, Hasenbart"
677;1792;"OBHU";"Zollikerberg, Oberhueb"
675;6470;"RESI";"Zollikerberg, Resirain"
676;2375;"SENN";"Zollikerberg, Sennhof"
655;3756;"SZOL";"Zollikerberg, Spital"
531;3002;"ZOBE";"Zollikerberg, Station"
657;3747;"TRIC";"Zollikerberg, Trichtenhauserm."
536;53;"ZALL";"Zollikon, Allmend"
606;3003;"BZOL";"Zollikon, Bahnhof"
389;418;"BUEB";"Zollikon, Bahnübergang"
392;476;"BEUG";"Zollikon, Beugi"
391;715;"DUFP";"Zollikon, Dufourplatz"
390;824;"FBST";"Zollikon, Felbenstrasse"
388;6044;"GAAZ";"Zollikon, Garage G.-Maurer-Str"
538;961;"GDEH";"Zollikon, Gemeindehaus"
393;1013;"GOHA";"Zollikon, Goldhaldenplatz"
537;1277;"HSTR";"Zollikon, Höhestrasse"
534;2040;"RWIE";"Zollikon, Rebwiesstrasse"
535;2341;"SUET";"Zollikon, Schützenstrasse"
605;2363;"SEES";"Zollikon, Seestrasse"
7;12543;"ZUMI99";"Zumikon"
703;705;"DOZE";"Zumikon, Dorfzentrum"
667;1075;"GOES";"Zumikon, Gössikon"
704;2826;"WALT";"Zumikon, Waltikon"
647;3027;"FLUG07";"Zürich Flughafen, Bahnhof"
648;6232;"FRAF07";"Zürich Flughafen, Fracht"
315;7;"AARG";"Zürich, Aargauerstrasse"
266;46;"ALBG";"Zürich, Albisgütli"
410;3797;"ARAN";"Zürich, Albisrank"
325;47;"ALBR";"Zürich, Albisrieden"
461;3705;"ALBD";"Zürich, Albisriederdörfli"
212;48;"ALBP";"Zürich, Albisriederplatz"
56;67;"ATRO";"Zürich, Alte Trotte"
679;70;"ALTE";"Zürich, Altenhofstrasse"
755;3706;"AHOS";"Zürich, Althoos"
291;88;"ALTR";"Zürich, Altried"
744;3150;"AMBO";"Zürich, Am Börtli"
299;92;"AMSU";"Zürich, Am Suteracher"
743;3151;"APPE";"Zürich, Appenzellerstrasse"
196;6627;"ASPH";"Zürich, Aspholz"
193;114;"AUBR";"Zürich, Aubrücke"
160;128;"AUSS";"Zürich, Ausserdorfstrasse"
471;132;"ZAUZ";"Zürich, Auzelg"
672;134;"AUZO";"Zürich, Auzelg Ost"
387;137;"BACH";"Zürich, Bachmattstrasse"
234;1234;"BANL";"Zürich, Bäckeranlage"
250;144;"BADA";"Zürich, Bad Allenmoos"
130;3021;"BAFF";"Zürich, Bahnhof Affoltern"
135;6511;"BAFS";"Zürich, Bahnhof Affoltern Süd"
240;3022;"BALT";"Zürich, Bahnhof Altstetten"
317;5001;"BALN";"Zürich, Bahnhof Altstetten N"
142;3026;"ENGE";"Zürich, Bahnhof Enge"
77;199;"BEDE";"Zürich, Bahnhof Enge/Bederstr."
199;3029;"HSBB";"Zürich, Bahnhof Hardbrücke"
575;2547;"BLEI";"Zürich, Bahnhof Leimbach"
179;3034;"BOER";"Zürich, Bahnhof Oerlikon"
171;6255;"BOEN";"Zürich, Bahnhof Oerlikon Nord"
271;3447;"BOEO";"Zürich, Bahnhof Oerlikon Ost"
326;2551;"BSEL";"Zürich, Bahnhof Selnau"
16;3039;"BSTA";"Zürich, Bahnhof Stadelhofen"
345;2575;"BSTE";"Zürich, Bahnhof Stettbach"
228;3041;"BTIE";"Zürich, Bahnhof Tiefenbrunnen"
48;3042;"BWIE";"Zürich, Bahnhof Wiedikon"
202;3043;"BWIP";"Zürich, Bahnhof Wipkingen"
41;412;"BPLA";"Zürich, Bahnhofplatz/HB"
40;413;"BQUA";"Zürich, Bahnhofquai/HB"
43;416;"BSTR";"Zürich, Bahnhofstrasse/HB"
13;421;"BALG";"Zürich, Balgrist"
33;592;"BAEN";"Zürich, Bändliweg"
131;594;"BAER";"Zürich, Bärenbohlstrasse"
409;427;"BASL";"Zürich, Baslerstrasse"
279;435;"BECK";"Zürich, Beckenhof"
51;440;"BELL";"Zürich, Bellevue"
445;455;"BERH";"Zürich, Berghaldenstrasse"
635;459;"BDOL";"Zürich, Bergstation Dolderbahn"
274;465;"BERN";"Zürich, Berninaplatz"
28;467;"BERO";"Zürich, Bernoulli-Häuser"
429;468;"BERT";"Zürich, Bertastrasse"
756;3587;"BERU";"Zürich, Berufswahlschule"
472;470;"BESE";"Zürich, Besenrainstrasse"
209;471;"BETH";"Zürich, Bethanien"
318;478;"BEZI";"Zürich, Bezirksgebäude"
111;3774;"BWOB";"Zürich, Bhf Wollishofen (Bus)"
138;3044;"BWOL";"Zürich, Bhf Wollishofen (Tram)"
139;488;"BILO";"Zürich, Billoweg"
678;493;"BINZ";"Zürich, Binz"
751;3714;"BINC";"Zürich, Binz Center"
161;497;"BIGL";"Zürich, Birch-/Glatttalstrasse"
331;498;"BIRD";"Zürich, Birchdörfli"
516;3445;"BIBE";"Zürich, Bircher-Benner"
459;3449;"BIRC";"Zürich, Birchstrasse"
684;508;"BLEU";"Zürich, Bleulerstrasse"
195;6626;"BLUM";"Zürich, Blumenfeldstrasse"
674;3715;"BOST";"Zürich, Bocklerstrasse"
169;3789;"BOLL";"Zürich, Bollingerweg"
294;601;"BOES";"Zürich, Börsenstrasse"
224;3645;"BOGA";"Zürich, Botanischer Garten"
583;530;"BRAN";"Zürich, Brandschenkestrasse"
308;542;"BRIS";"Zürich, Bristenstrasse"
425;546;"BRUM";"Zürich, Brunau/Mutschellenstr."
140;547;"BRUN";"Zürich, Brunaustrasse"
252;564;"BUCH";"Zürich, Bucheggplatz"
664;3787;"BUHO";"Zürich, Buchholz"
166;573;"BUHN";"Zürich, Buhnstrasse"
466;580;"BURG";"Zürich, Burgwies"
115;615;"BURK";"Zürich, Bürkliplatz"
83;586;"BUTZ";"Zürich, Butzenstrasse"
444;617;"CARL";"Zürich, Carl-Spitteler-Strasse"
52;619;"CENT";"Zürich, Central"
458;3450;"CHAL";"Zürich, Chaletweg"
405;3717;"CHIN";"Zürich, Chinagarten"
35;648;"DAMM";"Zürich, Dammweg"
85;649;"DANG";"Zürich, Dangelstrasse"
136;6055;"DEP2";"Zürich, Depot 2 Wollishofen"
49;6030;"DEP4";"Zürich, Depot 4 Elisabethenstr"
24;6031;"DEP5";"Zürich, Depot 5 Hard"
157;6032;"DEP7";"Zürich, Depot 7 Irchel"
249;6033;"DEP8";"Zürich, Depot 8 Oerlikon"
632;6421;"DEPD";"Zürich, Depot Dolderbahn"
173;694;"DORF";"Zürich, Dorflinde"
192;708;"DREI";"Zürich, Dreispitz"
515;711;"DREW";"Zürich, Dreiwiesen"
442;713;"DRUS";"Zürich, Drusbergstrasse"
301;716;"DUNK";"Zürich, Dunkelhölzli"
184;767;"EINF";"Zürich, Einfangstrasse"
404;769;"ELWA";"Zürich, Elektrowatt"
261;788;"ENGV";"Zürich, Englischviertelstrasse"
682;3594;"EPIK";"Zürich, EPI-Klinik"
55;800;"EGUT";"Zürich, Eschergutweg"
25;799;"EWYS";"Zürich, Escher-Wyss-Platz"
125;735;"ETHH";"Zürich, ETH Hönggerberg"
150;736;"ETHZ";"Zürich, ETH/Universitätsspital"
413;3446;"ETTE";"Zürich, Ettenfeld"
242;821;"FARB";"Zürich, Farbhof"
311;832;"FELD";"Zürich, Feldeggstrasse"
324;840;"FELL";"Zürich, Fellenbergstrasse"
272;845;"FELS";"Zürich, Felsenrainstrasse"
470;6460;"ZFER";"Zürich, Fernsehstudio"
298;852;"FEUS";"Zürich, Feusisbergli"
27;857;"FWEG";"Zürich, Fischerweg"
692;859;"FLOB";"Zürich, Flobotstrasse"
681;868;"FLUE";"Zürich, Flühgasse"
407;867;"FLUR";"Zürich, Flurstrasse"
26;927;"FOER";"Zürich, Förrlibuckstrasse"
66;872;"FRAN";"Zürich, Frankental"
223;3466;"FRST";"Zürich, Freiestrasse"
384;883;"FREI";"Zürich, Freihofstrasse"
406;884;"FLAG";"Zürich, Freilagerstrasse"
174;888;"FRIA";"Zürich, Friedackerstrasse"
305;893;"FEIC";"Zürich, Friedhof Eichbühl"
467;894;"ENZE";"Zürich, Friedhof Enzenbühl"
747;895;"FHOE";"Zürich, Friedhof Hönggerberg"
637;896;"FSWA";"Zürich, Friedhof Schwandenholz"
430;897;"FSIH";"Zürich, Friedhof Sihlfeld"
670;898;"FUET";"Zürich, Friedhof Uetliberg"
525;899;"FWIT";"Zürich, Friedhof Witikon"
177;901;"FRDR";"Zürich, Friedrichstrasse"
337;902;"FRIB";"Zürich, Friesenberg"
669;903;"FRIH";"Zürich, Friesenberghalde"
338;904;"FRIE";"Zürich, Friesenbergstrasse"
176;908;"FROB";"Zürich, Frohburg"
226;917;"FROE";"Zürich, Fröhlichstrasse"
185;914;"FRON";"Zürich, Fronwald"
574;916;"FRYM";"Zürich, Frymannstrasse"
50;6034;"GAR6";"Zürich, Garage 6 Hardau"
124;6035;"GAR9";"Zürich, Garage 9 Hagenholz"
64;944;"GEER";"Zürich, Geeringstrasse"
608;971;"GERM";"Zürich, Germaniastrasse"
42;972;"GESS";"Zürich, Gessnerallee"
62;979;"GIBL";"Zürich, Giblenstrasse"
342;998;"GLAT";"Zürich, Glattwiesen"
183;1000;"GLAU";"Zürich, Glaubtenstrasse"
456;6020;"GLAS";"Zürich, Glaubtenstrasse Süd"
526;3444;"GLOK";"Zürich, Glockenacker"
462;1007;"GOLD";"Zürich, Goldackerweg"
282;1012;"GOLP";"Zürich, Goldbrunnenplatz"
386;1026;"GRIM";"Zürich, Grimselstrasse"
750;489;"GRUB";"Zürich, Grubenstrasse"
32;1041;"GRUN";"Zürich, Grünaustrasse"
277;1061;"GUGG";"Zürich, Guggachstrasse"
235;1076;"GUET";"Zürich, Güterbahnhof"
641;1073;"GUTS";"Zürich, Gutstrasse"
151;1098;"HALB";"Zürich, Haldenbach"
257;1100;"HEGG";"Zürich, Haldenegg"
190;3760;"HALO";"Zürich, Hallenbad Oerlikon"
30;1120;"HARH";"Zürich, Hardhof"
198;1122;"HARP";"Zürich, Hardplatz"
29;2447;"SPOH";"Zürich, Hardturm"
464;1138;"HEDW";"Zürich, Hedwigsteig"
288;1139;"HEER";"Zürich, Heerenwiesen"
340;1143;"HEGA";"Zürich, Hegianwandweg"
14;1144;"HEGI";"Zürich, Hegibachplatz"
63;1156;"HEIZ";"Zürich, Heizenholz"
260;1157;"HELM";"Zürich, Helmhaus"
327;1158;"HELV";"Zürich, Helvetiaplatz"
187;1160;"HERB";"Zürich, Herbstweg"
236;1162;"HERD";"Zürich, Herdernstrasse"
636;1175;"HERT";"Zürich, Hertensteinstrasse"
194;1179;"HERZ";"Zürich, Herzogenmühlestrasse"
691;1186;"HEUB";"Zürich, Heubeeriweg"
284;1187;"HEUR";"Zürich, Heuried"
167;6250;"HIMM";"Zürich, Himmeri"
211;1194;"HINT";"Zürich, Hinterbergstrasse"
275;1215;"HIRS";"Zürich, Hirschwiesenstrasse"
292;1220;"HIRZ";"Zürich, Hirzenbach"
336;1272;"HOEF";"Zürich, Höfliweg"
219;3469;"HOFS";"Zürich, Hofstrasse"
350;1231;"HOHE";"Zürich, Hohenklingensteig"
221;3470;"HSTG";"Zürich, Hölderlinsteig"
263;1278;"HOEL";"Zürich, Hölderlinstrasse"
333;1239;"HOLZ";"Zürich, Holzerhurd"
439;1280;"HOEB";"Zürich, Hönggerberg"
225;1286;"HOES";"Zürich, Höschgasse"
319;1251;"HOTT";"Zürich, Hottingerplatz"
214;1252;"HUBE";"Zürich, Hubertus"
426;1288;"HUEG";"Zürich, Hügelstrasse"
332;1259;"HUNG";"Zürich, Hungerbergstrasse"
582;1865;"HURL";"Zürich, Hürlimannplatz"
639;1292;"HUER";"Zürich, Hürstholz"
718;1303;"IEBN";"Zürich, Im Ebnet"
431;3123;"IMGU";"Zürich, Im Gut"
339;1307;"IHAG";"Zürich, Im Hagacker"
577;1310;"IHUS";"Zürich, Im Hüsli"
693;1311;"IKLO";"Zürich, Im Klösterli"
683;1315;"IWAL";"Zürich, Im Walder"
438;1316;"IWIN";"Zürich, Im Wingert"
217;1320;"IDEY";"Zürich, In der Ey"
758;3153;"JUCH";"Zürich, Juchhof"
81;1354;"JUGI";"Zürich, Jugendherberge"
422;1356;"KALB";"Zürich, Kalchbühlweg"
232;1358;"KANO";"Zürich, Kanonengasse"
144;1359;"KANT";"Zürich, Kantonsschule"
440;1362;"KAPF";"Zürich, Kapfstrasse"
385;1364;"KAPP";"Zürich, Kappeli"
745;3138;"KABU";"Zürich, Kappenbühlweg"
163;1483;"KAES";"Zürich, Käshaldenstrasse"
453;1379;"KEMP";"Zürich, Kempfhofsteig"
334;1386;"KERN";"Zürich, Kernstrasse"
448;1389;"KIEN";"Zürich, Kienastenwies"
154;1399;"KINK";"Zürich, Kinkelstrasse"
147;1407;"KFLU";"Zürich, Kirche Fluntern"
220;3648;"KLOB";"Zürich, Klosbach"
222;1430;"KLUS";"Zürich, Klusplatz"
164;6304;"KOES";"Zürich, Köschenrüti"
753;1445;"KNOR";"Zürich, Krematorium Nordheim"
213;1446;"KSIH";"Zürich, Krematorium Sihlfeld"
15;1453;"KREU";"Zürich, Kreuzplatz"
310;1456;"KRES";"Zürich, Kreuzstrasse"
278;1468;"KRON";"Zürich, Kronenstrasse"
690;1471;"KROE";"Zürich, Krönleinstrasse"
143;1472;"KUNS";"Zürich, Kunsthaus"
330;1595;"LAEG";"Zürich, Lägernstrasse"
112;3141;"LAND";"Zürich, Landiwiese"
687;1502;"LAST";"Zürich, Langensteinenstrasse"
640;1503;"LANG";"Zürich, Langgrütstrasse"
156;1507;"LANM";"Zürich, Langmauerstrasse"
149;1519;"LAUB";"Zürich, Laubegg"
253;1522;"LAUI";"Zürich, Laubiweg"
449;1528;"LEHE";"Zürich, Lehenstrasse"
162;1532;"LEIM";"Zürich, Leimgrübelstrasse"
126;1539;"LERC";"Zürich, Lerchenhalde"
127;3457;"LERA";"Zürich, Lerchenrain"
450;1547;"LETT";"Zürich, Lettenstrasse"
383;1548;"LETG";"Zürich, Letzigrund"
238;3148;"LETP";"Zürich, Letzipark"
408;1549;"LPAW";"Zürich, Letzipark West"
155;1550;"LETZ";"Zürich, Letzistrasse"
468;1552;"LEUT";"Zürich, Leutschenbach"
37;1557;"LIMM";"Zürich, Limmatplatz"
296;1570;"LIND";"Zürich, Lindenplatz"
321;1579;"LOCH";"Zürich, Lochergut"
300;1581;"LOOG";"Zürich, Loogarten"
446;1584;"LOOR";"Zürich, Loorenstrasse"
44;1608;"LOEW";"Zürich, Löwenplatz"
290;1587;"LUCH";"Zürich, Luchswiesen"
289;1590;"LUEG";"Zürich, Luegisland"
239;1592;"LUGG";"Zürich, Luggwegstrasse"
754;1611;"MAIE";"Zürich, Maienweg"
581;3788;"MAIL";"Zürich, Maillartstrasse"
573;1612;"MANG";"Zürich, Manegg"
428;1614;"MANS";"Zürich, Manesseplatz"
576;1615;"MARB";"Zürich, Marbachweg"
344;1620;"MATT";"Zürich, Mattenhof"
170;3764;"MAXB";"Zürich, Max-Bill-Platz"
58;1626;"MEIE";"Zürich, Meierhofplatz"
191;3154;"MEHA";"Zürich, Messe/Hallenstadion"
243;1640;"MICA";"Zürich, Micafil"
746;1641;"MICH";"Zürich, Michelstrasse"
276;1643;"MIBU";"Zürich, Milchbuck"
233;1644;"MILA";"Zürich, Militär-/Langstrasse"
579;1648;"MITL";"Zürich, Mittelleimbach"
82;1660;"MORG";"Zürich, Morgental"
457;3451;"MOTT";"Zürich, Mötteliweg"
197;6628;"MUEH";"Zürich, Mühlacker"
38;1667;"MUFG";"Zürich, Museum für Gestaltung"
141;1666;"MUSR";"Zürich, Museum Rietberg"
297;1698;"NEES";"Zürich, Neeserweg"
182;1705;"NEUA";"Zürich, Neuaffoltern"
424;1710;"NEUB";"Zürich, Neubühl"
231;1724;"NEUM";"Zürich, Neumarkt"
168;3804;"NBRU";"Zürich, Neunbrunnen"
752;1744;"NORH";"Zürich, Nordheimstrasse"
329;1745;"NORS";"Zürich, Nordstrasse"
203;1753;"NUER";"Zürich, Nürenbergstrasse"
181;1821;"OBEW";"Zürich, Oberwiesenstrasse"
469;6459;"ZOER";"Zürich, Oerlikerhus"
451;3786;"OKEN";"Zürich, Okenstrasse"
309;1845;"OPER";"Zürich, Opernhaus"
673;3001;"ORIO";"Zürich, Orionstrasse"
255;1856;"OTTI";"Zürich, Ottikerstrasse"
269;1861;"PARA";"Zürich, Paradeplatz"
662;3765;"PAUL";"Zürich, Paulus-Akademie"
436;1441;"PKAE";"Zürich, Pflegezentr. Käferberg"
145;1889;"PLAT";"Zürich, Platte"
137;2005;"PWOL";"Zürich, Post Wollishofen"
343;2008;"PROB";"Zürich, Probstei"
36;2014;"QUEL";"Zürich, Quellenstrasse"
251;2017;"RADI";"Zürich, Radiostudio"
749;2120;"RAEF";"Zürich, Räffelstrasse"
259;2030;"RATH";"Zürich, Rathaus"
303;2033;"RAUH";"Zürich, Rautihalde"
307;2034;"RAUT";"Zürich, Rautistrasse"
452;2035;"REBE";"Zürich, Rebbergsteig"
180;2045;"REGB";"Zürich, Regensbergbrücke"
12;2549;"REHA";"Zürich, Rehalp"
270;2054;"RAUG";"Zürich, Rennweg"
76;2055;"RENT";"Zürich, Rentenanstalt"
189;2069;"RIEG";"Zürich, Riedgraben"
65;3122;"RIEH";"Zürich, Riedhofstrasse"
611;2090;"BERG";"Zürich, Rigiblick"
262;2124;"ROEM";"Zürich, Römerhof"
328;2127;"ROEN";"Zürich, Röntgenstrasse"
201;2104;"ROSE";"Zürich, Rosengartenstrasse"
254;2128;"ROES";"Zürich, Röslistrasse"
341;2107;"ROSW";"Zürich, Roswiesen"
204;2108;"ROTB";"Zürich, Rotbuchstrasse"
110;2109;"ROTE";"Zürich, Rote Fabrik"
258;2113;"RBRU";"Zürich, Rudolf-Brun-Brücke"
454;2140;"RUET";"Zürich, Rütihof"
148;2550;"SAAL";"Zürich, Saalsporthalle"
188;2145;"SAAT";"Zürich, Saatlenstrasse"
215;2147;"SACK";"Zürich, Sackzelg"
273;2151;"SALE";"Zürich, Salersteig"
302;2152;"SALZ";"Zürich, Salzweg"
237;2142;"SBBW";"Zürich, SBB-Werkstätte"
205;2158;"SPLA";"Zürich, Schaffhauserplatz"
686;6776;"SANZ";"Zürich, Schanzackerstrasse"
688;2314;"SAPI";"Zürich, Schäppiweg"
128;3458;"PSCH";"Zürich, Schauenberg"
285;2160;"SCHA";"Zürich, Schaufelbergerstrasse"
206;2164;"SCHZ";"Zürich, Scheuchzerstrasse"
200;6759;"SBAU";"Zürich, Schiffbau"
441;2251;"SYFI";"Zürich, Schlyfi"
281;2256;"SWIE";"Zürich, Schmiede Wiedikon"
165;2320;"SCHG";"Zürich, Schönauring"
287;2326;"SCHO";"Zürich, Schörlistrasse"
216;3155;"ALTW";"Zürich, Schulhaus Altweg"
304;2276;"BUCL";"Zürich, Schulhaus Buchlern"
455;2289;"SWEG";"Zürich, Schumacherweg"
587;2329;"SURG";"Zürich, Schürgistrasse"
748;3566;"SHOE";"Zürich, Schützenhaus Höngg"
178;2294;"SCHW";"Zürich, Schwamendingerplatz"
133;2298;"SHOL";"Zürich, Schwandenholz"
432;2302;"SHOF";"Zürich, Schweighof"
114;3477;"SRUC";"Zürich, Schweizer Rück"
57;2306;"SCHT";"Zürich, Schwert"
159;2346;"SEEB";"Zürich, Seebach"
158;1275;"SEPL";"Zürich, Seebacherplatz"
109;2834;"SEER";"Zürich, Seerose"
61;2364;"SEGA";"Zürich, Segantinistrasse"
661;3767;"SEGE";"Zürich, Segeten"
241;2366;"SEID";"Zürich, Seidelhof"
153;2367;"RIGI";"Zürich, Seilbahn Rigiblick"
323;2385;"SIEM";"Zürich, Siemens"
229;2388;"SIGN";"Zürich, Signaustrasse"
433;6463;"SIHC";"Zürich, Sihlcity"
79;2771;"SIHN";"Zürich, Sihlcity Nord"
45;1366;"SIHP";"Zürich, Sihlpost / HB"
39;2395;"SIHL";"Zürich, Sihlquai/HB"
295;2396;"SIHS";"Zürich, Sihlstrasse"
578;2398;"SIHW";"Zürich, Sihlweidstrasse"
60;2402;"SING";"Zürich, Singlistrasse"
306;6003;"SOLP";"Zürich, Solidapark"
256;2411;"SONN";"Zürich, Sonneggstrasse"
314;2449;"SPOW";"Zürich, Sportweg"
230;2450;"SPRE";"Zürich, Sprecherstrasse"
208;2451;"SPYR";"Zürich, Spyriplatz"
689;2452;"SPYS";"Zürich, Spyristeig"
108;2461;"STAD";"Zürich, Stadtgrenze"
280;2474;"STAM";"Zürich, Stampfenbachplatz"
638;3768;"STBU";"Zürich, Staudenbühl"
46;2556;"STAU";"Zürich, Stauffacher"
172;2572;"SOER";"Zürich, Sternen Oerlikon"
580;6117;"SRIE";"Zürich, Stierenried"
268;2582;"STOC";"Zürich, Stockerstrasse"
265;2596;"STRV";"Zürich, Strassenverkehrsamt"
685;2598;"STRI";"Zürich, Strickhof"
113;3522;"SUKK";"Zürich, Sukkulentensammlung"
86;2612;"SUNN";"Zürich, Sunnau"
347;2618;"SUSE";"Zürich, Susenbergstrasse"
283;2638;"TALW";"Zürich, Talwiesenstrasse"
312;3453;"TECH";"Zürich, Technopark"
80;2659;"THUJ";"Zürich, Thujastrasse"
286;2666;"TIER";"Zürich, Tierspital"
633;2667;"TITL";"Zürich, Titlisstrasse"
513;2671;"TOBE";"Zürich, Tobelhof"
210;2673;"TOBL";"Zürich, Toblerplatz"
313;718;"TONA";"Zürich, Toni-Areal"
659;3769;"TFUS";"Zürich, Trichtenhausenfussweg"
658;6416;"TRSA";"Zürich, Trichtisal"
218;2680;"TRIE";"Zürich, Triemli"
463;2682;"TRIS";"Zürich, Triemlispital"
31;2707;"TUEF";"Zürich, Tüffenwies"
186;2688;"TULP";"Zürich, Tulpenstrasse"
267;2689;"TUNN";"Zürich, Tunnelstrasse"
264;2722;"UETL";"Zürich, Uetlihof"
293;1334;"IRCH";"Zürich, Universität Irchel"
132;2737;"UAFF";"Zürich, Unteraffoltern"
460;2754;"UNTM";"Zürich, Untermoosstrasse"
572;2776;"VERE";"Zürich, Verenastrasse"
207;2779;"VOGE";"Zürich, Vogelsangstrasse"
146;2788;"VOLT";"Zürich, Voltastrasse"
757;3588;"VULK";"Zürich, Vulkanstrasse"
427;6019;"WAFB";"Zürich, Waffenplatz-/Bederstr."
78;2795;"WAFF";"Zürich, Waffenplatzstrasse"
437;2799;"WAIB";"Zürich, Waidbadstrasse"
54;2800;"WAIF";"Zürich, Waidfussweg"
134;2801;"WAIH";"Zürich, Waidhof"
435;2803;"WAIS";"Zürich, Waidspital"
175;2814;"WALD";"Zürich, Waldgarten"
634;2815;"WDOL";"Zürich, Waldhaus Dolder"
74;2831;"WART";"Zürich, Wartau"
443;2836;"WASE";"Zürich, Waserstrasse"
434;2858;"WEIH";"Zürich, Weihersteig"
47;6238;"WERE";"Zürich, Werd"
34;2872;"WERD";"Zürich, Werdhölzli"
465;2879;"WETL";"Zürich, Wetlistrasse"
423;2889;"WIDM";"Zürich, Widmerstrasse"
59;2899;"WIES";"Zürich, Wieslergasse"
660;3772;"WACH";"Zürich, Wiesliacher"
227;2907;"WILD";"Zürich, Wildbachstrasse"
152;2924;"WINK";"Zürich, Winkelriedstrasse"
351;2934;"WINH";"Zürich, Winzerhalde"
73;2935;"WINZ";"Zürich, Winzerstrasse"
349;6015;"WINS";"Zürich, Winzerstrasse Süd"
53;2937;"WIPK";"Zürich, Wipkingerplatz"
663;3773;"WITZ";"Zürich, Witikon Zentrum"
84;2950;"WOLL";"Zürich, Wollishofen"
680;2956;"WONE";"Zürich, Wonnebergstrasse"
316;6648;"WURZ";"Zürich, Würzgraben"
129;2968;"ZEHN";"Zürich, Zehntenhausplatz"
671;2998;"ZIEL";"Zürich, Zielweg"
348;3005;"ZOO";"Zürich, Zoo"
514;4;"ZOOF";"Zürich, Zoo/Forrenweid"
346;3045;"ZUER";"Zürich, Zürichbergstrasse"
447;3011;"ZWEI";"Zürich, Zweiackerstrasse"
75;3015;"ZWIE";"Zürich, Zwielplatz"
335;3018;"ZWIN";"Zürich, Zwinglihaus"
322;3019;"ZYPR";"Zürich, Zypressenstrasse"
320;1357;"KALK";"Zürich,Kalkbreite/Bhf.Wiedikon"
