"Tagtyp_Id";"Tagtypname";"Bemerkung"
2;"<Unbenutzt>";
6;"14-A-15";"Montag bis Donnerstag, Jahresfahrplan 2015"
11;"14-B-15";"Montag bis Donnerstag, Fahrplananpassungen Linien 4 ab 04.05.2015"
5;"15-A-15";"Montag bis Freitag, Jahresfahrplan 2015"
12;"15-B-15";"Montag bis Freitag, Fahrplananpassung wegen Baustelle auf Linien 912, 916 ab 13.04.2015 bis 23.10.2015"
4;"55-A-15";"Freitag, Jahresfahrplan 2015"
10;"55-B-15";"Freitag, Fahrplananpassungen Linie 4 ab 08.05.2015 und Linien Nachtnetz ab 17.04.2015 bis 30.10.2015"
3;"66-A-15";"Samstag, Jahresfahrplan 2015"
9;"66-B-15";"Freitag, Fahrplananpassungen Linie 4 ab 09.05.2015,  Linien 912, 916 ab 18.04.2015 bis 24.10.2015 und Linien Nachtnetz ab 18.04.2015 bis 31.10.2015"
7;"77-A-15";"Sonntag, Jahresfahrplan 2015"
8;"77-B-15";"Sonntag, Fahrplananpassungen Linie 11 ab 10.05.2015 und Linie 912 ab 12.04.2015 bis 25.10.2015"
13;"99-A-15";"Montag bis Freitag Ferienfahrplan, Linien 32 und 80 ab 13.07.2015 bis 14.08.2015"
40000002;"<Unbenutzt>";
