GPS_Latitude,GPS_Longitude,Haltestellen_Id,Haltestellenlangname
47.452270666666664,8.571438444444444,595,"Zürich Flughafen, Fracht"
47.450238639999995,8.5638868,594,"Zürich Flughafen, Bahnhof"
47.29499,8.5642855,749,"Thalwil, Zentrum"
47.370167,8.513775923076922,46,"Zürich, Goldbrunnenplatz"
47.43791075,8.56214,592,"Glattbrugg, Unterriet"
47.317645666666664,8.541658666666665,295,"Kilchberg ZH, Kirche"
47.290343500000006,8.559671999999999,746,"Thalwil, Feldstrasse"
47.28771966666667,8.562008,747,"Thalwil, Schützenhaus"
47.368991,8.501590125,402,"Zürich, Schaufelbergerstrasse"
47.433528499999994,8.5657695,472,"Glattbrugg, Zentrum"
47.39674366666666,8.613246833333333,753,"Dübendorf, Meiershofstrasse"
47.324516,8.548133,724,"Kilchberg ZH, Bahnhof"
47.36797977777778,8.495363555555555,78,"Zürich, Triemli"
47.291278000000005,8.564888,748,"Thalwil, Mühlebachplatz"
47.3705978,8.5487793,139,"Zürich, Kunsthaus"
47.37407225,8.525573999999999,215,"Zürich, Bezirksgebäude"
47.3765306,8.548192400000001,137,"Zürich, ETH/Universitätsspital"
47.398487384615386,8.533084,107,"Zürich, Bucheggplatz"
47.39057757142857,8.479194642857143,229,"Zürich, Farbhof"
47.410066,8.546232764705882,49,"Zürich, Sternen Oerlikon"
47.405786875,8.40442275,212,"Dietikon, Bahnhof"
47.4316565,8.5436945,765,"Zürich, Im Ebnet"
47.40914475,8.59563025,468,"Wallisellen, Glatt (Bus)"
47.43133175,8.4663035,752,"Regensdorf, Zentrum"
47.39601825,8.599868749999999,435,"Dübendorf, Hoffnung"
47.4416574,8.5684474,593,"Kloten Balsberg, Bahnhof"
47.435513,8.55799975,591,"Rümlang, Bäuler"
47.42548875,8.5610065,589,"Glattbrugg, Lindberghplatz"
47.411831750000005,8.597017,466,"Wallisellen, Florastrasse"
47.40883766666667,8.579783,658,"Zürich, Schürgistrasse"
47.434331199999995,8.567549199999998,473,"Glattbrugg, Glatthof"
47.321881,8.547641333333333,725,"Kilchberg ZH,Schulhaus Dorfstr"
47.3661665,8.5623125,410,"Zürich, Hölderlinstrasse"
47.325091,8.54520775,298,"Kilchberg ZH, Kreuzstrasse"
47.43853,8.5348785,766,"Rümlang, Letten"
47.4027375,8.6017315,464,"Dübendorf, Neugut Süd"
47.38192,8.667569499999999,704,"Volketswil, Volkiland Chliriet"
47.41432990909091,8.551170272727273,100,"Zürich, Leutschenbach"
47.3970015,8.616536,754,"Dübendorf, City Center"
47.4044935,8.595668,463,"D'dorf, Sportanl Heerenschürli"
47.43105766666667,8.558891777777777,590,"Glattbrugg, Bahnhof"
47.41220025,8.483923,258,"Zürich, Heizenholz"
47.39568283333333,8.603345833333334,436,"Dübendorf, Sonnental"
47.39600825,8.60933,444,"Dübendorf, Breitibach"
47.332848,8.534718,479,"Zürich, Neubühl"
47.3333145,8.518651,620,"Zürich, Bahnhof Leimbach"
47.404718555555554,8.571379555555556,57,"Zürich, Schwamendingerplatz"
47.373054499999995,8.52931225,141,"Zürich, Stauffacher"
47.355179,8.600873,384,"Zürich, Kienastenwies"
47.39777813333333,8.5417502,129,"Zürich, Milchbuck"
47.3186094,8.5517302,728,"Kilchberg ZH, Lindt & Sprüngli"
47.318928,8.5342135,272,"Adliswil, Ahornweg"
47.34399369230769,8.529884538461538,165,"Zürich, Morgental"
47.413856,8.449755000000001,182,"Unterengstringen, Sennenbüel N"
47.324168,8.540387,730,"Kilchberg ZH, Stockengut"
47.392086000000006,8.428037,193,"Urdorf, Feldegg"
47.3290085,8.539276000000001,732,"Kilchberg ZH, Bächlerstrasse"
47.3801275,8.4298575,199,"Urdorf Weihermatt, Bahnhof"
47.3959415,8.532181,417,"Zürich, Lägernstrasse"
47.322173500000005,8.550386,286,"Kilchberg ZH, Bendlikon"
47.402103333333336,8.535153333333334,106,"Zürich, Radiostudio"
47.322886499999996,8.5426555,726,"Kilchberg ZH, Gottlieb-Binder"
47.3695666875,8.538576875,116,"Zürich, Paradeplatz"
47.326479500000005,8.540355,731,"Kilchberg ZH, Mythenstrasse"
47.36812088888889,8.560239222222222,409,"Zürich, Römerhof"
47.4002522,8.5434698,400,"Zürich, Hirschwiesenstrasse"
47.321936,8.545269600000001,297,"Kilchberg ZH, Schwelle"
47.37256475,8.52685075,142,"Zürich, Werd"
47.37889475,8.5103983,153,"Zürich, Albisriederplatz"
47.31468675,8.53585925,271,"Adliswil, Hofackerstrasse"
47.39754383333334,8.446267,372,"Schlieren, Zentrum"
47.324674,8.542951,736,"Kilchberg ZH, Schlimbergstr."
47.39179015384615,8.538576846153846,109,"Zürich, Schaffhauserplatz"
47.399635,8.448523,187,"Schlieren, Bahnhof"
47.37718533333333,8.539226333333334,244,"Zürich, Bahnhofplatz/HB"
47.377857909090906,8.541268363636364,113,"Zürich, Bahnhofquai/HB"
47.39616027272727,8.545005090909092,130,"Zürich, Universität Irchel"
47.30743875,8.5422335,277,"Rüschlikon, Loorain"
47.3046475,8.544196,276,"Rüschlikon, Eggrain"
47.37151577777777,8.524019444444445,48,"Zürich, Bahnhof Wiedikon"
47.36699481481482,8.545523888888889,22,"Zürich, Bellevue"
47.4056225,8.481483666666668,180,"Zürich, Frankental"
47.39049782758621,8.522402103448275,171,"Zürich, Escher-Wyss-Platz"
47.4057562,8.591588400000001,151,"Zürich, Altried"
47.41655725,8.578845,596,"Wallisellen, Herti"
47.42203428571428,8.549842142857143,303,"Zürich, Seebach"
47.4210865,8.50136575,419,"Zürich, Hungerbergstrasse"
47.297775,8.553990500000001,744,"Thalwil, Seehaldenstrasse"
47.3116208,8.5248899,683,"Adliswil, Bahnhof"
47.4245665,8.548585,327,"Zürich, Ausserdorfstrasse"
47.38410525,8.6594695,576,"Schwerzenbach ZH, Bahnhof"
47.42672575,8.47370625,751,"Regensdorf, Chrüzächer"
47.412273222222225,8.593175888888888,467,"Wallisellen, Bahnhof"
47.381133500000004,8.673008,705,"Volketswil, Hofwisen"
47.428198,8.5575175,470,"Glattbrugg, Frohbühlstrasse"
47.42342,8.559060500000001,476,"Glattbrugg, Mode Center TMC"
47.39863275,8.6204305,755,"Dübendorf, Lindenplatz"
47.3895135,8.425350000000002,604,"Urdorf, Rainweg"
47.41423225,8.39939775,558,"Dietikon, Pestalozzi"
47.296795,8.562697,750,"Thalwil, Post"
47.312684,8.526698,723,Garage Adliswil
47.3231585,8.514291499999999,624,"Zürich, Mittelleimbach"
47.30084925,8.549555250000001,274,"Rüschlikon, Park im Grüene"
47.3025335,8.545130499999999,275,"Rüschlikon, Moosstrasse"
47.3655235,8.499517,79,"Zürich, Triemlispital"
47.445436,8.531277833333332,767,"Rümlang, Hörnlistrasse"
47.4303905,8.56101,471,"Glattbrugg, Post"
47.4274365,8.5461435,328,"Zürich, Birch-/Glatttalstrasse"
47.4519585,8.530235000000001,769,"Rümlang, Oberdorf"
47.3769492,8.536893000000001,245,"Zürich, Gessnerallee"
47.4112740625,8.5449664375,60,"Zürich, Bahnhof Oerlikon"
47.409867500000004,8.479417999999999,260,"Zürich, Riedhofstrasse"
47.41923379999999,8.5063952,66,"Zürich, Zehntenhausplatz"
47.4101225,8.572290500000001,55,"Zürich, Aubrücke"
47.4492544,8.5301896,768,"Rümlang, Gemeindehaus"
47.358306999999996,8.523036000000001,542,"Zürich, Sihlcity"
47.3641436,8.529093800000002,262,"Zürich, Bahnhof Enge/Bederstr."
47.3576956,8.5207276,325,"Zürich, Saalsporthalle"
47.313357249999996,8.528467749999999,269,"Adliswil, Krone"
47.4166832,8.5454478,397,"Zürich, Felsenrainstrasse"
47.42125975,8.507770375,67,"Zürich, Bahnhof Affoltern"
47.400565,8.624164333333333,756,"Dübendorf, Bahnhof Nord"
47.410865799999996,8.5507507,50,"Zürich, Messe/Hallenstadion"
47.412593333333334,8.54369,96,"Zürich, Bahnhof Oerlikon Nord"
47.36418028571428,8.531673714285715,321,"Zürich, Bahnhof Enge"
47.37558214285714,8.539407857142857,114,"Zürich, Bahnhofstrasse/HB"
47.317311000000004,8.549485,729,"Kilchberg ZH, Schoorenstrasse"
47.363934500000006,8.566488714285715,358,"Zürich, Klusplatz"
47.37430813333334,8.520951333333333,221,"Zürich,Kalkbreite/Bhf.Wiedikon"
47.33705966666667,8.519904666666667,625,"Zürich, Manegg"
47.369301166666666,8.506121833333333,144,"Zürich, Heuried"
47.32186,8.535233,681,"Kilchberg ZH, Spital"
47.319886499999996,8.540774500000001,727,"Kilchberg ZH, Altersheim"
47.425473,8.553756,469,"Zürich, Ettenfeld"
47.413624846153844,8.546194230769231,336,"Zürich, Bahnhof Oerlikon Ost"
47.41347133333333,8.584798166666667,597,"Wallisellen, Belair"
47.41814983333333,8.561638,103,"Zürich, Fernsehstudio"
47.42064383333334,8.557043166666666,102,Glattpark
47.4199359,8.5479696,304,"Zürich, Seebacherplatz"
47.376747521739134,8.543788913043478,248,"Zürich, Central"
47.430848,8.573732666666666,475,"Opfikon, Schulstrasse"
47.402926125,8.400681625,607,"Dietikon, Stadthaus"
47.3948435,8.441483999999999,190,"Schlieren, Nassacker"
47.402497000000004,8.627550666666666,757,"Dübendorf, Flugplatz"
47.389553500000005,8.385158,565,"Bergdietikon, Vorbühl"
47.418117,8.4153245,207,"Geroldswil, Grindlen"
47.343886999999995,8.5735685,3,"Zollikon, Garage G.-Maurer-Str"
47.4297695,8.359203,656,"Spreitenbach, Breiti"
47.425487,8.364649499999999,654,"Spreitenbach, Furttalstrasse"
47.42699399999999,8.364616,655,"Spreitenbach, Interio"
47.4150535,8.44582,200,"Unterengstringen, Aegelsee"
47.409119,8.397699666666666,560,"Dietikon, Vorstadt"
47.398438,8.4542098,371,"Schlieren, Wagonsfabrik"
47.428427875,8.3937905,550,"Oetwil an der Limmat, Post"
47.411005599999996,8.404582600000001,559,"Dietikon, Rapidplatz"
47.388653,8.5405145,385,"Zürich, Röslistrasse"
47.337396,8.531099,315,"Zürich, Depot 2 Wollishofen"
47.39389933333334,8.617432333333333,762,"Dübendorf, Zelglistrasse"
47.417836666666666,8.439938666666668,201,"Weiningen ZH, Ausserdorf"
47.423228333333334,8.404225666666667,552,"Geroldswil, Schweizäcker"
47.4008665,8.4485555,497,"Schlieren, Bahnhof Nord"
47.397090500000004,8.432875500000002,644,"Schlieren, Reitmen"
47.421477,8.409592166666666,206,"Geroldswil, Zentrum"
47.37308925,8.53826075,771,"Zürich, Rennweg"
47.40925566666667,8.462644333333332,177,"Oberengstringen, Zentrum"
47.39997533333334,8.411125333333333,508,"Dietikon, Schäflibach"
47.398329000000004,8.411511,646,"Dietikon, Hofacker"
47.391476499999996,8.617195500000001,763,"Dübendorf, Grüzenstrasse"
47.4025235,8.40503925,509,"Dietikon, Sommerau"
47.3980496,8.4479315,188,"Schlieren, Zentrum/Bahnhof"
47.391159,8.423314,194,"Urdorf, Schlierenstrasse"
47.395722500000005,8.54017,401,"Zürich, Guggachstrasse"
47.406253166666666,8.564274666666666,147,"Zürich, Schörlistrasse"
47.3830466,8.543447,387,"Zürich, Sonneggstrasse"
47.408308999999996,8.393744,562,"Dietikon, Gjuchstrasse"
47.3946055,8.437837,191,"Schlieren, Heimeliweg"
47.401588000000004,8.581684,428,"Zürich, Glattwiesen"
47.38938483333333,8.618492999999999,447,"Dübendorf, Kirche Wil"
47.405281,8.40288,614,"Dietikon, Kirchplatz"
47.405567,8.390272,684,"Dietikon, Stadthalle Ost"
47.418381000000004,8.392943,554,"Dietikon, Silbern"
47.404304,8.40379,606,"Dietikon, Bahnhofstrasse"
47.39781233333334,8.41733,507,"Dietikon, Birmensdorferstrasse"
47.369997363636365,8.519147363636364,47,"Zürich, Schmiede Wiedikon"
47.393288999999996,8.39052275,568,"Bergdietikon, Rietwies"
47.393247833333334,8.392524499999999,569,"Bergdietikon, Baltenschwil"
47.4048215,8.604261000000001,465,"Wallisellen, Neugut"
47.40211875,8.60775925,599,"Dübendorf, Giessen"
47.39527366666667,8.544126333333333,128,"Zürich, Depot 7 Irchel"
47.397383,8.604217499999999,600,"Dübendorf, Ringwiesen"
47.416776125,8.56867325,104,"Zürich, Auzelg"
47.365083600000006,8.55401,120,"Zürich, Kreuzplatz"
47.394971,8.5363535,108,"Zürich, Laubiweg"
47.38464925,8.540111,111,"Zürich, Beckenhof"
47.3879646,8.53934,110,"Zürich, Kronenstrasse"
47.3802718,8.5426936,112,"Zürich, Stampfenbachplatz"
47.409191,8.538691333333334,61,"Zürich, Regensbergbrücke"
47.4063855,8.537215333333334,105,"Zürich, Bad Allenmoos"
47.35087814285714,8.583212857142858,127,"Zürich, Rehalp"
47.345345333333334,8.593176666666666,629,"Waldburg, Station"
47.336101,8.6180695,710,"Zumikon, Waltikon"
47.3458852,8.6022426,627,"Zollikerberg, Station"
47.36518933333334,8.547525333333333,21,"Zürich, Opernhaus"
47.36013616666667,8.568394,123,"Zürich, Wetlistrasse"
47.366221125,8.5480495,119,"Zürich, Bahnhof Stadelhofen"
47.361750066666666,8.560392199999999,25,"Zürich, Hegibachplatz"
47.34652975,8.59799725,628,"Zollikerb., Langägerten/Spital"
47.3224055,8.6599594,520,"Scheuren, Station"
47.35441275,8.5750835,125,"Zürich, Balgrist"
47.32670533333334,8.52975,266,"Zürich, Sunnau"
47.334812666666664,8.530219666666667,265,"Zürich, Dangelstrasse"
47.316607000000005,8.529945999999999,268,"Adliswil, Tiefacker"
47.3251635,8.531172999999999,680,"Adliswil, Moos"
47.320053,8.533661,273,"Adliswil, Eichenweg"
47.382340666666664,8.507098333333333,33,"Zürich, Garage 6 Hardau"
47.338297090909094,8.530731181818181,264,"Zürich, Wollishofen"
47.3368495,8.5329675,478,"Zürich, Widmerstrasse"
47.31365533333334,8.533608666666668,270,"Adliswil, Badstrasse"
47.3224085,8.5289445,267,"Adliswil, Grüt"
47.360097875,8.522812,158,"Zürich, Sihlcity Nord"
47.4093405,8.598073,598,"Wallisellen, Glatt (Tram)"
47.41428966666666,8.480599666666667,259,"Zürich, Geeringstrasse"
47.384901285714285,8.494749714285714,226,"Zürich, Kappeli"
47.3811038,8.5039544,224,"Zürich, Letzigrund"
47.374624499999996,8.524394000000001,421,"Zürich, Kernstrasse"
47.375442,8.517562,222,"Zürich, Lochergut"
47.37671625,8.5138765,223,"Zürich, Zypressenstrasse"
47.373326500000005,8.521626,214,"Zürich, Depot 4 Elisabethenstr"
47.38315075,8.499616249999999,225,"Zürich, Freihofstrasse"
47.3760982,8.5373388,246,"Zürich, Löwenplatz"
47.41753557142857,8.553935,101,"Zürich, Oerlikerhus"
47.380234333333334,8.548127166666665,136,"Zürich, Haldenbach"
47.3859955,8.5483045,134,"Zürich, Seilbahn Rigiblick"
47.376291,8.5343504,247,"Zürich, Sihlpost / HB"
47.3908046,8.5454886,132,"Zürich, Letzistrasse"
47.362870799999996,8.557004599999999,121,"Zürich, Signaustrasse"
47.403542666666674,8.547780166666668,399,"Zürich, Berninaplatz"
47.38463022222223,8.531625,241,"Zürich, Limmatplatz"
47.38014475,8.5373495,243,"Zürich, Sihlquai/HB"
47.3889928,8.526254,239,"Zürich, Dammweg"
47.388897,8.546347,133,"Zürich, Kinkelstrasse"
47.3831735,8.548182,135,"Zürich, Winkelriedstrasse"
47.38240925,8.535399250000001,242,"Zürich, Museum für Gestaltung"
47.35807025,8.5717045,124,"Zürich, Burgwies"
47.38669133333334,8.528889333333334,240,"Zürich, Quellenstrasse"
47.39152033333334,8.521342333333335,230,"Zürich, Depot 5 Hard"
47.409596500000006,8.548480000000001,99,"Zürich, Depot 8 Oerlikon"
47.415031,8.557824,24,"Zürich, Garage 9 Hagenholz"
47.379788166666664,8.544421333333334,388,"Zürich, Haldenegg"
47.3604475,8.56416475,122,"Zürich, Hedwigsteig"
47.351045166666665,8.580113833333334,126,"Zürich, Friedhof Enzenbühl"
47.406054833333336,8.548362333333333,398,"Zürich, Salersteig"
47.3936185,8.54495575,131,"Zürich, Langmauerstrasse"
47.396909923076926,8.595477923076924,431,"Zürich, Bahnhof Stettbach"
47.3325212,8.623453,709,"Zumikon, Dorfzentrum"
47.4074495,8.4676445,178,"Oberengstringen, Lanzrain"
47.418135,8.37180775,649,"Spreitenbach, Brüel"
47.392884,8.430225333333334,192,"Schlieren, Spital Limmattal"
47.4096165,8.642787,759,"Wangen, Stierwisen"
47.393204499999996,8.418503833333334,506,"Urdorf, Herweg"
47.417559833333335,8.429086333333332,203,"Weiningen ZH, Schulhaus"
47.415586000000005,8.4446045,213,"Weiningen ZH, Aegelsee"
47.40223125,8.39342525,609,"Dietikon, Hätschen"
47.4102005,8.6428725,760,"Wangen, Hätzelwisen"
47.4174725,8.396739499999999,556,"Dietikon, Hagackerstrasse"
47.42559033333333,8.4001935,551,"Oetwil an der Limmat, Halde"
47.38412225,8.423396,197,"Urdorf, Spitzacker"
47.399205,8.394424,571,"Dietikon, Marmori-Weiher"
47.4315425,8.5715565,474,"Opfikon, Schwimmbad"
47.422308,8.3740505,652,"Spreitenbach, Ikea"
47.370537,8.425012,503,"Urdorf, Heinrich-Stutz-Strasse"
47.408930999999995,8.4480365,184,"Unterengstringen, Langwisen"
47.42007975,8.4131635,205,"Geroldswil, Dorfstrasse"
47.39867875,8.590895249999999,430,"Zürich, Mattenhof"
47.388719,8.621547333333334,764,"Dübendorf, Kreuzbühl"
47.4141585,8.3796915,648,"Spreitenbach, Asp"
47.417583,8.3991005,557,"Dietikon, Lerzen"
47.405632,8.4478145,185,"Schlieren, Talacker-Windegg"
47.3911335,8.3896165,567,"Bergdietikon, Bergli"
47.39870966666666,8.419709,601,"Glanzenberg, Bahnhof"
47.356373999999995,8.532143666666668,319,"Zürich, Brunaustrasse"
47.4143315,8.4140825,208,"Fahrweid, Brunaustrasse"
47.397188,8.424638,602,"Dietikon, Schönenwerd"
47.42047575,8.368187500000001,651,"Spreitenbach, Shopping Center"
47.387362499999995,8.420283999999999,196,"Urdorf, Neumatt"
47.3873605,8.423125,605,"Urdorf, Neumattstrasse"
47.4041055,8.557614,146,"Zürich, Waldgarten"
47.387981499999995,8.3881435,566,"Bergdietikon, Bernold"
47.365458,8.428837,502,"Birmensdorf ZH, Ristet"
47.407649,8.411946,210,"Fahrweid, Limmatbrücke"
47.4017835,8.390919499999999,686,"Dietikon, Staffelackerstrasse"
47.3965855,8.4480405,189,"Schlieren, Brunngasse"
47.400448499999996,8.406581,647,"Dietikon, Dörfli"
47.39633733333333,8.438661666666667,643,"Schlieren, Kesslerstrasse"
47.39302025,8.47460175,368,"Zürich, Micafil"
47.39447,8.393213,570,"Bergdietikon, Dünni"
47.381758,8.426433333333334,198,"Urdorf, Uitikonerstrasse"
47.433017666666665,8.354061,657,"Killwangen, Bahnhof"
47.41878066666667,8.367954,650,"Spreitenbach, Altersheim"
47.410787,8.414017333333334,209,"Fahrweid, Au"
47.390299999999996,8.418576,195,"Urdorf, Niederurdorf"
47.40385575,8.39189075,685,"Dietikon, Stelzenacker"
47.419424,8.393907666666665,555,"Dietikon, Moosmatt"
47.3941145,8.376039,563,Kindhausen AG
47.422149000000005,8.3698265,653,"Spreitenb, Center Spreitenbach"
47.39629175,8.42638275,603,"Schlieren, Steinacker"
47.4197175,8.434431,202,"Weiningen ZH, Lindenplatz"
47.3516385,8.531940500000001,318,"Zürich, Billoweg"
47.40212981818183,8.552399909090909,145,"Zürich, Tierspital"
47.4105015,8.449007,183,"Unterengstringen, Eckstein"
47.405521,8.474093,179,"Oberengstringen, Eggbühl"
47.377886,8.422919,504,"Urdorf, Oberurdorf"
47.3603506,8.5327572,320,"Zürich, Museum Rietberg"
47.36779091666667,8.535063083333332,392,"Zürich, Stockerstrasse"
47.4073295,8.572754,56,"Zürich, Herzogenmühlestrasse"
47.423781,8.5052305,341,"Zürich, Blumenfeldstrasse"
47.424958000000004,8.500992499999999,342,"Zürich, Aspholz"
47.425951999999995,8.497049,343,"Zürich, Mühlacker"
47.360924999999995,8.598879499999999,582,"Zürich, Glockenacker"
47.35480525,8.63412225,515,"Ebmatingen, Leeacherstrasse"
47.35816199999999,8.587302666666668,380,"Zürich, Carl-Spitteler-Strasse"
47.411758,8.525338666666668,63,"Zürich, Neuaffoltern"
47.361221,8.638536,585,"Benglen, Bodenacher"
47.360907499999996,8.6327705,584,"Benglen, Gerlisbrunnen"
47.366833,8.624720499999999,578,"Pfaffhausen, Sängglen"
47.361097,8.571089,376,"Zürich, Kapfstrasse"
47.410721,8.568149,54,"Zürich, Dreispitz"
47.359269,8.62460175,586,"Binz bei Maur, Fridlimatt"
47.358562,8.589843666666667,381,"Zürich, Berghaldenstrasse"
47.3604135,8.578839,378,"Zürich, Drusbergstrasse"
47.4242842,8.512013399999999,69,"Zürich, Unteraffoltern"
47.403898999999996,8.5685275,340,"Zürich, Friedrichstrasse"
47.4041655,8.562412,339,"Zürich, Frohburg"
47.410486500000005,8.532665,62,"Zürich, Oberwiesenstrasse"
47.3508286,8.64258,516,"Ebmatingen, Dorf"
47.358594,8.5834025,379,"Zürich, Waserstrasse"
47.421980000000005,8.509833,68,"Zürich, Fronwald"
47.419978,8.684498,573,"Effretikon, Garage Andres"
47.364101,8.6200855,579,"Pfaffhausen, Feldhof"
47.356975999999996,8.627918833333334,587,"Binz bei Maur, Post"
47.339414399999995,8.6518056,517,"Ebmatingen, Looren"
47.359873666666665,8.595261333333333,382,"Zürich, Loorenstrasse"
47.410754,8.555885,51,"Zürich, Hallenbad Oerlikon"
47.3715555,8.6347565,511,"Fällanden, Eggler"
47.41401966666666,8.541057333333333,95,"Zürich, Max-Bill-Platz"
47.414430625,8.5193435,64,"Zürich, Glaubtenstrasse"
47.34041775,8.6692365,456,"Maur, Dorf"
47.406167,8.56841,58,"Zürich, Tulpenstrasse"
47.4157355,8.512980500000001,65,"Zürich, Einfangstrasse"
47.380434,8.652014000000001,575,"Schwerzenbach ZH, Dorf"
47.371087,8.64045,451,"Fällanden, Gemeindehaus"
47.40706675,8.55006675,337,"Zürich, Dorflinde"
47.3686205,8.6280175,577,"Pfaffhausen, Pfaffenstein"
47.362699,8.617368666666666,580,"Pfaffhausen, Müseren"
47.4058845,8.553504499999999,338,"Zürich, Friedackerstrasse"
47.343353,8.6607315,588,"Maur, Platten"
47.410774,8.563318,53,"Zürich, Saatlenstrasse"
47.36139,8.602709,581,"Zürich, Friedhof Witikon"
47.337841,8.674011,457,"Maur, Kirche"
47.4108025,8.558842,52,"Zürich, Riedgraben"
47.376035,8.644299,574,"Fällanden, Industrie"
47.368615500000004,8.6324595,512,"Fällanden, Schützenhaus"
47.408892,8.564731,59,"Zürich, Herbstweg"
47.362496500000006,8.574256,377,"Zürich, Schlyfi"
47.33979625,8.67793875,458,"Maur, See"
47.412227,8.4532735,175,"Unterengstringen, Langacher"
47.4024578,8.4483394,186,"Schlieren, Feldstrasse"
47.402025571428574,8.396313428571428,608,"Dietikon, Oberdorf"
47.427755,8.398078666666667,553,"Oetwil an der Limmat, Oberdorf"
47.3944885,8.42317375,645,"Urdorf, Luberzen"
47.40668628571429,8.585360857142858,150,"Zürich, Luchswiesen"
47.381468000000005,8.423020333333334,505,"Urdorf, Sonne"
47.405628,8.630552999999999,758,"Dübendorf, Innovationspark"
47.4069636,8.396285599999999,561,"Dietikon, Oetwilerstrasse"
47.3943055,8.380393999999999,564,"Kindhausen AG, Eichholz"
47.344845666666664,8.533225833333333,316,"Zürich, Post Wollishofen"
47.341077874999996,8.530041375,263,"Zürich, Butzenstrasse"
47.400286,8.58624325,429,"Zürich, Probstei"
47.40072633333333,8.391757333333333,610,"Dietikon, Gyrhalden"
47.400800000000004,8.388034000000001,611,"Dietikon, Weidstrasse"
47.402206,8.384992,612,"Dietikon, Lätten"
47.402146,8.3818245,613,"Dietikon, Weinberg"
47.41244450000001,8.639882499999999,761,"Wangen, Weidli"
47.331592,8.538159,733,"Kilchberg ZH, Obere Hornhalde"
47.329235,8.538189,734,"Kilchberg ZH, Emilienheim"
47.326191,8.539476,735,"Kilchberg ZH, Breitloo"
47.3977015,8.46028575,370,"Schlieren, Gasometerbrücke"
47.36613842857143,8.532659285714285,393,"Zürich, Tunnelstrasse"
47.385505,8.5423505,386,"Zürich, Ottikerstrasse"
47.402958,8.577099749999999,427,"Zürich, Roswiesen"
47.343319,8.53561775,290,"Zürich, Rote Fabrik"
47.40831966666667,8.407581333333333,173,"Dietikon, Garage Limmatbus AG"
47.418394,8.417867333333334,204,"Geroldswil, Welbrig"
47.41133,8.457575,176,"Oberengstringen, Paradies"
47.39584475,8.467003,369,"Schlieren, Mülligen"
47.370783,8.53169375,413,"Zürich, Bahnhof Selnau"
47.368534,8.6450565,453,"Fällanden, Neuhus"
47.38165953333333,8.513830733333332,168,"Zürich, Hardplatz"
47.378617166666665,8.523266333333334,364,"Zürich, Bäckeranlage"
47.376287000000005,8.5257732,414,"Zürich, Helvetiaplatz"
47.3803798,8.520118,365,"Zürich, Güterbahnhof"
47.390924999999996,8.469763,639,"Zürich, Am Suteracher"
47.38457075,8.4779735,37,"Zürich, Schulhaus Buchlern"
47.3886805,8.4703245,34,"Zürich, Dunkelhölzli"
47.390068,8.487018500000001,73,"Zürich, Bristenstrasse"
47.387706,8.488499,642,"Zürich, Solidapark"
47.38770736363636,8.486354272727272,74,"Zürich, Lindenplatz"
47.392455,8.4889042,181,"Zürich, Bahnhof Altstetten N"
47.38943775,8.47261625,640,"Zürich, Loogarten"
47.396168,8.4862828,237,"Zürich, Bändliweg"
47.3926085,8.470965,638,"Zürich, Feusisbergli"
47.3908383,8.4888141,72,"Zürich, Bahnhof Altstetten"
47.39030975,8.475232,637,"Zürich, Neeserweg"
47.3866085,8.4736855,36,"Zürich, Rautihalde"
47.38333333333333,8.484243166666667,38,"Zürich, Rautistrasse"
47.394903,8.48947575,236,"Zürich, Grünaustrasse"
47.382875,8.474679,641,"Zürich, Friedhof Eichbühl"
47.387737,8.4717075,35,"Zürich, Salzweg"
47.388787,8.489640999999999,459,"Zürich, Baslerstrasse"
47.3275465,8.601703,18,"Itschnach, Dorf"
47.328973999999995,8.605972999999999,19,"Itschnach, Fallacher"
47.35894614285714,8.516953571428571,326,"Zürich, Laubegg"
47.355897,8.534393,293,"Zürich, Sukkulentensammlung"
47.317727999999995,8.553278333333333,285,"Kilchberg ZH, Schooren"
47.422822,8.543647,305,"Zürich, Hertensteinstrasse"
47.310375,8.552812,283,"Rüschlikon, Bodengasse"
47.326184,8.582301000000001,12,"Küsnacht ZH, Boglerenstrasse"
47.30863757142857,8.553691714285716,282,"Rüschlikon, Bahnhof"
47.30819966666667,8.546431666666665,278,"Rüschlikon, Säumerstrasse"
47.375744,8.5648915,443,"Zürich, Bircher-Benner"
47.4130515,8.535824999999999,94,"Zürich, Birchstrasse"
47.39608575,8.521172,544,"Zürich, Lehenstrasse"
47.3753835,8.485008,40,"Zürich, Albisriederdörfli"
47.347699,8.528057,163,"Zürich, Jugendherberge"
47.410639,8.524121,310,"Zürich, Althoos"
47.37860275,8.56752775,433,"Zürich, Susenbergstrasse"
47.340514999999996,8.531500999999999,477,"Zürich, Kalchbühlweg"
47.315608,8.593357000000001,691,"Küsnacht ZH, Hesligenstrasse"
47.378425,8.5301525,362,"Zürich, Kanonengasse"
47.372724600000005,8.5504422,138,"Zürich, Kantonsschule"
47.407617,8.526491,311,"Zürich, Maienweg"
47.39169,8.50538925,405,"Zürich, Sportweg"
47.365663000000005,8.521616666666667,157,"Zürich, Manesseplatz"
47.31340125,8.5926945,690,"Küsnacht ZH, Himmelistrasse"
47.330759,8.514797,621,"Zürich, Marbachweg"
47.3997275,8.5179375,490,"Zürich, Pflegezentr. Käferberg"
47.3979012,8.4947132,80,"Zürich, Tüffenwies"
47.405393000000004,8.5281345,312,"Zürich, Krematorium Nordheim"
47.37767233333333,8.507653,167,"Zürich, Altes Krematorium"
47.332013,8.579568,10,"Küsnacht ZH, Bühlstrasse"
47.413382999999996,8.531206999999998,93,"Zürich, Chaletweg"
47.342164,8.567356,635,"Zollikon, Seestrasse"
47.413963,8.526488,92,"Zürich, Mötteliweg"
47.407537500000004,8.4898135,256,"Zürich, Segantinistrasse"
47.339912999999996,8.581185999999999,633,"Zollikon, Höhestrasse"
47.388857,8.51576325,403,"Zürich, Technopark"
47.366757875,8.54085925,118,"Zürich, Bürkliplatz"
47.391945,8.483712666666667,367,"Zürich, Seidelhof"
47.306991333333336,8.548959333333334,279,"Rüschlikon, Belvoir"
47.414328499999996,8.509474,483,"Zürich, Lerchenrain"
47.42806625,8.5436335,329,"Zürich, Leimgrübelstrasse"
47.416178,8.506953,482,"Zürich, Schauenberg"
47.400547,8.43910725,499,"Schlieren, Goldschlägistrasse"
47.4013395,8.443905,498,"Schlieren, Am Rietpark"
47.3676615,8.552308,360,"Zürich, Sprecherstrasse"
47.3618585,8.511393,487,"Zürich, Binz Center"
47.382303500000006,8.552111,349,"Zürich, Spyriplatz"
47.402597,8.567367,708,"Zürich, Bocklerstrasse"
47.411744999999996,8.509693333333333,89,"Zürich, Lerchenhalde"
47.35521166666666,8.552420666666666,20,"Zürich, Chinagarten"
47.369712,8.533573333333335,481,"Zürich, Brandschenkestrasse"
47.380108,8.554548,352,"Zürich, Hinterbergstrasse"
47.402035833333336,8.499992333333333,86,"Zürich, Meierhofplatz"
47.412215,8.514771,90,"Zürich, Schumacherweg"
47.41681025,8.53820925,334,"Zürich, Neunbrunnen"
47.40502025,8.50496725,87,"Zürich, Hönggerberg"
47.36307383333334,8.549302166666665,216,"Zürich, Kreuzstrasse"
47.392119,8.49393325,407,"Zürich, Würzgraben"
47.395345,8.5190605,250,"Zürich, Waidfussweg"
47.35770455555556,8.554033888888888,218,"Zürich, Höschgasse"
47.423832,8.523899499999999,71,"Zürich, Waidhof"
47.358316,8.526542500000001,160,"Zürich, Hügelstrasse"
47.39923433333333,8.521435666666667,489,"Zürich, Waidspital"
47.3628785,8.5627995,359,"Zürich, Freiestrasse"
47.3726775,8.562381250000001,355,"Zürich, Hofstrasse"
47.390241,8.532333,548,"Zürich, Lettenstrasse"
47.37378933333333,8.576132333333334,616,"Zürich, Bergstation Dolderbahn"
47.378773333333335,8.575408333333334,442,"Zürich, Dreiwiesen"
47.334825,8.541815333333334,288,"Zürich, Stadtgrenze"
47.38649,8.496206,460,"Zürich, Letzipark West"
47.369842,8.509487333333333,143,"Zürich, Talwiesenstrasse"
47.34028175,8.5727445,7,"Zollikon, Dufourplatz"
47.3974775,8.509843499999999,546,"Zürich, Kempfhofsteig"
47.3901125,8.5106195,404,"Zürich, Toni-Areal"
47.3749965,8.6325565,449,"Fällanden, Bruggacher"
47.35491833333333,8.527498666666666,161,"Zürich, Brunau/Mutschellenstr."
47.356750000000005,8.513950000000001,394,"Zürich, Uetlihof"
47.423829000000005,8.519222000000001,70,"Zürich, Schwandenholz"
47.396364500000004,8.5129945,251,"Zürich, Eschergutweg"
47.416875000000005,8.5228965,309,"Zürich, Hürstholz"
47.3665502,8.5650888,357,"Zürich, Hölderlinsteig"
47.359361,8.557724499999999,26,"Zürich, Botanischer Garten"
47.3699766,8.5639038,356,"Zürich, Klosbach"
47.37819775,8.493278,411,"Zürich, Siemens"
47.3728002,8.5473844,361,"Zürich, Neumarkt"
47.314485000000005,8.589596499999999,689,"Küsnacht ZH, Bergstrasse"
47.35982275,8.534878500000001,294,"Zürich, Schweizer Rück"
47.3938545,8.5086385,233,"Zürich, Bernoulli-Häuser"
47.3738675,8.5134945,155,"Zürich, Bertastrasse"
47.406460499999994,8.4955025,697,"Zürich, Michelstrasse"
47.409508,8.496689,699,"Zürich, Schützenhaus Höngg"
47.319411,8.5845105,687,"Küsnacht ZH, Oberwacht"
47.37969125,8.52771525,363,"Zürich, Militär-/Langstrasse"
47.3532115,8.558829500000002,220,"Zürich, Wildbachstrasse"
47.3894125,8.5966325,437,"Dübendorf, Kämmaten"
47.345686,8.527848,164,"Zürich, Besenrainstrasse"
47.380885,8.556061,350,"Zürich, Bethanien"
47.3719965,8.5350365,140,"Zürich, Sihlstrasse"
47.326503,8.5145175,623,"Zürich, Sihlweidstrasse"
47.336441,8.5752565,8,"Zollikon, Beugi"
47.3644915,8.5080685,423,"Zürich, Friesenberg"
47.36215525,8.50484475,424,"Zürich, Friesenbergstrasse"
47.318321999999995,8.581967,712,"Küsnacht ZH, Zentrum"
47.350216,8.5277755,162,"Zürich, Thujastrasse"
47.40876975,8.506369416666667,88,"Zürich, ETH Hönggerberg"
47.429953499999996,8.541018000000001,330,"Zürich, Käshaldenstrasse"
47.3431795,8.569623499999999,6,"Zollikon, Felbenstrasse"
47.319149857142854,8.580352,713,"Küsnacht ZH, Bahnhof"
47.402595,8.492321333333333,84,"Zürich, Wartau"
47.403607,8.5305025,313,"Zürich, Nordheimstrasse"
47.388362,8.536088249999999,416,"Zürich, Nordstrasse"
47.338563,8.537534666666666,289,"Zürich, Seerose"
47.312239,8.550788,743,"Rüschlikon, Rebsteig"
47.3935725,8.611875000000001,445,"Dübendorf, Wasserfurren"
47.362829,8.511689,486,"Zürich, Grubenstrasse"
47.335231,8.519034,619,"Zürich, Frymannstrasse"
47.3553134,8.55644,219,"Zürich, Fröhlichstrasse"
47.326702499999996,8.656474,519,"Aesch bei Maur, Zollingerheim"
47.42229375,8.53891125,306,"Zürich, Buhnstrasse"
47.404301,8.533286,314,"Zürich, Berufswahlschule"
47.394456500000004,8.4841245,493,"Zürich, Vulkanstrasse"
47.3796895,8.4833575,39,"Zürich, Untermoosstrasse"
47.360116000000005,8.551511000000001,217,"Zürich, Feldeggstrasse"
47.392393999999996,8.5329885,345,"Zürich, Nürenbergstrasse"
47.4167955,8.566462,707,"Zürich, Orionstrasse"
47.403107500000004,8.4863875,83,"Zürich, Winzerstrasse Süd"
47.33760900000001,8.569882333333332,636,"Zollikon, Bahnhof"
47.383105,8.586019,440,"Zürich, Tobelhof"
47.38243083333333,8.572312666666667,434,"Zürich, Zoo"
47.361019,8.526340999999999,166,"Zürich, Waffenplatz-/Bederstr."
47.379178499999995,8.559523,351,"Zürich, Toblerplatz"
47.407551,8.530629999999999,418,"Zürich, Birchdörfli"
47.392129249999996,8.51692225,231,"Zürich, Förrlibuckstrasse"
47.4200405,8.5353395,308,"Zürich, Staudenbühl"
47.348741000000004,8.5707605,30,"Zürich, EPI-Klinik"
47.400073000000006,8.4946475,81,"Zürich, Winzerhalde"
47.403679000000004,8.486535333333334,98,"Zürich, Winzerstrasse"
47.392538,8.523537399999999,249,"Zürich, Wipkingerplatz"
47.3756798,8.4881654,41,"Zürich, Fellenbergstrasse"
47.353293461538456,8.51098653846154,395,"Zürich, Strassenverkehrsamt"
47.38202,8.5980525,439,"Gockhausen, Dorf"
47.413597,8.518477,91,"Zürich, Glaubtenstrasse Süd"
47.372096,8.487518999999999,76,"Zürich, Goldackerweg"
47.3058045,8.5529415,281,"Rüschlikon, Weidstrasse"
47.3570245,8.59806,383,"Zürich, Zweiackerstrasse"
47.36770799999999,8.510948666666666,422,"Zürich, Höfliweg"
47.39161825,8.61592275,446,"Dübendorf, Högler"
47.40598625,8.58131125,149,"Zürich, Luegisland"
47.402179000000004,8.4964975,85,"Zürich, Zwielplatz"
47.316902666666664,8.585272333333334,688,"Küsnacht ZH, Obere Heslibachst"
47.3117025,8.5885245,716,"Küsnacht ZH, Gartenstrasse"
47.3979415,8.528783,488,"Zürich, Weihersteig"
47.380493,8.578141,441,"Zürich, Zoo/Forrenweid"
47.332060999999996,8.5431895,302,"Kilchberg ZH, Weinbergstrasse"
47.371620857142865,8.516129857142857,156,"Zürich, Zwinglihaus"
47.3921585,8.5018885,406,"Zürich, Aargauerstrasse"
47.3584795,8.5497865,23,"Zürich, Elektrowatt"
47.4166175,8.535441500000001,679,"Zürich, Stierenried"
47.340934000000004,8.52525,626,"Zürich, Verenastrasse"
47.3293195,8.5804035,11,"Küsnacht ZH, Goldbacherstrasse"
47.335029999999996,8.577559666666668,9,"Zollikon, Goldhaldenplatz"
47.3834825,8.549248500000001,348,"Zürich, Vogelsangstrasse"
47.394314,8.52545425,172,"Zürich, Rosengartenstrasse"
47.393246500000004,8.5121065,232,"Zürich, Fischerweg"
47.3911405,8.53599325,346,"Zürich, Rotbuchstrasse"
47.313352,8.588639,717,"Küsnacht ZH, Oberfeld"
47.325852,8.593955999999999,16,"Itschnach, Tägermoos"
47.38592499999999,8.517818333333333,169,"Zürich, Bahnhof Hardbrücke"
47.31460833333333,8.585257666666667,715,"Küsnacht ZH, Hallenbad"
47.38821,8.534121,549,"Zürich, Okenstrasse"
47.329628,8.543146,300,"Kilchberg ZH, Paradiessteig"
47.41619466666666,8.531966666666667,678,"Zürich, Maillartstrasse"
47.32862266666667,8.547212666666667,287,"Kilchberg ZH, Paradiesstrasse"
47.414214,8.5379825,335,"Zürich, Bollingerweg"
47.365249500000004,8.526499999999999,480,"Zürich, Hürlimannplatz"
47.351855,8.566485,28,"Zürich, Wonnebergstrasse"
47.376982,8.5540455,323,"Zürich, Voltastrasse"
47.384817999999996,8.600048999999999,438,"Gockhausen, Ursprungstrasse"
47.374103999999996,8.542169333333334,389,"Zürich, Rudolf-Brun-Brücke"
47.3813128,8.4918226,461,"Zürich, Flurstrasse"
47.387094142857144,8.489327,227,"Zürich, Grimselstrasse"
47.350562499999995,8.56937,29,"Zürich, Flühgasse"
47.3977314,8.4819018,238,"Zürich, Werdhölzli"
47.429042,8.5370825,331,"Zürich, Köschenrüti"
47.3720395,8.542806500000001,390,"Zürich, Rathaus"
47.378817749999996,8.49365675,462,"Zürich, Albisrank"
47.373711,8.5032025,44,"Zürich, Im Gut"
47.397031999999996,8.514743,545,"Zürich, Rebbergsteig"
47.366478,8.557552999999999,412,"Zürich, Englischviertelstrasse"
47.326571,8.598073,17,"Itschnach, Rebweg"
47.361799999999995,8.526003666666666,159,"Zürich, Waffenplatzstrasse"
47.31862525,8.545818,296,"Kilchberg ZH, Auf Brunnen"
47.36277233333333,8.514766666666667,485,"Zürich, Räffelstrasse"
47.398977,8.5135235,491,"Zürich, Waidbadstrasse"
47.31446966666667,8.595616666666666,692,"Küsnacht ZH, Ränkestrasse"
47.382129,8.529407500000001,415,"Zürich, Röntgenstrasse"
47.349974384615386,8.561295846153847,4,"Zürich, Bahnhof Tiefenbrunnen"
47.392472999999995,8.529048,344,"Zürich, Bahnhof Wipkingen"
47.340831666666666,8.576191,634,"Zollikon, Gemeindehaus"
47.378994500000005,8.5642715,432,"Zürich, Zürichbergstrasse"
47.39636875,8.49748775,235,"Zürich, Hardhof"
47.3457595,8.5889015,630,"Zollikon, Rebwiesstrasse"
47.31661,8.583935,714,"Küsnacht ZH, Reform. Kirche"
47.3596005,8.6536975,454,"Fällanden, Jugendherberge"
47.3518525,8.6608275,455,"Maur, Aschbach"
47.3750236,8.5525502,322,"Zürich, Platte"
47.402972500000004,8.4982685,696,"Zürich, Kappenbühlweg"
47.3647108,8.5026472,543,"Zürich, Schweighof"
47.39942275,8.505064,253,"Zürich, Schwert"
47.359567999999996,8.507414,425,"Zürich, Im Hagacker"
47.40413566666666,8.495969,254,"Zürich, Wieslergasse"
47.3522955,8.507963166666666,396,"Zürich, Albisgütli"
47.374581166666665,8.485031833333332,75,"Zürich, Albisrieden"
47.410549,8.4861095,257,"Zürich, Giblenstrasse"
47.40482625,8.576499625,148,"Zürich, Heerenwiesen"
47.350500499999995,8.53428,292,"Zürich, Landiwiese"
47.363282375,8.534616875000001,261,"Zürich, Rentenanstalt"
47.403105249999996,8.590384499999999,152,"Zürich, Hirzenbach"
47.413409,8.571943,706,"Zürich, Auzelg Ost"
47.387635,8.499804999999999,374,"Zürich, Letzipark"
47.38902425,8.482931,228,"Zürich, Bachmattstrasse"
47.413732,8.477254,547,"Zürich, Rütihof"
47.40088575,8.4515145,496,"Schlieren, Rütistrasse"
47.408549,8.494337999999999,698,"Zürich, Friedhof Hönggerberg"
47.3868375,8.502405,375,"Zürich, SBB-Werkstätte"
47.421341,8.5376655,307,"Zürich, Friedhof Schwandenholz"
47.37579325,8.510987499999999,154,"Zürich, Friedhof Sihlfeld"
47.3282645,8.512760499999999,622,"Zürich, Im Hüsli"
47.37441266666667,8.495438,42,"Zürich, Sackzelg"
47.3840295,8.576689,666,"Zürich, Im Klösterli"
47.405488000000005,8.4926675,255,"Zürich, Singlistrasse"
47.348036,8.574273,31,"Zürich, Im Walder"
47.3429705,8.583097500000001,632,"Zollikon, Allmend"
47.401304499999995,8.508914,492,"Zürich, Im Wingert"
47.315848,8.597198,693,"Küsnacht ZH, Allmend"
47.356661,8.509996999999998,426,"Zürich, Hegianwandweg"
47.399597,8.507249999999999,695,"Zürich, Am Börtli"
47.39887,8.5095275,694,"Zürich, Appenzellerstrasse"
47.398347,8.473172,494,"Zürich, Juchhof"
47.372692,8.494204499999999,354,"Zürich, Schulhaus Altweg"
47.401219999999995,8.490643,82,"Zürich, Hohenklingensteig"
47.42563633333333,8.536857333333334,332,"Zürich, Schönauring"
47.3767395,8.55969457142857,324,"Zürich, Kirche Fluntern"
47.3724615,8.635909,450,"Fällanden, Zil"
47.419992,8.5386055,333,"Zürich, Himmeri"
47.321934999999996,8.589822999999999,15,"Küsnacht ZH, Schübel"
47.4232425,8.496866,420,"Zürich, Holzerhurd"
47.327002500000006,8.544493500000002,299,"Kilchberg ZH, Sanatorium"
47.369561250000004,8.491524,77,"Zürich, In der Ey"
47.4010405,8.4626385,495,"Schlieren, Industrie Gaswerk"
47.3976245,8.507608000000001,252,"Zürich, Alte Trotte"
47.36908775,8.543887250000001,391,"Zürich, Helmhaus"
47.3303335,8.6546515,518,"Aesch bei Maur, Im Brünneli"
47.31367933333333,8.554385,284,"Rüschlikon, Schlossstrasse"
47.3715554,8.5069604,45,"Zürich, Gutstrasse"
47.331834,8.542027000000001,301,"Kilchberg ZH, Hornhaldenstr."
47.3322205,8.614464,711,"Zumikon, Gössikon"
47.3878325,8.543968,347,"Zürich, Scheuchzerstrasse"
47.373801,8.5002445,43,"Zürich, Langgrütstrasse"
47.30600233333333,8.551359,280,"Rüschlikon, Langhaldenstrasse"
47.3215535,8.5865935,14,"Küsnacht ZH, Schiedhaldensteig"
47.32315375,8.582848,13,"Küsnacht ZH, Schiedhaldenstr."
47.345915,8.565867333333335,5,"Zollikon, Bahnübergang"
47.3552275,8.5614665,27,"Zürich, Altenhofstrasse"
47.38491200000001,8.508174333333335,366,"Zürich, Herdernstrasse"
47.347046000000006,8.5720745,32,"Zürich, Bleulerstrasse"
47.369338166666665,8.55507,408,"Zürich, Hottingerplatz"
47.37730644444444,8.499053,353,"Zürich, Hubertus"
47.345034999999996,8.586219,631,"Zollikon, Schützenstrasse"
47.362863399999995,8.518635399999999,484,"Zürich, Binz"
47.387731,8.5196372,170,"Zürich, Schiffbau"
47.3709635,8.641960000000001,452,"Fällanden, Wigarten"
47.413139,8.448779,174,"Unterengstringen, Sennenbüel"
47.390245,8.394025,510,"Bergdietikon, Garage 2 LIBU"
47.4084645,8.406118,211,"Dietikon, Heimstrasse"
47.3583495,8.630039,514,"Binz bei Maur, Bautacher"
47.362082,8.630129,513,"Benglen, Langwis"
47.293898999999996,8.55621,745,"Thalwil, Sonnenberg"
47.312923,8.530036,682,"Adliswil, Grundstrasse"
47.414728,8.519725000000001,97,"Zürich, Glaubtenstrasse Nord"
47.399206,8.600567250000001,700,"Dübendorf, Hochbord Süd"
47.360873,8.623462499999999,583,"Binz bei Maur, Twäracher"
47.400102,8.435734,500,"Schlieren, Meuchwis"
