"Haltestellen_Id";"Haltestellennummer";"Haltestellenkurzname";"Haltestellenlangname"
56;6594;"AHOR";"Adliswil, Ahornweg"
620;148;"ABAD01";"Adliswil, Badstrasse"
720;28;"BADL01";"Adliswil, Bahnhof"
621;6593;"EWEG";"Adliswil, Eichenweg"
617;6437;"GRUT";"Adliswil, Grüt"
55;1227;"HOFA01";"Adliswil, Hofackerstrasse"
619;1462;"KROA01";"Adliswil, Krone"
719;6592;"ADMO";"Adliswil, Moos"
618;2660;"TIAK01";"Adliswil, Tiefacker"
370;6600;"IMBR";"Aesch bei Maur, Im Brünneli"
371;6599;"ZOLL";"Aesch bei Maur, Zollingerheim"
606;445;"BENG";"Benglen"
605;446;"BGER";"Benglen, Gerlisbrunnen"
365;6778;"BLAN";"Benglen, Langwis"
283;425;"DBAL";"Bergdietikon, Baltenschwil"
281;457;"BERL";"Bergdietikon, Bergli"
280;466;"BOLD";"Bergdietikon, Bernold"
284;729;"DUEN";"Bergdietikon, Dünni"
667;6855;"GAL2";"Bergdietikon, Garage 2 LIBU"
282;2085;"RIEW";"Bergdietikon, Rietwies"
279;2789;"VORB";"Bergdietikon, Vorbühl"
366;6779;"BBAU";"Binz bei Maur, Bautacher"
434;3467;"FMAT";"Binz bei Maur, Fridlimatt"
435;490;"MPOS";"Binz bei Maur, Post"
523;501;"BIRMBHF";"Birmensdorf ZH, Bahnhof"
522;6744;"RIST";"Birmensdorf ZH, Ristet"
739;2570;"BIRMSTE";"Birmensdorf ZH, Sternen/WSL"
293;657;"BDIE";"Dietikon, Bahnhof"
307;414;"BSTD";"Dietikon, Bahnhofstrasse"
517;502;"BIRM";"Dietikon, Birmensdorferstrasse"
633;725;"DOER";"Dietikon, Dörfli"
276;6038;"GALI";"Dietikon, Garage Limmatbus AG"
639;990;"GJUC";"Dietikon, Gjuchstrasse"
668;1039;"GRAU";"Dietikon, Grünau"
309;6693;"DGYR";"Dietikon, Gyrhalden"
671;1091;"HAGA";"Dietikon, Hagackerstrasse"
289;1265;"HATS";"Dietikon, Hätschen"
336;6894;"DHEI";"Dietikon, Heimstrasse"
634;1226;"HACK";"Dietikon, Hofacker"
292;1417;"KIPL";"Dietikon, Kirchplatz"
311;6695;"DLAE";"Dietikon, Lätten"
670;1540;"LERZ";"Dietikon, Lerzen"
285;1616;"MARW";"Dietikon, Marmori-Weiher"
672;2399;"DMOO";"Dietikon, Moosmatt"
290;1758;"ODIE";"Dietikon, Oberdorf"
638;1843;"OETW";"Dietikon, Oetwilerstrasse"
669;1868;"PEST";"Dietikon, Pestalozzi"
295;2313;"SBAC";"Dietikon, Schäflibach"
297;3472;"SWER";"Dietikon, Schönenwerd"
673;6262;"DSIL";"Dietikon, Silbern"
294;2406;"SOME";"Dietikon, Sommerau"
287;6261;"STHA";"Dietikon, Stadthalle Ost"
291;3344;"DSTA";"Dietikon, Stadthaus"
308;2471;"STAF";"Dietikon, Staffelackerstrasse"
288;2569;"STEA";"Dietikon, Stelzenacker"
637;3798;"VORS";"Dietikon, Vorstadt"
310;6694;"WEST";"Dietikon, Weidstrasse"
312;6698;"DWEI";"Dietikon, Weinberg"
360;81;"ALTZ";"Dübendorf, Alterszentrum"
443;3146;"BDUN";"Dübendorf, Bahnhof Nord"
356;2422;"DBRE";"Dübendorf, Breitibach"
445;753;"EGLI";"Dübendorf, Eglishölzli"
444;863;"FLUP";"Dübendorf, Flugplatz"
257;6660;"DGIE07";"Dübendorf, Giessen"
758;1054;"GRUZ";"Dübendorf, Grüzenstrasse"
347;1228;"HOFF";"Dübendorf, Hoffnung"
358;1273;"DHOG";"Dübendorf, Högler"
349;1478;"KAMM";"Dübendorf, Kämmaten"
359;1414;"KWIL";"Dübendorf, Kirche Wil"
759;1451;"DKRE";"Dübendorf, Kreuzbühl"
442;1572;"DLIN";"Dübendorf, Lindenplatz"
441;1627;"MEHO";"Dübendorf, Meiershofstrasse"
756;1911;"PDUB";"Dübendorf, Post"
258;3785;"RINW";"Dübendorf, Ringwiesen"
348;6346;"DSON";"Dübendorf, Sonnental"
357;2838;"DWAS";"Dübendorf, Wasserfurren"
757;2975;"ZELG";"Dübendorf, Zelglistrasse"
368;738;"EBMA";"Ebmatingen"
367;1527;"LEEA";"Ebmatingen, Leeacherstrasse"
369;1583;"MLOR";"Ebmatingen, Looren"
601;6591;"GAAN";"Effretikon, Garage Andres"
29;12487;"EGG99";"Egg"
31;12488;"EMMA99";"Emmat"
32;10804;"ESSL99";"Esslingen"
334;815;"FAAU";"Fahrweid, Au"
333;548;"BRUS";"Fahrweid, Brunaustrasse"
335;1556;"LIMB";"Fahrweid, Limmatbrücke"
361;544;"FBRU";"Fällanden, Bruggacher"
363;750;"EGGL";"Fällanden, Eggler"
374;947;"FAEL";"Fällanden, Gemeindehaus"
604;1324;"FAEI";"Fällanden, Industrie"
376;3133;"FJUG";"Fällanden, Jugendherberge"
375;1723;"FNEU";"Fällanden, Neuhus"
364;2335;"SHUA";"Fällanden, Schützenhaus"
373;3368;"FWIG";"Fällanden, Wigarten"
362;2999;"FZIL";"Fällanden, Zil"
13;12492;"FOR99";"Forch"
12;6046;"DEPF";"Forch, Depot Forchbahn"
47;6485;"GARG01";"Garage Adliswil"
330;701;"DOGE";"Geroldswil, Dorfstrasse"
332;1028;"GRIN";"Geroldswil, Grindlen"
691;2303;"SWAK";"Geroldswil, Schweizäcker"
329;2869;"WELB";"Geroldswil, Welbrig"
331;2982;"ZENT";"Geroldswil, Zentrum"
296;3727;"GLAN";"Glanzenberg, Bahnhof"
261;994;"BGLA07";"Glattbrugg, Bahnhof"
452;909;"FROH07";"Glattbrugg, Frohbühlstrasse"
455;3247;"GHOF07";"Glattbrugg, Glatthof"
260;6508;"GLIN07";"Glattbrugg, Lindberghplatz"
458;1651;"MODE07";"Glattbrugg, Mode Center TMC"
453;1925;"PGLA07";"Glattbrugg, Post"
263;2758;"UNTR07";"Glattbrugg, Unterriet"
454;992;"GLAG07";"Glattbrugg, Zentrum"
249;6461;"GGLA07";"Glattpark"
351;1006;"GDOR";"Gockhausen, Dorf"
350;6214;"URSP";"Gockhausen, Ursprungstrasse"
28;12500;"HIE99";"Hinteregg"
403;1341;"ITDO";"Itschnach, Dorf"
404;1342;"ITFA";"Itschnach, Fallacher"
402;2038;"REBW";"Itschnach, Rebweg"
401;2695;"TAEG";"Itschnach, Tägermoos"
53;75;"ALHK";"Kilchberg ZH, Altersheim"
542;118;"AUFB";"Kilchberg ZH, Auf Brunnen"
64;589;"BAEC";"Kilchberg ZH, Bächlerstrasse"
48;1391;"BKIL";"Kilchberg ZH, Bahnhof"
59;3775;"BEND";"Kilchberg ZH, Bendlikon"
67;6782;"KBRE";"Kilchberg ZH, Breitloo"
66;6781;"KEMI";"Kilchberg ZH, Emilienheim"
52;1018;"GOBI";"Kilchberg ZH, Gottlieb-Binder"
54;3254;"HALL";"Kilchberg ZH, Hallenbad"
539;1249;"HORN";"Kilchberg ZH, Hornhaldenstr."
58;1401;"KILB";"Kilchberg ZH, Kirche"
51;1457;"KREK";"Kilchberg ZH, Kreuzstrasse"
60;1577;"LISP";"Kilchberg ZH, Lindt & Sprüngli"
63;3796;"MYTH";"Kilchberg ZH, Mythenstrasse"
65;6780;"KOBE";"Kilchberg ZH, Obere Hornhalde"
540;1863;"PAKI";"Kilchberg ZH, Paradiessteig"
649;1864;"PARU";"Kilchberg ZH, Paradiesstrasse"
541;2154;"SANK";"Kilchberg ZH, Sanatorium"
68;2239;"SLIM";"Kilchberg ZH, Schlimbergstr."
650;2262;"SORU";"Kilchberg ZH, Schooren"
61;2264;"SOKI";"Kilchberg ZH, Schoorenstrasse"
50;2304;"KSCH";"Kilchberg ZH, Schwelle"
57;1440;"KSPI";"Kilchberg ZH, Spital"
62;2580;"STOG";"Kilchberg ZH, Stockengut"
538;2859;"WEIK";"Kilchberg ZH, Weinbergstrasse"
49;2277;"SHDO";"Kilchberg ZH,Schulhaus Dorfstr"
648;3822;"BKIS";"Killwangen, Bahnhof"
277;1397;"KIND";"Kindhausen AG"
278;757;"EIHH";"Kindhausen AG, Eichholz"
264;6506;"BABH07";"Kloten Balsberg, Bahnhof"
524;54;"KALL";"Küsnacht ZH, Allmend"
711;1488;"BKUE";"Küsnacht ZH, Bahnhof"
527;462;"BEST";"Küsnacht ZH, Bergstrasse"
397;516;"BOGL";"Küsnacht ZH, Boglerenstrasse"
395;610;"BUEH";"Küsnacht ZH, Bühlstrasse"
714;933;"GART";"Küsnacht ZH, Gartenstrasse"
396;1011;"GOBA";"Küsnacht ZH, Goldbacherstrasse"
713;1106;"HABA";"Küsnacht ZH, Hallenbad"
525;1182;"HESL";"Küsnacht ZH, Hesligenstrasse"
526;1189;"HIST";"Küsnacht ZH, Himmelistrasse"
528;1769;"OBHE";"Küsnacht ZH, Obere Heslibachst"
715;1779;"OBFE";"Küsnacht ZH, Oberfeld"
529;1818;"OBWA";"Küsnacht ZH, Oberwacht"
530;2122;"RAEN";"Küsnacht ZH, Ränkestrasse"
712;2043;"RKIK";"Küsnacht ZH, Reform. Kirche"
399;2167;"SIHG";"Küsnacht ZH, Schiedhaldensteig"
398;2168;"SIHE";"Küsnacht ZH, Schiedhaldenstr."
400;2327;"SUEB";"Küsnacht ZH, Schübel"
710;3744;"ZENK";"Küsnacht ZH, Zentrum"
30;12504;"LWIE99";"Langwies ZH"
15;12506;"MAI99";"Maiacher"
377;3134;"MASC";"Maur, Aschbach"
378;678;"MDOR";"Maur, Dorf"
379;1403;"MKIR";"Maur, Kirche"
436;1892;"MPLA";"Maur, Platten"
380;2342;"MSEE";"Maur, See"
14;12508;"NFOR99";"Neue Forch"
27;12509;"NHA99";"Neuhaus bei Hinteregg"
318;748;"EGGB";"Oberengstringen, Eggbühl"
317;1516;"LANZ";"Oberengstringen, Lanzrain"
315;1862;"PAEN";"Oberengstringen, Paradies"
316;2984;"OBEE";"Oberengstringen, Zentrum"
734;1094;"OHAL";"Oetwil an der Limmat, Halde"
735;1759;"OBDO";"Oetwil an der Limmat, Oberdorf"
692;1964;"OPOS";"Oetwil an der Limmat, Post"
457;2286;"SCHU07";"Opfikon, Schulstrasse"
456;6808;"OSCH07";"Opfikon, Schwimmbad"
609;833;"FELH";"Pfaffhausen, Feldhof"
433;1873;"PMUE";"Pfaffhausen, Müseren"
607;1871;"PFAF";"Pfaffhausen, Pfaffenstein"
608;2622;"SAGG";"Pfaffhausen, Sängglen"
749;641;"CRUZ07";"Regensdorf, Chrüzächer"
750;2986;"ZREG07";"Regensdorf, Zentrum"
262;6507;"RBAU07";"Rümlang, Bäuler"
754;1799;"RGEM07";"Rümlang, Gemeindehaus"
753;6682;"RHOE07";"Rümlang, Hörnlistrasse"
752;1542;"RLET07";"Rümlang, Letten"
755;1763;"ORUE07";"Rümlang, Oberdorf"
653;3186;"RUEB";"Rüschlikon, Bahnhof"
656;443;"BELV";"Rüschlikon, Belvoir"
652;515;"BODE";"Rüschlikon, Bodengasse"
659;6448;"EGGR";"Rüschlikon, Eggrain"
655;1505;"LANH";"Rüschlikon, Langhaldenstrasse"
658;6447;"LRAI";"Rüschlikon, Loorain"
660;1657;"MOOS";"Rüschlikon, Moosstrasse"
661;6492;"RPAR";"Rüschlikon, Park im Grüene"
742;6009;"RREB";"Rüschlikon, Rebsteig"
657;3187;"RSAU";"Rüschlikon, Säumerstrasse"
651;410;"BSRU";"Rüschlikon, Schlossstrasse"
654;2852;"WEID";"Rüschlikon, Weidstrasse"
26;12166;"SCH99";"Scheuren"
372;2166;"SCHE";"Scheuren, Station"
342;6347;"SCHB";"Schlieren, Bahnhof"
344;550;"BRUG";"Schlieren, Brunngasse"
341;838;"FSTR";"Schlieren, Feldstrasse"
471;935;"GASO";"Schlieren, Gasometerbrücke"
346;1151;"HEIM";"Schlieren, Heimeliweg"
705;1327;"IGAS";"Schlieren, Industrie Gaswerk"
628;1388;"KESS";"Schlieren, Kesslerstrasse"
503;1690;"MULL";"Schlieren, Mülligen"
345;1694;"NASS";"Schlieren, Nassacker"
636;2051;"REIT";"Schlieren, Reitmen"
706;2141;"RUST";"Schlieren, Rütistrasse"
306;2436;"SPLI";"Schlieren, Spital Limmattal"
298;3748;"STAK";"Schlieren, Steinacker"
340;2631;"TAWI";"Schlieren, Talacker-Windegg"
472;2798;"WAGO";"Schlieren, Wagonsfabrik"
504;2237;"SZEN";"Schlieren, Zentrum"
343;2236;"SCHL";"Schlieren, Zentrum/Bahnhof"
602;2307;"BSCH";"Schwerzenbach ZH, Bahnhof"
603;684;"DORS";"Schwerzenbach ZH, Dorf"
19;12438;"SZFB99";"Spital Zollikerberg"
644;6586;"CESP";"Spreitenb, Center Spreitenbach"
642;6663;"SPAL";"Spreitenbach, Altersheim"
640;3460;"ASPS";"Spreitenbach, Asp"
647;6300;"SBRE";"Spreitenbach, Breiti"
641;3520;"BRUL";"Spreitenbach, Brüel"
645;6301;"FURT";"Spreitenbach, Furttalstrasse"
643;6462;"IKEA";"Spreitenbach, Ikea"
646;6303;"SINT";"Spreitenbach, Interio"
286;2384;"SCEN";"Spreitenbach, Shopping Center"
744;2412;"FELD01";"Thalwil, Feldstrasse"
746;1684;"MUBA01";"Thalwil, Mühlebachplatz"
748;3378;"PTHA01";"Thalwil, Post"
745;2333;"THSH01";"Thalwil, Schützenhaus"
743;4108;"SEHA01";"Thalwil, Seehaldenstrasse"
747;2989;"TZEN01";"Thalwil, Zentrum"
740;687;"UITIDRF";"Uitikon, Dorf"
337;29;"AEGU";"Unterengstringen, Aegelsee"
338;743;"ECKS";"Unterengstringen, Eckstein"
314;1498;"LANA";"Unterengstringen, Langacher"
339;6724;"ULAN";"Unterengstringen, Langwisen"
313;6825;"USEN";"Unterengstringen, Sennenbüel"
324;2751;"USNO";"Unterengstringen, Sennenbüel N"
305;2767;"BWEI";"Urdorf Weihermatt, Bahnhof"
299;831;"FEGG";"Urdorf, Feldegg"
521;6297;"HEIN";"Urdorf, Heinrich-Stutz-Strasse"
518;1178;"HWEG";"Urdorf, Herweg"
635;1586;"LUBE";"Urdorf, Luberzen"
302;1725;"NEUT";"Urdorf, Neumatt"
630;1726;"NMAT";"Urdorf, Neumattstrasse"
301;1731;"NURD";"Urdorf, Niederurdorf"
520;3589;"OBUR";"Urdorf, Oberurdorf"
629;2024;"RAIW";"Urdorf, Rainweg"
300;2238;"SCHS";"Urdorf, Schlierenstrasse"
519;3590;"SONU";"Urdorf, Sonne"
303;2440;"SPIT";"Urdorf, Spitzacker"
304;2732;"UITI";"Urdorf, Uitikonerstrasse"
675;3740;"VHOF07";"Volketswil, Hofwisen"
674;632;"VCHL07";"Volketswil, Volkiland Chliriet"
20;12807;"WAB99";"Waldburg"
9;2807;"WABG";"Waldburg, Station"
738;3356;"WALBIST";"Waldegg, Birmensdorferstrasse"
741;1991;"WALPOST";"Waldegg, Post"
254;2820;"BWAL07";"Wallisellen, Bahnhof"
253;439;"BELA07";"Wallisellen, Belair"
464;3241;"WFLO07";"Wallisellen, Florastrasse"
722;2983;"WGLA";"Wallisellen, Glatt (Bus)"
255;6735;"WGLA07";"Wallisellen, Glatt (Tram)"
252;1176;"HRTI07";"Wallisellen, Herti"
256;6659;"WNEU07";"Wallisellen, Neugut"
17;12826;"WAL99";"Waltikon"
447;1266;"WHAE";"Wangen, Hätzelwisen"
446;6364;"STIE";"Wangen, Stierwisen"
448;2850;"WELI";"Wangen, Weidli"
325;3183;"AEGW";"Weiningen ZH, Aegelsee"
326;125;"AUSW";"Weiningen ZH, Ausserdorf"
327;1571;"WLIN";"Weiningen ZH, Lindenplatz"
328;2268;"SWEI";"Weiningen ZH, Schulhaus"
10;6254;"LAEN";"Zollikerb., Langägerten/Spital"
18;13002;"ZOB99";"Zollikerberg"
694;3826;"HASE";"Zollikerberg, Hasenbart"
718;1792;"OBHU";"Zollikerberg, Oberhueb"
716;6470;"RESI";"Zollikerberg, Resirain"
717;2375;"SENN";"Zollikerberg, Sennhof"
693;3756;"SZOL";"Zollikerberg, Spital"
11;3002;"ZOBE";"Zollikerberg, Station"
695;3747;"TRIC";"Zollikerberg, Trichtenhauserm."
5;53;"ZALL";"Zollikon, Allmend"
632;3003;"BZOL";"Zollikon, Bahnhof"
390;418;"BUEB";"Zollikon, Bahnübergang"
393;476;"BEUG";"Zollikon, Beugi"
392;715;"DUFP";"Zollikon, Dufourplatz"
391;824;"FBST";"Zollikon, Felbenstrasse"
3;6044;"GAAZ";"Zollikon, Garage G.-Maurer-Str"
4;961;"GDEH";"Zollikon, Gemeindehaus"
394;1013;"GOHA";"Zollikon, Goldhaldenplatz"
6;1277;"HSTR";"Zollikon, Höhestrasse"
8;2040;"RWIE";"Zollikon, Rebwiesstrasse"
7;2341;"SUET";"Zollikon, Schützenstrasse"
631;2363;"SEES";"Zollikon, Seestrasse"
16;12543;"ZUMI99";"Zumikon"
707;705;"DOZE";"Zumikon, Dorfzentrum"
709;1075;"GOES";"Zumikon, Gössikon"
708;2826;"WALT";"Zumikon, Waltikon"
265;3027;"FLUG07";"Zürich Flughafen, Bahnhof"
266;6232;"FRAF07";"Zürich Flughafen, Fracht"
515;7;"AARG";"Zürich, Aargauerstrasse"
176;46;"ALBG";"Zürich, Albisgütli"
413;3797;"ARAN";"Zürich, Albisrank"
220;47;"ALBR";"Zürich, Albisrieden"
120;3705;"ALBD";"Zürich, Albisriederdörfli"
216;48;"ALBP";"Zürich, Albisriederplatz"
180;67;"ATRO";"Zürich, Alte Trotte"
108;70;"ALTE";"Zürich, Altenhofstrasse"
665;3706;"AHOS";"Zürich, Althoos"
463;88;"ALTR";"Zürich, Altried"
481;3150;"AMBO";"Zürich, Am Börtli"
507;92;"AMSU";"Zürich, Am Suteracher"
480;3151;"APPE";"Zürich, Appenzellerstrasse"
144;6627;"ASPH";"Zürich, Aspholz"
499;114;"AUBR";"Zürich, Aubrücke"
557;128;"AUSS";"Zürich, Ausserdorfstrasse"
251;132;"ZAUZ";"Zürich, Auzelg"
731;134;"AUZO";"Zürich, Auzelg Ost"
613;137;"BACH";"Zürich, Bachmattstrasse"
223;1234;"BANL";"Zürich, Bäckeranlage"
505;144;"BADA";"Zürich, Bad Allenmoos"
132;3021;"BAFF";"Zürich, Bahnhof Affoltern"
627;6511;"BAFS";"Zürich, Bahnhof Affoltern Süd"
410;3022;"BALT";"Zürich, Bahnhof Altstetten"
323;5001;"BALN";"Zürich, Bahnhof Altstetten N"
86;3026;"ENGE";"Zürich, Bahnhof Enge"
95;199;"BEDE";"Zürich, Bahnhof Enge/Bederstr."
227;3029;"HSBB";"Zürich, Bahnhof Hardbrücke"
100;2547;"BLEI";"Zürich, Bahnhof Leimbach"
136;3034;"BOER";"Zürich, Bahnhof Oerlikon"
450;6255;"BOEN";"Zürich, Bahnhof Oerlikon Nord"
207;3447;"BOEO";"Zürich, Bahnhof Oerlikon Ost"
221;2551;"BSEL";"Zürich, Bahnhof Selnau"
25;3039;"BSTA";"Zürich, Bahnhof Stadelhofen"
259;2575;"BSTE";"Zürich, Bahnhof Stettbach"
389;3041;"BTIE";"Zürich, Bahnhof Tiefenbrunnen"
202;3042;"BWIE";"Zürich, Bahnhof Wiedikon"
567;3043;"BWIP";"Zürich, Bahnhof Wipkingen"
197;412;"BPLA";"Zürich, Bahnhofplatz/HB"
153;413;"BQUA";"Zürich, Bahnhofquai/HB"
169;416;"BSTR";"Zürich, Bahnhofstrasse/HB"
22;421;"BALG";"Zürich, Balgrist"
420;592;"BAEN";"Zürich, Bändliweg"
624;594;"BAER";"Zürich, Bärenbohlstrasse"
412;427;"BASL";"Zürich, Baslerstrasse"
195;435;"BECK";"Zürich, Beckenhof"
89;440;"BELL";"Zürich, Bellevue"
427;455;"BERH";"Zürich, Berghaldenstrasse"
677;459;"BDOL";"Zürich, Bergstation Dolderbahn"
190;465;"BERN";"Zürich, Berninaplatz"
416;467;"BERO";"Zürich, Bernoulli-Häuser"
475;468;"BERT";"Zürich, Bertastrasse"
666;3587;"BERU";"Zürich, Berufswahlschule"
596;470;"BESE";"Zürich, Besenrainstrasse"
579;471;"BETH";"Zürich, Bethanien"
210;478;"BEZI";"Zürich, Bezirksgebäude"
534;3774;"BWOB";"Zürich, Bhf Wollishofen (Bus)"
82;3044;"BWOL";"Zürich, Bhf Wollishofen (Tram)"
83;488;"BILO";"Zürich, Billoweg"
487;493;"BINZ";"Zürich, Binz"
490;3714;"BINC";"Zürich, Binz Center"
556;497;"BIGL";"Zürich, Birch-/Glatttalstrasse"
231;498;"BIRD";"Zürich, Birchdörfli"
355;3445;"BIBE";"Zürich, Bircher-Benner"
588;3449;"BIRC";"Zürich, Birchstrasse"
113;508;"BLEU";"Zürich, Bleulerstrasse"
143;6626;"BLUM";"Zürich, Blumenfeldstrasse"
733;3715;"BOST";"Zürich, Bocklerstrasse"
549;3789;"BOLL";"Zürich, Bollingerweg"
226;601;"BOES";"Zürich, Börsenstrasse"
107;3645;"BOGA";"Zürich, Botanischer Garten"
35;530;"BRAN";"Zürich, Brandschenkestrasse"
411;542;"BRIS";"Zürich, Bristenstrasse"
39;546;"BRUM";"Zürich, Brunau/Mutschellenstr."
84;547;"BRUN";"Zürich, Brunaustrasse"
168;564;"BUCH";"Zürich, Bucheggplatz"
702;3787;"BUHO";"Zürich, Buchholz"
73;573;"BUHN";"Zürich, Buhnstrasse"
592;580;"BURG";"Zürich, Burgwies"
88;615;"BURK";"Zürich, Bürkliplatz"
80;586;"BUTZ";"Zürich, Butzenstrasse"
426;617;"CARL";"Zürich, Carl-Spitteler-Strasse"
154;619;"CENT";"Zürich, Central"
587;3450;"CHAL";"Zürich, Chaletweg"
388;3717;"CHIN";"Zürich, Chinagarten"
148;648;"DAMM";"Zürich, Dammweg"
615;649;"DANG";"Zürich, Dangelstrasse"
78;6055;"DEP2";"Zürich, Depot 2 Wollishofen"
209;6030;"DEP4";"Zürich, Depot 4 Elisabethenstr"
146;6031;"DEP5";"Zürich, Depot 5 Hard"
491;6032;"DEP7";"Zürich, Depot 7 Irchel"
187;6033;"DEP8";"Zürich, Depot 8 Oerlikon"
676;6421;"DEPD";"Zürich, Depot Dolderbahn"
137;694;"DORF";"Zürich, Dorflinde"
498;708;"DREI";"Zürich, Dreispitz"
354;711;"DREW";"Zürich, Dreiwiesen"
424;713;"DRUS";"Zürich, Drusbergstrasse"
114;716;"DUNK";"Zürich, Dunkelhölzli"
130;767;"EINF";"Zürich, Einfangstrasse"
387;769;"ELWA";"Zürich, Elektrowatt"
158;788;"ENGV";"Zürich, Englischviertelstrasse"
111;3594;"EPIK";"Zürich, EPI-Klinik"
179;800;"EGUT";"Zürich, Eschergutweg"
147;799;"EWYS";"Zürich, Escher-Wyss-Platz"
548;735;"ETHH";"Zürich, ETH Hönggerberg"
274;736;"ETHZ";"Zürich, ETH/Universitätsspital"
451;3446;"ETTE";"Zürich, Ettenfeld"
469;821;"FARB";"Zürich, Farbhof"
384;832;"FELD";"Zürich, Feldeggstrasse"
121;840;"FELL";"Zürich, Fellenbergstrasse"
208;845;"FELS";"Zürich, Felsenrainstrasse"
250;6460;"ZFER";"Zürich, Fernsehstudio"
508;852;"FEUS";"Zürich, Feusisbergli"
415;857;"FWEG";"Zürich, Fischerweg"
689;859;"FLOB";"Zürich, Flobotstrasse"
110;868;"FLUE";"Zürich, Flühgasse"
406;867;"FLUR";"Zürich, Flurstrasse"
414;927;"FOER";"Zürich, Förrlibuckstrasse"
186;872;"FRAN";"Zürich, Frankental"
558;3466;"FRST";"Zürich, Freiestrasse"
611;883;"FREI";"Zürich, Freihofstrasse"
405;884;"FLAG";"Zürich, Freilagerstrasse"
138;888;"FRIA";"Zürich, Friedackerstrasse"
511;893;"FEIC";"Zürich, Friedhof Eichbühl"
593;894;"ENZE";"Zürich, Friedhof Enzenbühl"
485;895;"FHOE";"Zürich, Friedhof Hönggerberg"
74;896;"FSWA";"Zürich, Friedhof Schwandenholz"
474;897;"FSIH";"Zürich, Friedhof Sihlfeld"
729;898;"FUET";"Zürich, Friedhof Uetliberg"
432;899;"FWIT";"Zürich, Friedhof Witikon"
141;901;"FRDR";"Zürich, Friedrichstrasse"
242;902;"FRIB";"Zürich, Friesenberg"
728;903;"FRIH";"Zürich, Friesenberghalde"
243;904;"FRIE";"Zürich, Friesenbergstrasse"
140;908;"FROB";"Zürich, Frohburg"
382;917;"FROE";"Zürich, Fröhlichstrasse"
133;914;"FRON";"Zürich, Fronwald"
99;916;"FRYM";"Zürich, Frymannstrasse"
33;6034;"GAR6";"Zürich, Garage 6 Hardau"
69;6035;"GAR9";"Zürich, Garage 9 Hagenholz"
577;944;"GEER";"Zürich, Geeringstrasse"
684;971;"GERM";"Zürich, Germaniastrasse"
275;972;"GESS";"Zürich, Gessnerallee"
575;979;"GIBL";"Zürich, Giblenstrasse"
598;998;"GLAT";"Zürich, Glattwiesen"
77;1000;"GLAU";"Zürich, Glaubtenstrasse"
585;6020;"GLAS";"Zürich, Glaubtenstrasse Süd"
431;3444;"GLOK";"Zürich, Glockenacker"
582;1007;"GOLD";"Zürich, Goldackerweg"
126;1012;"GOLP";"Zürich, Goldbrunnenplatz"
612;1026;"GRIM";"Zürich, Grimselstrasse"
489;489;"GRUB";"Zürich, Grubenstrasse"
419;1041;"GRUN";"Zürich, Grünaustrasse"
193;1061;"GUGG";"Zürich, Guggachstrasse"
224;1076;"GUET";"Zürich, Güterbahnhof"
125;1073;"GUTS";"Zürich, Gutstrasse"
273;1098;"HALB";"Zürich, Haldenbach"
162;1100;"HEGG";"Zürich, Haldenegg"
496;3760;"HALO";"Zürich, Hallenbad Oerlikon"
418;1120;"HARH";"Zürich, Hardhof"
225;1122;"HARP";"Zürich, Hardplatz"
417;2447;"SPOH";"Zürich, Hardturm"
590;1138;"HEDW";"Zürich, Hedwigsteig"
460;1139;"HEER";"Zürich, Heerenwiesen"
245;1143;"HEGA";"Zürich, Hegianwandweg"
23;1144;"HEGI";"Zürich, Hegibachplatz"
576;1156;"HEIZ";"Zürich, Heizenholz"
157;1157;"HELM";"Zürich, Helmhaus"
222;1158;"HELV";"Zürich, Helvetiaplatz"
493;1160;"HERB";"Zürich, Herbstweg"
246;1162;"HERD";"Zürich, Herdernstrasse"
72;1175;"HERT";"Zürich, Hertensteinstrasse"
500;1179;"HERZ";"Zürich, Herzogenmühlestrasse"
688;1186;"HEUB";"Zürich, Heubeeriweg"
204;1187;"HEUR";"Zürich, Heuried"
551;6250;"HIMM";"Zürich, Himmeri"
562;1194;"HINT";"Zürich, Hinterbergstrasse"
191;1215;"HIRS";"Zürich, Hirschwiesenstrasse"
595;1220;"HIRZ";"Zürich, Hirzenbach"
241;1272;"HOEF";"Zürich, Höfliweg"
561;3469;"HOFS";"Zürich, Hofstrasse"
320;1231;"HOHE";"Zürich, Hohenklingensteig"
559;3470;"HSTG";"Zürich, Hölderlinsteig"
160;1278;"HOEL";"Zürich, Hölderlinstrasse"
233;1239;"HOLZ";"Zürich, Holzerhurd"
547;1280;"HOEB";"Zürich, Hönggerberg"
383;1286;"HOES";"Zürich, Höschgasse"
212;1251;"HOTT";"Zürich, Hottingerplatz"
218;1252;"HUBE";"Zürich, Hubertus"
38;1288;"HUEG";"Zürich, Hügelstrasse"
232;1259;"HUNG";"Zürich, Hungerbergstrasse"
36;1865;"HURL";"Zürich, Hürlimannplatz"
76;1292;"HUER";"Zürich, Hürstholz"
751;1303;"IEBN";"Zürich, Im Ebnet"
124;3123;"IMGU";"Zürich, Im Gut"
244;1307;"IHAG";"Zürich, Im Hagacker"
102;1310;"IHUS";"Zürich, Im Hüsli"
690;1311;"IKLO";"Zürich, Im Klösterli"
112;1315;"IWAL";"Zürich, Im Walder"
546;1316;"IWIN";"Zürich, Im Wingert"
581;1320;"IDEY";"Zürich, In der Ey"
704;3153;"JUCH";"Zürich, Juchhof"
41;1354;"JUGI";"Zürich, Jugendherberge"
43;1356;"KALB";"Zürich, Kalchbühlweg"
465;1358;"KANO";"Zürich, Kanonengasse"
91;1359;"KANT";"Zürich, Kantonsschule"
422;1362;"KAPF";"Zürich, Kapfstrasse"
407;1364;"KAPP";"Zürich, Kappeli"
482;3138;"KABU";"Zürich, Kappenbühlweg"
554;1483;"KAES";"Zürich, Käshaldenstrasse"
572;1379;"KEMP";"Zürich, Kempfhofsteig"
239;1386;"KERN";"Zürich, Kernstrasse"
430;1389;"KIEN";"Zürich, Kienastenwies"
270;1399;"KINK";"Zürich, Kinkelstrasse"
94;1407;"KFLU";"Zürich, Kirche Fluntern"
560;3648;"KLOB";"Zürich, Klosbach"
161;1430;"KLUS";"Zürich, Klusplatz"
553;6304;"KOES";"Zürich, Köschenrüti"
663;1445;"KNOR";"Zürich, Krematorium Nordheim"
217;1446;"KSIH";"Zürich, Krematorium Sihlfeld"
24;1453;"KREU";"Zürich, Kreuzplatz"
385;1456;"KRES";"Zürich, Kreuzstrasse"
194;1468;"KRON";"Zürich, Kronenstrasse"
687;1471;"KROE";"Zürich, Krönleinstrasse"
90;1472;"KUNS";"Zürich, Kunsthaus"
234;1595;"LAEG";"Zürich, Lägernstrasse"
533;3141;"LAND";"Zürich, Landiwiese"
682;1502;"LAST";"Zürich, Langensteinenstrasse"
123;1503;"LANG";"Zürich, Langgrütstrasse"
268;1507;"LANM";"Zürich, Langmauerstrasse"
98;1519;"LAUB";"Zürich, Laubegg"
167;1522;"LAUI";"Zürich, Laubiweg"
568;1528;"LEHE";"Zürich, Lehenstrasse"
555;1532;"LEIM";"Zürich, Leimgrübelstrasse"
583;1539;"LERC";"Zürich, Lerchenhalde"
622;3457;"LERA";"Zürich, Lerchenrain"
569;1547;"LETT";"Zürich, Lettenstrasse"
610;1548;"LETG";"Zürich, Letzigrund"
467;3148;"LETP";"Zürich, Letzipark"
408;1549;"LPAW";"Zürich, Letzipark West"
269;1550;"LETZ";"Zürich, Letzistrasse"
247;1552;"LEUT";"Zürich, Leutschenbach"
150;1557;"LIMM";"Zürich, Limmatplatz"
473;1570;"LIND";"Zürich, Lindenplatz"
214;1579;"LOCH";"Zürich, Lochergut"
506;1581;"LOOG";"Zürich, Loogarten"
428;1584;"LOOR";"Zürich, Loorenstrasse"
198;1608;"LOEW";"Zürich, Löwenplatz"
462;1587;"LUCH";"Zürich, Luchswiesen"
461;1590;"LUEG";"Zürich, Luegisland"
409;1592;"LUGG";"Zürich, Luggwegstrasse"
664;1611;"MAIE";"Zürich, Maienweg"
737;3788;"MAIL";"Zürich, Maillartstrasse"
105;1612;"MANG";"Zürich, Manegg"
476;1614;"MANS";"Zürich, Manesseplatz"
101;1615;"MARB";"Zürich, Marbachweg"
600;1620;"MATT";"Zürich, Mattenhof"
449;3764;"MAXB";"Zürich, Max-Bill-Platz"
182;1626;"MEIE";"Zürich, Meierhofplatz"
497;3154;"MEHA";"Zürich, Messe/Hallenstadion"
470;1640;"MICA";"Zürich, Micafil"
484;1641;"MICH";"Zürich, Michelstrasse"
192;1643;"MIBU";"Zürich, Milchbuck"
238;1644;"MILA";"Zürich, Militär-/Langstrasse"
104;1648;"MITL";"Zürich, Mittelleimbach"
42;1660;"MORG";"Zürich, Morgental"
586;3451;"MOTT";"Zürich, Mötteliweg"
145;6628;"MUEH";"Zürich, Mühlacker"
151;1667;"MUFG";"Zürich, Museum für Gestaltung"
85;1666;"MUSR";"Zürich, Museum Rietberg"
509;1698;"NEES";"Zürich, Neeserweg"
129;1705;"NEUA";"Zürich, Neuaffoltern"
45;1710;"NEUB";"Zürich, Neubühl"
211;1724;"NEUM";"Zürich, Neumarkt"
550;3804;"NBRU";"Zürich, Neunbrunnen"
662;1744;"NORH";"Zürich, Nordheimstrasse"
236;1745;"NORS";"Zürich, Nordstrasse"
566;1753;"NUER";"Zürich, Nürenbergstrasse"
128;1821;"OBEW";"Zürich, Oberwiesenstrasse"
248;6459;"ZOER";"Zürich, Oerlikerhus"
570;3786;"OKEN";"Zürich, Okenstrasse"
386;1845;"OPER";"Zürich, Opernhaus"
732;3001;"ORIO";"Zürich, Orionstrasse"
164;1856;"OTTI";"Zürich, Ottikerstrasse"
171;1861;"PARA";"Zürich, Paradeplatz"
700;3765;"PAUL";"Zürich, Paulus-Akademie"
478;1441;"PKAE";"Zürich, Pflegezentr. Käferberg"
92;1889;"PLAT";"Zürich, Platte"
81;2005;"PWOL";"Zürich, Post Wollishofen"
599;2008;"PROB";"Zürich, Probstei"
149;2014;"QUEL";"Zürich, Quellenstrasse"
230;2017;"RADI";"Zürich, Radiostudio"
488;2120;"RAEF";"Zürich, Räffelstrasse"
156;2030;"RATH";"Zürich, Rathaus"
116;2033;"RAUH";"Zürich, Rautihalde"
118;2034;"RAUT";"Zürich, Rautistrasse"
571;2035;"REBE";"Zürich, Rebbergsteig"
135;2045;"REGB";"Zürich, Regensbergbrücke"
21;2549;"REHA";"Zürich, Rehalp"
170;2054;"RAUG";"Zürich, Rennweg"
87;2055;"RENT";"Zürich, Rentenanstalt"
495;2069;"RIEG";"Zürich, Riedgraben"
614;3122;"RIEH";"Zürich, Riedhofstrasse"
685;2090;"BERG";"Zürich, Rigiblick"
159;2124;"ROEM";"Zürich, Römerhof"
237;2127;"ROEN";"Zürich, Röntgenstrasse"
229;2104;"ROSE";"Zürich, Rosengartenstrasse"
165;2128;"ROES";"Zürich, Röslistrasse"
597;2107;"ROSW";"Zürich, Roswiesen"
235;2108;"ROTB";"Zürich, Rotbuchstrasse"
535;2109;"ROTE";"Zürich, Rote Fabrik"
155;2113;"RBRU";"Zürich, Rudolf-Brun-Brücke"
578;2140;"RUET";"Zürich, Rütihof"
97;2550;"SAAL";"Zürich, Saalsporthalle"
494;2145;"SAAT";"Zürich, Saatlenstrasse"
122;2147;"SACK";"Zürich, Sackzelg"
189;2151;"SALE";"Zürich, Salersteig"
115;2152;"SALZ";"Zürich, Salzweg"
466;2142;"SBBW";"Zürich, SBB-Werkstätte"
166;2158;"SPLA";"Zürich, Schaffhauserplatz"
681;6776;"SANZ";"Zürich, Schanzackerstrasse"
683;2314;"SAPI";"Zürich, Schäppiweg"
623;3458;"PSCH";"Zürich, Schauenberg"
205;2160;"SCHA";"Zürich, Schaufelbergerstrasse"
565;2164;"SCHZ";"Zürich, Scheuchzerstrasse"
228;6759;"SBAU";"Zürich, Schiffbau"
423;2251;"SYFI";"Zürich, Schlyfi"
127;2256;"SWIE";"Zürich, Schmiede Wiedikon"
552;2320;"SCHG";"Zürich, Schönauring"
594;2326;"SCHO";"Zürich, Schörlistrasse"
580;3155;"ALTW";"Zürich, Schulhaus Altweg"
117;2276;"BUCL";"Zürich, Schulhaus Buchlern"
584;2289;"SWEG";"Zürich, Schumacherweg"
721;2329;"SURG";"Zürich, Schürgistrasse"
486;3566;"SHOE";"Zürich, Schützenhaus Höngg"
142;2294;"SCHW";"Zürich, Schwamendingerplatz"
625;2298;"SHOL";"Zürich, Schwandenholz"
544;2302;"SHOF";"Zürich, Schweighof"
531;3477;"SRUC";"Zürich, Schweizer Rück"
181;2306;"SCHT";"Zürich, Schwert"
70;2346;"SEEB";"Zürich, Seebach"
71;1275;"SEPL";"Zürich, Seebacherplatz"
536;2834;"SEER";"Zürich, Seerose"
574;2364;"SEGA";"Zürich, Segantinistrasse"
699;3767;"SEGE";"Zürich, Segeten"
468;2366;"SEID";"Zürich, Seidelhof"
271;2367;"RIGI";"Zürich, Seilbahn Rigiblick"
219;2385;"SIEM";"Zürich, Siemens"
502;2388;"SIGN";"Zürich, Signaustrasse"
543;6463;"SIHC";"Zürich, Sihlcity"
96;2771;"SIHN";"Zürich, Sihlcity Nord"
199;1366;"SIHP";"Zürich, Sihlpost / HB"
152;2395;"SIHL";"Zürich, Sihlquai/HB"
34;2396;"SIHS";"Zürich, Sihlstrasse"
103;2398;"SIHW";"Zürich, Sihlweidstrasse"
573;2402;"SING";"Zürich, Singlistrasse"
510;6003;"SOLP";"Zürich, Solidapark"
163;2411;"SONN";"Zürich, Sonneggstrasse"
514;2449;"SPOW";"Zürich, Sportweg"
501;2450;"SPRE";"Zürich, Sprecherstrasse"
563;2451;"SPYR";"Zürich, Spyriplatz"
686;2452;"SPYS";"Zürich, Spyristeig"
537;2461;"STAD";"Zürich, Stadtgrenze"
196;2474;"STAM";"Zürich, Stampfenbachplatz"
75;3768;"STBU";"Zürich, Staudenbühl"
200;2556;"STAU";"Zürich, Stauffacher"
188;2572;"SOER";"Zürich, Sternen Oerlikon"
736;6117;"SRIE";"Zürich, Stierenried"
172;2582;"STOC";"Zürich, Stockerstrasse"
175;2596;"STRV";"Zürich, Strassenverkehrsamt"
680;2598;"STRI";"Zürich, Strickhof"
532;3522;"SUKK";"Zürich, Sukkulentensammlung"
616;2612;"SUNN";"Zürich, Sunnau"
439;2618;"SUSE";"Zürich, Susenbergstrasse"
203;2638;"TALW";"Zürich, Talwiesenstrasse"
512;3453;"TECH";"Zürich, Technopark"
40;2659;"THUJ";"Zürich, Thujastrasse"
459;2666;"TIER";"Zürich, Tierspital"
679;2667;"TITL";"Zürich, Titlisstrasse"
352;2671;"TOBE";"Zürich, Tobelhof"
437;2673;"TOBL";"Zürich, Toblerplatz"
513;718;"TONA";"Zürich, Toni-Areal"
697;3769;"TFUS";"Zürich, Trichtenhausenfussweg"
696;6416;"TRSA";"Zürich, Trichtisal"
206;2680;"TRIE";"Zürich, Triemli"
589;2682;"TRIS";"Zürich, Triemlispital"
322;2707;"TUEF";"Zürich, Tüffenwies"
492;2688;"TULP";"Zürich, Tulpenstrasse"
173;2689;"TUNN";"Zürich, Tunnelstrasse"
174;2722;"UETL";"Zürich, Uetlihof"
267;1334;"IRCH";"Zürich, Universität Irchel"
134;2737;"UAFF";"Zürich, Unteraffoltern"
119;2754;"UNTM";"Zürich, Untermoosstrasse"
106;2776;"VERE";"Zürich, Verenastrasse"
564;2779;"VOGE";"Zürich, Vogelsangstrasse"
93;2788;"VOLT";"Zürich, Voltastrasse"
703;3588;"VULK";"Zürich, Vulkanstrasse"
46;6019;"WAFB";"Zürich, Waffenplatz-/Bederstr."
37;2795;"WAFF";"Zürich, Waffenplatzstrasse"
479;2799;"WAIB";"Zürich, Waidbadstrasse"
178;2800;"WAIF";"Zürich, Waidfussweg"
626;2801;"WAIH";"Zürich, Waidhof"
477;2803;"WAIS";"Zürich, Waidspital"
139;2814;"WALD";"Zürich, Waldgarten"
678;2815;"WDOL";"Zürich, Waldhaus Dolder"
184;2831;"WART";"Zürich, Wartau"
425;2836;"WASE";"Zürich, Waserstrasse"
545;2858;"WEIH";"Zürich, Weihersteig"
201;6238;"WERE";"Zürich, Werd"
421;2872;"WERD";"Zürich, Werdhölzli"
591;2879;"WETL";"Zürich, Wetlistrasse"
44;2889;"WIDM";"Zürich, Widmerstrasse"
483;2899;"WIES";"Zürich, Wieslergasse"
698;3772;"WACH";"Zürich, Wiesliacher"
381;2907;"WILD";"Zürich, Wildbachstrasse"
272;2924;"WINK";"Zürich, Winkelriedstrasse"
321;2934;"WINH";"Zürich, Winzerhalde"
185;2935;"WINZ";"Zürich, Winzerstrasse"
319;6015;"WINS";"Zürich, Winzerstrasse Süd"
177;2937;"WIPK";"Zürich, Wipkingerplatz"
701;3773;"WITZ";"Zürich, Witikon Zentrum"
79;2950;"WOLL";"Zürich, Wollishofen"
109;2956;"WONE";"Zürich, Wonnebergstrasse"
516;6648;"WURZ";"Zürich, Würzgraben"
131;2968;"ZEHN";"Zürich, Zehntenhausplatz"
730;2998;"ZIEL";"Zürich, Zielweg"
440;3005;"ZOO";"Zürich, Zoo"
353;4;"ZOOF";"Zürich, Zoo/Forrenweid"
438;3045;"ZUER";"Zürich, Zürichbergstrasse"
429;3011;"ZWEI";"Zürich, Zweiackerstrasse"
183;3015;"ZWIE";"Zürich, Zwielplatz"
240;3018;"ZWIN";"Zürich, Zwinglihaus"
215;3019;"ZYPR";"Zürich, Zypressenstrasse"
213;1357;"KALK";"Zürich,Kalkbreite/Bhf.Wiedikon"
