"Haltestellen_Id";"Haltestellennummer";"Haltestellenkurzname";"Haltestellenlangname"
59;6594;"AHOR";"Adliswil, Ahornweg"
61;148;"ABAD01";"Adliswil, Badstrasse"
63;28;"BADL01";"Adliswil, Bahnhof"
57;7041;"ADIE01";"Adliswil, Dietlimoos"
62;6961;"AGRU";"Adliswil, Grundstrasse"
66;6437;"GRUT";"Adliswil, Grüt"
60;1227;"HOFA01";"Adliswil, Hofackerstrasse"
64;1462;"KROA01";"Adliswil, Krone"
56;6592;"ADMO";"Adliswil, Moos"
65;2660;"TIAK01";"Adliswil, Tiefacker"
618;6600;"IMBR";"Aesch bei Maur, Im Brünneli"
619;6599;"ZOLL";"Aesch bei Maur, Zollingerheim"
23;445;"BEBO";"Benglen, Bodenacher"
22;446;"BGER";"Benglen, Gerlisbrunnen"
21;6778;"BLAN";"Benglen, Langwis"
578;425;"DBAL";"Bergdietikon, Baltenschwil"
576;457;"BERL";"Bergdietikon, Bergli"
575;466;"BOLD";"Bergdietikon, Bernold"
579;729;"DUEN";"Bergdietikon, Dünni"
483;6855;"GAL2";"Bergdietikon, Garage 2 LIBU"
577;2085;"RIEW";"Bergdietikon, Rietwies"
574;2789;"VORB";"Bergdietikon, Vorbühl"
617;6779;"BBAU";"Binz bei Maur, Bautacher"
33;3467;"FMAT";"Binz bei Maur, Fridlimatt"
34;490;"BGAS";"Binz bei Maur, Gassacher"
359;6999;"TWÄR";"Binz bei Maur, Twäracher"
520;501;"BIRMBHF";"Birmensdorf ZH, Bahnhof"
768;501;"BIRBAH";"Birmensdorf ZH, Bahnhof"
521;6744;"RIST";"Birmensdorf ZH, Ristet"
296;2570;"BIRMSTE";"Birmensdorf ZH, Sternen/WSL"
297;2748;"BIRMURI";"Birmensdorf ZH, Untere Risi"
419;3560;"SPHE";"D'dorf, Sportanl Heerenschürli"
484;657;"BDIE";"Dietikon, Bahnhof"
682;414;"BSTD";"Dietikon, Bahnhofstrasse"
529;502;"BIRM";"Dietikon, Birmensdorferstrasse"
531;725;"DOER";"Dietikon, Dörfli"
491;6038;"GALI";"Dietikon, Garage Limmatbus AG"
638;990;"GJUC";"Dietikon, Gjuchstrasse"
686;6693;"DGYR";"Dietikon, Gyrhalden"
488;1091;"HAGA";"Dietikon, Hagackerstrasse"
685;1265;"HATS";"Dietikon, Hätschen"
558;6894;"DHEI";"Dietikon, Heimstrasse"
530;1226;"HACK";"Dietikon, Hofacker"
690;1417;"KIPL";"Dietikon, Kirchplatz"
688;6695;"DLAE";"Dietikon, Lätten"
487;1540;"LERZ";"Dietikon, Lerzen"
580;1616;"MARW";"Dietikon, Marmori-Weiher"
489;2399;"DMOO";"Dietikon, Moosmatt"
684;1758;"ODIE";"Dietikon, Oberdorf"
639;1843;"OETW";"Dietikon, Oetwilerstrasse"
486;1868;"PEST";"Dietikon, Pestalozzi"
485;1039;"DRAP";"Dietikon, Rapidplatz"
680;3472;"SWER";"Dietikon, Schönenwerd"
490;6262;"DSIL";"Dietikon, Silbern"
532;2406;"SOME";"Dietikon, Sommerau"
740;6261;"STHA";"Dietikon, Stadthalle Ost"
683;3344;"DSTA";"Dietikon, Stadthaus"
742;2471;"STAF";"Dietikon, Staffelackerstrasse"
741;2569;"STEA";"Dietikon, Stelzenacker"
687;6694;"WEST";"Dietikon, Weidstrasse"
689;6698;"DWEI";"Dietikon, Weinberg"
568;81;"ALTZ07";"Dübendorf, Alterszentrum"
565;2422;"DBRE";"Dübendorf, Breitibach"
763;2422;"DBRE07";"Dübendorf, Breitibach"
671;3478;"CITC";"Dübendorf, City Center"
738;6660;"DGIE07";"Dübendorf, Giessen"
673;1054;"GRUZ";"Dübendorf, Grüzenstrasse"
421;6774;"DHON07";"Dübendorf, Hochbord Nord"
422;6986;"DHOS07";"Dübendorf, Hochbord Süd"
567;1228;"HOFF";"Dübendorf, Hoffnung"
765;1228;"HOFF07";"Dübendorf, Hoffnung"
761;1273;"DHOG07";"Dübendorf, Högler"
563;1273;"DHOG";"Dübendorf, Högler"
766;1478;"KAMM07";"Dübendorf, Kämmaten"
621;1478;"KAMM";"Dübendorf, Kämmaten"
760;1414;"KWIL07";"Dübendorf, Kirche Wil"
562;1414;"KWIL";"Dübendorf, Kirche Wil"
674;1451;"DKRE";"Dübendorf, Kreuzbühl"
670;1627;"MEHO";"Dübendorf, Meiershofstrasse"
420;3296;"NEUS";"Dübendorf, Neugut Süd"
767;3785;"RINW07";"Dübendorf, Ringwiesen"
739;3785;"RINW";"Dübendorf, Ringwiesen"
764;6346;"DSON07";"Dübendorf, Sonnental"
566;6346;"DSON";"Dübendorf, Sonnental"
564;2838;"DWAS";"Dübendorf, Wasserfurren"
762;2838;"DWAS07";"Dübendorf, Wasserfurren"
672;2975;"ZELG";"Dübendorf, Zelglistrasse"
36;738;"EBDO";"Ebmatingen, Dorf"
35;1527;"LEEA";"Ebmatingen, Leeacherstrasse"
41;1583;"MLOR";"Ebmatingen, Looren"
14;6591;"GAAN";"Effretikon, Garage Andres"
248;12487;"EGG99";"Egg"
246;12488;"EMMA99";"Emmat"
245;10804;"ESSL99";"Esslingen"
553;815;"FAAU";"Fahrweid, Au"
552;548;"BRUS";"Fahrweid, Brunaustrasse"
554;1556;"LIMB";"Fahrweid, Limmatbrücke"
561;544;"FBRU";"Fällanden, Bruggacher"
19;750;"EGGL";"Fällanden, Eggler"
15;947;"FAEL";"Fällanden, Gemeindehaus"
16;1324;"FAEI";"Fällanden, Industrie"
570;3133;"FJUG";"Fällanden, Jugendherberge"
569;1723;"FNEU";"Fällanden, Neuhus"
20;2335;"SHUA";"Fällanden, Schützenhaus"
408;3368;"FWIG";"Fällanden, Wigarten"
560;2999;"FZIL";"Fällanden, Zil"
244;12492;"FOR99";"Forch"
243;6046;"DEPF";"Forch, Depot Forchbahn"
702;6485;"GARG01";"Garage Adliswil"
549;701;"DOGE";"Geroldswil, Dorfstrasse"
551;1028;"GRIN";"Geroldswil, Grindlen"
668;2303;"SWAK";"Geroldswil, Schweizäcker"
548;2869;"WELB";"Geroldswil, Welbrig"
550;2982;"ZENT";"Geroldswil, Zentrum"
679;3727;"GLAN";"Glanzenberg, Bahnhof"
658;994;"BGLA07";"Glattbrugg, Bahnhof"
410;909;"FROH07";"Glattbrugg, Frohbühlstrasse"
413;3247;"GHOF07";"Glattbrugg, Glatthof"
657;6508;"GLIN07";"Glattbrugg, Lindberghplatz"
416;1651;"MODE07";"Glattbrugg, Mode Center TMC"
411;1925;"PGLA07";"Glattbrugg, Post"
660;2758;"UNTR07";"Glattbrugg, Unterriet"
412;992;"GLAG07";"Glattbrugg, Zentrum"
158;6461;"GGLA07";"Glattpark"
623;1006;"GDOR";"Gockhausen, Dorf"
622;6214;"URSP";"Gockhausen, Ursprungstrasse"
249;12500;"HIE99";"Hinteregg"
348;1341;"ITDO";"Itschnach, Dorf"
347;1342;"ITFA";"Itschnach, Fallacher"
349;2038;"REBW";"Itschnach, Rebweg"
350;2695;"TAEG";"Itschnach, Tägermoos"
714;75;"ALHK";"Kilchberg ZH, Altersheim"
636;118;"AUFB";"Kilchberg ZH, Auf Brunnen"
709;589;"BAEC";"Kilchberg ZH, Bächlerstrasse"
703;1391;"BKIL";"Kilchberg ZH, Bahnhof"
495;3775;"BEND";"Kilchberg ZH, Bendlikon"
712;6782;"KBRE";"Kilchberg ZH, Breitloo"
711;6781;"KEMI";"Kilchberg ZH, Emilienheim"
706;1018;"GOBI";"Kilchberg ZH, Gottlieb-Binder"
308;1249;"HORN";"Kilchberg ZH, Hornhaldenstr."
637;1401;"KILB";"Kilchberg ZH, Kirche"
635;1457;"KREK";"Kilchberg ZH, Kreuzstrasse"
496;1577;"LISP";"Kilchberg ZH, Lindt & Sprüngli"
708;3796;"MYTH";"Kilchberg ZH, Mythenstrasse"
710;6780;"KOBE";"Kilchberg ZH, Obere Hornhalde"
634;1863;"PAKI";"Kilchberg ZH, Paradiessteig"
494;1864;"PARU";"Kilchberg ZH, Paradiesstrasse"
309;2154;"SANK";"Kilchberg ZH, Sanatorium"
713;2239;"SLIM";"Kilchberg ZH, Schlimbergstr."
704;2264;"SOKI";"Kilchberg ZH, Schoorenstrasse"
310;2304;"KSCH";"Kilchberg ZH, Schwelle"
58;1440;"KSPI";"Kilchberg ZH, Spital"
707;2580;"STOG";"Kilchberg ZH, Stockengut"
633;2859;"WEIK";"Kilchberg ZH, Weinbergstrasse"
705;2277;"SHDO";"Kilchberg ZH,Schulhaus Dorfstr"
728;3822;"BKIS";"Killwangen, Bahnhof"
572;1397;"KIND";"Kindhausen AG"
573;757;"EIHH";"Kindhausen AG, Eichholz"
661;6506;"BABH07";"Kloten Balsberg, Bahnhof"
605;54;"KALL";"Küsnacht ZH, Allmend"
393;1488;"BKUE";"Küsnacht ZH, Bahnhof"
601;462;"BEST";"Küsnacht ZH, Bergstrasse"
394;516;"BOGL";"Küsnacht ZH, Boglerenstrasse"
396;610;"BUEH";"Küsnacht ZH, Bühlstrasse"
757;933;"GART";"Küsnacht ZH, Gartenstrasse"
395;1011;"GOBA";"Küsnacht ZH, Goldbacherstrasse"
756;1106;"HABA";"Küsnacht ZH, Hallenbad"
603;1182;"HESL";"Küsnacht ZH, Hesligenstrasse"
602;1189;"HIST";"Küsnacht ZH, Himmelistrasse"
600;1769;"OBHE";"Küsnacht ZH, Obere Heslibachst"
758;1779;"OBFE";"Küsnacht ZH, Oberfeld"
354;1818;"OBWA";"Küsnacht ZH, Oberwacht"
604;2122;"RAEN";"Küsnacht ZH, Ränkestrasse"
755;2043;"RKIK";"Küsnacht ZH, Reform. Kirche"
352;2167;"SIHG";"Küsnacht ZH, Schiedhaldensteig"
353;2168;"SIHE";"Küsnacht ZH, Schiedhaldenstr."
351;2327;"SUEB";"Küsnacht ZH, Schübel"
355;3744;"ZENK";"Küsnacht ZH, Zentrum"
247;12504;"LWIE99";"Langwies ZH"
253;12506;"MAI99";"Maiacher"
571;3134;"MASC";"Maur, Aschbach"
38;678;"MDOR";"Maur, Dorf"
39;1403;"MKIR";"Maur, Kirche"
37;1892;"MPLA";"Maur, Platten"
40;2342;"MSEE";"Maur, See"
252;12508;"NFOR99";"Neue Forch"
250;12509;"NHA99";"Neuhaus bei Hinteregg"
286;748;"EGGB";"Oberengstringen, Eggbühl"
287;1516;"LANZ";"Oberengstringen, Lanzrain"
289;1862;"PAEN";"Oberengstringen, Paradies"
288;2984;"OBEE";"Oberengstringen, Zentrum"
664;7020;"OSCH";"Oetwil a.d.L., Schweizäcker"
665;1094;"OHAL";"Oetwil an der Limmat, Halde"
667;1759;"OBDO";"Oetwil an der Limmat, Oberdorf"
666;1964;"OPOS";"Oetwil an der Limmat, Post"
415;2286;"SCHU07";"Opfikon, Schulstrasse"
414;6808;"OSCH07";"Opfikon, Schwimmbad"
26;833;"FELH";"Pfaffhausen, Feldhof"
27;1873;"PMUE";"Pfaffhausen, Müseren"
24;1871;"PFAF";"Pfaffhausen, Pfaffenstein"
25;2622;"SAGG";"Pfaffhausen, Sängglen"
335;641;"CRUZ07";"Regensdorf, Chrüzächer"
336;2986;"ZREG07";"Regensdorf, Zentrum"
659;6507;"RBAU07";"Rümlang, Bäuler"
700;1799;"RGEM07";"Rümlang, Gemeindehaus"
699;6682;"RHOE07";"Rümlang, Hörnlistrasse"
698;1542;"RLET07";"Rümlang, Letten"
701;1763;"ORUE07";"Rümlang, Oberdorf"
312;3186;"RUEB";"Rüschlikon, Bahnhof"
315;443;"BELV";"Rüschlikon, Belvoir"
498;515;"BODE";"Rüschlikon, Bodengasse"
318;6448;"EGGR";"Rüschlikon, Eggrain"
314;1505;"LANH";"Rüschlikon, Langhaldenstrasse"
317;6447;"LRAI";"Rüschlikon, Loorain"
319;1657;"MOOS";"Rüschlikon, Moosstrasse"
320;6492;"RPAR";"Rüschlikon, Park im Grüene"
311;6009;"RREB";"Rüschlikon, Rebsteig"
316;3187;"RSAU";"Rüschlikon, Säumerstrasse"
497;410;"BSRU";"Rüschlikon, Schlossstrasse"
313;2852;"WEID";"Rüschlikon, Weidstrasse"
251;12166;"SCH99";"Scheuren"
620;2166;"SCHE";"Scheuren, Station"
517;6299;"SAMR";"Schlieren, Am Rietpark"
538;6347;"SCHB";"Schlieren, Bahnhof"
516;6234;"SCHN";"Schlieren, Bahnhof Nord"
539;550;"BRUG";"Schlieren, Brunngasse"
537;838;"FSTR";"Schlieren, Feldstrasse"
239;935;"GASO";"Schlieren, Gasometerbrücke"
242;7003;"SGEI";"Schlieren, Geissweid"
518;6298;"SGOL";"Schlieren, Goldschlägistrasse"
541;1151;"HEIM";"Schlieren, Heimeliweg"
514;1327;"IGAS";"Schlieren, Industrie Gaswerk"
612;1388;"KESS";"Schlieren, Kesslerstrasse"
519;7000;"SMEU";"Schlieren, Meuchwis"
238;1690;"MULL";"Schlieren, Mülligen"
540;1694;"NASS";"Schlieren, Nassacker"
717;2051;"REIT";"Schlieren, Reitmen"
515;2141;"RUST";"Schlieren, Rütistrasse"
542;2436;"SPLI";"Schlieren, Spital Limmattal"
681;3748;"STAK";"Schlieren, Steinacker"
536;2631;"TAWI";"Schlieren, Talacker-Windegg"
240;2798;"WAGO";"Schlieren, Wagonsfabrik"
241;2236;"SCHL";"Schlieren, Zentrum/Bahnhof"
18;2307;"BSCH";"Schwerzenbach ZH, Bahnhof"
17;684;"DORS";"Schwerzenbach ZH, Dorf"
257;12438;"SZFB99";"Spital Zollikerberg"
724;6586;"CESP";"Spreitenb, Center Spreitenbach"
721;6663;"SPAL";"Spreitenbach, Altersheim"
718;3460;"ASPS";"Spreitenbach, Asp"
727;6300;"SBRE";"Spreitenbach, Breiti"
720;3520;"BRUL";"Spreitenbach, Brüel"
725;6301;"FURT";"Spreitenbach, Furttalstrasse"
581;6958;"SGLA";"Spreitenbach, Glattler"
723;6462;"IKEA";"Spreitenbach, Ikea"
726;6303;"SINT";"Spreitenbach, Interio"
719;7021;"SRAI";"Spreitenbach, Raiacker"
722;2384;"SCEN";"Spreitenbach, Shopping Center"
323;2412;"FELD01";"Thalwil, Feldstrasse"
325;1684;"MUBA01";"Thalwil, Mühlebachplatz"
327;3378;"PTHA01";"Thalwil, Post"
324;2333;"THSH01";"Thalwil, Schützenhaus"
321;4108;"SEHA01";"Thalwil, Seehaldenstrasse"
322;6856;"TSON01";"Thalwil, Sonnenberg"
326;2989;"TZEN01";"Thalwil, Zentrum"
298;687;"UITIDRF";"Uitikon, Dorf"
555;29;"AEGU";"Unterengstringen, Aegelsee"
534;743;"ECKS";"Unterengstringen, Eckstein"
290;1498;"LANA";"Unterengstringen, Langacher"
535;6724;"ULAN";"Unterengstringen, Langwisen"
291;6825;"USEN";"Unterengstringen, Sennenbüel"
533;2751;"USNO";"Unterengstringen, Sennenbüel N"
546;2767;"BWEI";"Urdorf Weihermatt, Bahnhof"
543;831;"FEGG";"Urdorf, Feldegg"
522;6297;"HEIN";"Urdorf, Heinrich-Stutz-Strasse"
528;1178;"HWEG";"Urdorf, Herweg"
716;1586;"LUBE";"Urdorf, Luberzen"
526;1725;"NEUT";"Urdorf, Neumatt"
676;1726;"NMAT";"Urdorf, Neumattstrasse"
527;1731;"NURD";"Urdorf, Niederurdorf"
523;3589;"OBUR";"Urdorf, Oberurdorf"
675;2024;"RAIW";"Urdorf, Rainweg"
544;2238;"SCHS";"Urdorf, Schlierenstrasse"
524;3590;"SONU";"Urdorf, Sonne"
525;2440;"SPIT";"Urdorf, Spitzacker"
545;2732;"UITI";"Urdorf, Uitikonerstrasse"
614;3740;"VHOF07";"Volketswil, Hofwisen"
613;632;"VCHL07";"Volketswil, Volkiland Chliriet"
258;12807;"WAB99";"Waldburg"
344;2807;"WABG";"Waldburg, Station"
294;3356;"WALDBIR";"Waldegg, Birmensdorferstrasse"
295;6907;"WALDLEU";"Waldegg, Leuen"
299;1991;"WALPOST";"Waldegg, Post"
735;2820;"BWAL07";"Wallisellen, Bahnhof"
734;439;"BELA07";"Wallisellen, Belair"
493;2983;"WGLA";"Wallisellen, Glatt (Bus)"
736;6735;"WGLA07";"Wallisellen, Glatt (Tram)"
733;1176;"HRTI07";"Wallisellen, Herti"
737;6659;"WNEU07";"Wallisellen, Neugut"
255;12826;"WAL99";"Waltikon"
559;3183;"AEGW";"Weiningen ZH, Aegelsee"
556;125;"AUSW";"Weiningen ZH, Ausserdorf"
557;1571;"WLIN";"Weiningen ZH, Lindenplatz"
547;2268;"SWEI";"Weiningen ZH, Schulhaus"
49;3044;"BWST";"Zch, Bhf.Wollishofen/Staubstr."
345;6254;"LAEN";"Zollikerb., Langägerten/Spital"
256;13002;"ZOB99";"Zollikerberg"
744;3826;"HASE";"Zollikerberg, Hasenbart"
729;2375;"SENN";"Zollikerberg, Sennhof"
743;3756;"SZOL";"Zollikerberg, Spital"
649;3002;"ZOBE";"Zollikerberg, Station"
730;7038;"ZSTQ";"Zollikerberg, Station/Q treff"
745;3747;"TRIC";"Zollikerberg, Trichtenhauserm."
342;53;"ZALL";"Zollikon, Allmend"
732;3003;"BZOL";"Zollikon, Bahnhof"
337;418;"BUEB";"Zollikon, Bahnübergang"
398;476;"BEUG";"Zollikon, Beugi"
339;715;"DUFP";"Zollikon, Dufourplatz"
338;824;"FBST";"Zollikon, Felbenstrasse"
392;6044;"GAAZ";"Zollikon, Garage G.-Maurer-Str"
340;961;"GDEH";"Zollikon, Gemeindehaus"
397;1013;"GOHA";"Zollikon, Goldhaldenplatz"
341;1277;"HSTR";"Zollikon, Höhestrasse"
650;2040;"RWIE";"Zollikon, Rebwiesstrasse"
343;2341;"SUET";"Zollikon, Schützenstrasse"
731;2363;"SEES";"Zollikon, Seestrasse"
254;12543;"ZUMI99";"Zumikon"
753;705;"DOZE";"Zumikon, Dorfzentrum"
346;1075;"GOES";"Zumikon, Gössikon"
754;2826;"WALT";"Zumikon, Waltikon"
662;3027;"FLUG07";"Zürich Flughafen, Bahnhof"
663;6232;"FRAF07";"Zürich Flughafen, Fracht"
509;7;"AARG";"Zürich, Aargauerstrasse"
466;46;"ALBG";"Zürich, Albisgütli"
406;3797;"ARAN";"Zürich, Albisrank"
133;47;"ALBR";"Zürich, Albisrieden"
73;3705;"ALBD";"Zürich, Albisriederdörfli"
201;48;"ALBP";"Zürich, Albisriederplatz"
276;67;"ATRO";"Zürich, Alte Trotte"
606;70;"ALTE";"Zürich, Altenhofstrasse"
214;1446;"AKRE";"Zürich, Altes Krematorium"
440;3706;"AHOS";"Zürich, Althoos"
199;88;"ALTR";"Zürich, Altried"
692;3150;"AMBO";"Zürich, Am Börtli"
652;92;"AMSU";"Zürich, Am Suteracher"
691;3151;"APPE";"Zürich, Appenzellerstrasse"
457;6627;"ASPH";"Zürich, Aspholz"
88;114;"AUBR";"Zürich, Aubrücke"
593;128;"AUSS";"Zürich, Ausserdorfstrasse"
160;132;"ZAUZ";"Zürich, Auzelg"
615;134;"AUZO";"Zürich, Auzelg Ost"
235;137;"BACH";"Zürich, Bachmattstrasse"
262;1234;"BANL";"Zürich, Bäckeranlage"
161;144;"BADA";"Zürich, Bad Allenmoos"
100;3021;"BAFF";"Zürich, Bahnhof Affoltern"
130;3022;"BALT";"Zürich, Bahnhof Altstetten"
511;5001;"BALN";"Zürich, Bahnhof Altstetten N"
301;3026;"ENGE";"Zürich, Bahnhof Enge"
449;199;"BEDE";"Zürich, Bahnhof Enge/Bederstr."
216;3029;"HSBB";"Zürich, Bahnhof Hardbrücke"
431;2547;"BLEI";"Zürich, Bahnhof Leimbach"
93;3034;"BOER";"Zürich, Bahnhof Oerlikon"
153;6255;"BOEN";"Zürich, Bahnhof Oerlikon Nord"
125;3447;"BOEO";"Zürich, Bahnhof Oerlikon Ost"
469;2551;"BSEL";"Zürich, Bahnhof Selnau"
171;3039;"BSTA";"Zürich, Bahnhof Stadelhofen"
391;2575;"BSTE";"Zürich, Bahnhof Stettbach"
227;3041;"BTIE";"Zürich, Bahnhof Tiefenbrunnen"
81;3042;"BWIE";"Zürich, Bahnhof Wiedikon"
360;3043;"BWIP";"Zürich, Bahnhof Wipkingen"
48;7022;"BAWO";"Zürich, Bahnhof Wollishofen"
114;412;"BPLA";"Zürich, Bahnhofplatz/HB"
115;413;"BQUA";"Zürich, Bahnhofquai/HB"
165;416;"BSTR";"Zürich, Bahnhofstrasse/HB"
178;421;"BALG";"Zürich, Balgrist"
436;592;"BAEN";"Zürich, Bändliweg"
403;427;"BASL";"Zürich, Baslerstrasse"
117;435;"BECK";"Zürich, Beckenhof"
170;440;"BELL";"Zürich, Bellevue"
46;455;"BERH";"Zürich, Berghaldenstrasse"
4;459;"BDOL";"Zürich, Bergstation Dolderbahn"
123;465;"BERN";"Zürich, Berninaplatz"
425;467;"BERO";"Zürich, Bernoulli-Häuser"
203;468;"BERT";"Zürich, Bertastrasse"
446;3587;"BERU";"Zürich, Berufswahlschule"
212;470;"BESE";"Zürich, Besenrainstrasse"
366;471;"BETH";"Zürich, Bethanien"
220;478;"BEZI";"Zürich, Bezirksgebäude"
328;3774;"BWOW";"Zürich, Bhf. Wollishofen/Werft"
304;488;"BILO";"Zürich, Billoweg"
452;493;"BINZ";"Zürich, Binz"
455;3714;"BINC";"Zürich, Binz Center"
592;497;"BIGL";"Zürich, Birch-/Glatttalstrasse"
332;498;"BIRD";"Zürich, Birchdörfli"
627;3445;"BIBE";"Zürich, Bircher-Benner"
151;3449;"BIRC";"Zürich, Birchstrasse"
611;508;"BLEU";"Zürich, Bleulerstrasse"
456;6626;"BLUM";"Zürich, Blumenfeldstrasse"
585;3789;"BOLL";"Zürich, Bollingerweg"
373;3645;"BOGA";"Zürich, Botanischer Garten"
131;542;"BRIS";"Zürich, Bristenstrasse"
209;546;"BRUM";"Zürich, Brunau/Mutschellenstr."
303;547;"BRUN";"Zürich, Brunaustrasse"
163;564;"BUCH";"Zürich, Bucheggplatz"
752;3787;"BUHO";"Zürich, Buchholz"
751;3773;"BUZE";"Zürich, Buchzelgstrasse"
444;573;"BUHN";"Zürich, Buhnstrasse"
177;580;"BURG";"Zürich, Burgwies"
169;615;"BURK";"Zürich, Bürkliplatz"
52;586;"BUTZ";"Zürich, Butzenstrasse"
259;619;"CENT";"Zürich, Central"
150;3450;"CHAL";"Zürich, Chaletweg"
400;3717;"CHIN";"Zürich, Chinagarten"
54;649;"DANG";"Zürich, Dangelstrasse"
380;6055;"DEP2";"Zürich, Depot 2 Wollishofen"
105;6030;"DEP4";"Zürich, Depot 4 Elisabethenstr"
379;6031;"DEP5";"Zürich, Depot 5 Hard"
181;6032;"DEP7";"Zürich, Depot 7 Irchel"
129;6033;"DEP8";"Zürich, Depot 8 Oerlikon"
3;6421;"DEPD";"Zürich, Depot Dolderbahn"
584;694;"DORF";"Zürich, Dorflinde"
87;708;"DREI";"Zürich, Dreispitz"
626;711;"DREW";"Zürich, Dreiwiesen"
44;713;"DRUS";"Zürich, Drusbergstrasse"
67;716;"DUNK";"Zürich, Dunkelhölzli"
98;767;"EINF";"Zürich, Einfangstrasse"
399;769;"ELWA";"Zürich, Elektrowatt"
377;788;"ENGV";"Zürich, Englischviertelstrasse"
609;3594;"EPIK";"Zürich, EPI-Klinik"
275;800;"EGUT";"Zürich, Eschergutweg"
218;799;"EWYS";"Zürich, Escher-Wyss-Platz"
145;735;"ETHH";"Zürich, ETH Hönggerberg"
189;736;"ETHZ";"Zürich, ETH/Universitätsspital"
409;3446;"ETTE";"Zürich, Ettenfeld"
236;821;"FARB";"Zürich, Farbhof"
223;832;"FELD";"Zürich, Feldeggstrasse"
74;840;"FELL";"Zürich, Fellenbergstrasse"
126;845;"FELS";"Zürich, Felsenrainstrasse"
159;6460;"ZFER";"Zürich, Fernsehstudio"
653;852;"FEUS";"Zürich, Feusisbergli"
424;857;"FWEG";"Zürich, Fischerweg"
646;859;"FLOB";"Zürich, Flobotstrasse"
608;868;"FLUE";"Zürich, Flühgasse"
405;867;"FLUR";"Zürich, Flurstrasse"
423;927;"FOER";"Zürich, Förrlibuckstrasse"
285;872;"FRAN";"Zürich, Frankental"
372;3466;"FRST";"Zürich, Freiestrasse"
232;883;"FREI";"Zürich, Freihofstrasse"
583;888;"FRIA";"Zürich, Friedackerstrasse"
656;893;"FEIC";"Zürich, Friedhof Eichbühl"
179;894;"ENZE";"Zürich, Friedhof Enzenbühl"
695;895;"FHOE";"Zürich, Friedhof Hönggerberg"
443;896;"FSWA";"Zürich, Friedhof Schwandenholz"
202;897;"FSIH";"Zürich, Friedhof Sihlfeld"
11;898;"FUET";"Zürich, Friedhof Uetliberg"
28;899;"FWIT";"Zürich, Friedhof Witikon"
418;901;"FRDR";"Zürich, Friedrichstrasse"
472;902;"FRIB";"Zürich, Friesenberg"
10;903;"FRIH";"Zürich, Friesenberghalde"
9;904;"FRIE";"Zürich, Friesenbergstrasse"
417;908;"FROB";"Zürich, Frohburg"
225;917;"FROE";"Zürich, Fröhlichstrasse"
101;914;"FRON";"Zürich, Fronwald"
430;916;"FRYM";"Zürich, Frymannstrasse"
47;6034;"GAR6";"Zürich, Garage 6 Hardau"
8;6035;"GAR9";"Zürich, Garage 9 Hagenholz"
283;944;"GEER";"Zürich, Geeringstrasse"
629;971;"GERM";"Zürich, Germaniastrasse"
715;972;"GESS";"Zürich, Gessnerallee"
281;979;"GIBL";"Zürich, Giblenstrasse"
388;998;"GLAT";"Zürich, Glattwiesen"
97;1000;"GLAU";"Zürich, Glaubtenstrasse"
154;6975;"GLNO";"Zürich, Glaubtenstrasse Nord"
148;6020;"GLAS";"Zürich, Glaubtenstrasse Süd"
29;3444;"GLOK";"Zürich, Glockenacker"
134;1007;"GOLD";"Zürich, Goldackerweg"
79;1012;"GOLP";"Zürich, Goldbrunnenplatz"
234;1026;"GRIM";"Zürich, Grimselstrasse"
454;489;"GRUB";"Zürich, Grubenstrasse"
427;1041;"GRUN";"Zürich, Grünaustrasse"
120;1061;"GUGG";"Zürich, Guggachstrasse"
263;1076;"GUET";"Zürich, Güterbahnhof"
78;1073;"GUTS";"Zürich, Gutstrasse"
188;1098;"HALB";"Zürich, Haldenbach"
383;1100;"HEGG";"Zürich, Haldenegg"
84;3760;"HALO";"Zürich, Hallenbad Oerlikon"
481;1120;"HARH";"Zürich, Hardhof"
215;1122;"HARP";"Zürich, Hardplatz"
426;2447;"HARD";"Zürich, Hardturm"
175;1138;"HEDW";"Zürich, Hedwigsteig"
196;1139;"HEER";"Zürich, Heerenwiesen"
474;1143;"HEGA";"Zürich, Hegianwandweg"
174;1144;"HEGI";"Zürich, Hegibachplatz"
282;1156;"HEIZ";"Zürich, Heizenholz"
463;1157;"HELM";"Zürich, Helmhaus"
468;1158;"HELV";"Zürich, Helvetiaplatz"
92;1160;"HERB";"Zürich, Herbstweg"
264;1162;"HERD";"Zürich, Herdernstrasse"
445;1175;"HERT";"Zürich, Hertensteinstrasse"
759;7040;"HERS";"Zürich, Hertersteg"
89;1179;"HERZ";"Zürich, Herzogenmühlestrasse"
645;1186;"HEUB";"Zürich, Heubeeriweg"
107;1187;"HEUR";"Zürich, Heuried"
587;6250;"HIMM";"Zürich, Himmeri"
374;1194;"HINT";"Zürich, Hinterbergstrasse"
122;1215;"HIRS";"Zürich, Hirschwiesenstrasse"
200;1220;"HIRZ";"Zürich, Hirzenbach"
471;1272;"HOEF";"Zürich, Höfliweg"
369;3469;"HOFS";"Zürich, Hofstrasse"
139;1231;"HOHE";"Zürich, Hohenklingensteig"
371;3470;"HSTG";"Zürich, Hölderlinsteig"
407;1278;"HOEL";"Zürich, Hölderlinstrasse"
334;1239;"HOLZ";"Zürich, Holzerhurd"
144;1280;"HOEB";"Zürich, Hönggerberg"
224;1286;"HOES";"Zürich, Höschgasse"
378;1251;"HOTT";"Zürich, Hottingerplatz"
292;1252;"HUBE";"Zürich, Hubertus"
208;1288;"HUEG";"Zürich, Hügelstrasse"
333;1259;"HUNG";"Zürich, Hungerbergstrasse"
441;1292;"HUER";"Zürich, Hürstholz"
697;1303;"IEBN";"Zürich, Im Ebnet"
77;3123;"IMGU";"Zürich, Im Gut"
473;1307;"IHAG";"Zürich, Im Hagacker"
433;1310;"IHUS";"Zürich, Im Hüsli"
647;1311;"IKLO";"Zürich, Im Klösterli"
610;1315;"IWAL";"Zürich, Im Walder"
505;1316;"IWIN";"Zürich, Im Wingert"
135;1320;"IDEY";"Zürich, In der Ey"
513;3153;"JUCH";"Zürich, Juchhof"
211;1354;"JUGI";"Zürich, Jugendherberge"
356;1356;"KALB";"Zürich, Kalchbühlweg"
260;1358;"KANO";"Zürich, Kanonengasse"
168;601;"KANB";"Zürich, Kantonalbank"
190;1359;"KANT";"Zürich, Kantonsschule"
669;7039;"KANE";"Zürich, Kantonsschule Enge"
42;1362;"KAPF";"Zürich, Kapfstrasse"
233;1364;"KAPP";"Zürich, Kappeli"
693;3138;"KABU";"Zürich, Kappenbühlweg"
590;1483;"KAES";"Zürich, Käshaldenstrasse"
598;1379;"KEMP";"Zürich, Kempfhofsteig"
470;1386;"KERN";"Zürich, Kernstrasse"
460;1389;"KIEN";"Zürich, Kienastenwies"
185;1399;"KINK";"Zürich, Kinkelstrasse"
368;1407;"KFLU";"Zürich, Kirche Fluntern"
370;3648;"KLOB";"Zürich, Klosbach"
32;1430;"KLUS";"Zürich, Klusplatz"
589;6304;"KOES";"Zürich, Köschenrüti"
438;1445;"KNOR";"Zürich, Krematorium Nordheim"
172;1453;"KREU";"Zürich, Kreuzplatz"
222;1456;"KRES";"Zürich, Kreuzstrasse"
118;1468;"KRON";"Zürich, Kronenstrasse"
644;1471;"KROE";"Zürich, Krönleinstrasse"
191;1472;"KUNS";"Zürich, Kunsthaus"
477;1595;"LAEG";"Zürich, Lägernstrasse"
329;3141;"LAND";"Zürich, Landiwiese"
641;1502;"LAST";"Zürich, Langensteinenstrasse"
76;1503;"LANG";"Zürich, Langgrütstrasse"
183;1507;"LANM";"Zürich, Langmauerstrasse"
451;1519;"LAUB";"Zürich, Laubegg"
164;1522;"LAUI";"Zürich, Laubiweg"
594;1528;"LEHE";"Zürich, Lehenstrasse"
591;1532;"LEIM";"Zürich, Leimgrübelstrasse"
146;1539;"LERC";"Zürich, Lerchenhalde"
500;3457;"LERA";"Zürich, Lerchenrain"
595;1547;"LETT";"Zürich, Lettenstrasse"
267;1592;"LETB";"Zürich, Letzibach"
231;1548;"LETG";"Zürich, Letzigrund"
266;3148;"LETP";"Zürich, Letzipark"
404;1549;"LPAW";"Zürich, Letzipark West"
184;1550;"LETZ";"Zürich, Letzistrasse"
156;1552;"LEUT";"Zürich, Leutschenbach"
270;1557;"LIMM";"Zürich, Limmatplatz"
132;1570;"LIND";"Zürich, Lindenplatz"
229;1579;"LOCH";"Zürich, Lochergut"
651;1581;"LOOG";"Zürich, Loogarten"
30;1584;"LOOR";"Zürich, Loorenstrasse"
272;648;"LOEB";"Zürich, Löwenbräu"
113;1608;"LOEW";"Zürich, Löwenplatz"
198;1587;"LUCH";"Zürich, Luchswiesen"
197;1590;"LUEG";"Zürich, Luegisland"
439;1611;"MAIE";"Zürich, Maienweg"
677;3788;"MAIL";"Zürich, Maillartstrasse"
429;1612;"MANG";"Zürich, Manegg"
205;1614;"MANS";"Zürich, Manesseplatz"
432;1615;"MARB";"Zürich, Marbachweg"
390;1620;"MATT";"Zürich, Mattenhof"
152;3764;"MAXB";"Zürich, Max-Bill-Platz"
143;1626;"MEIE";"Zürich, Meierhofplatz"
83;3154;"MEHA";"Zürich, Messe/Hallenstadion"
237;1640;"MICA";"Zürich, Micafil"
694;1641;"MICH";"Zürich, Michelstrasse"
121;1643;"MIBU";"Zürich, Milchbuck"
261;1644;"MILA";"Zürich, Militär-/Langstrasse"
435;1648;"MITL";"Zürich, Mittelleimbach"
51;1660;"MORG";"Zürich, Morgental"
149;3451;"MOTT";"Zürich, Mötteliweg"
458;6628;"MUEH";"Zürich, Mühlacker"
269;1667;"MUFG";"Zürich, Museum für Gestaltung"
302;1666;"MUSR";"Zürich, Museum Rietberg"
654;1698;"NEES";"Zürich, Neeserweg"
96;1705;"NEUA";"Zürich, Neuaffoltern"
358;1710;"NEUB";"Zürich, Neubühl"
376;1724;"NEUM";"Zürich, Neumarkt"
586;3804;"NBRU";"Zürich, Neunbrunnen"
437;1744;"NORH";"Zürich, Nordheimstrasse"
476;1745;"NORS";"Zürich, Nordstrasse"
361;1753;"NUER";"Zürich, Nürenbergstrasse"
95;1821;"OBEW";"Zürich, Oberwiesenstrasse"
157;6459;"ZOER";"Zürich, Oerlikerhus"
596;3786;"OKEN";"Zürich, Okenstrasse"
221;1845;"OPER";"Zürich, Opernhaus"
616;3001;"ORIO";"Zürich, Orionstrasse"
385;1856;"OTTI";"Zürich, Ottikerstrasse"
167;1861;"PARA";"Zürich, Paradeplatz"
503;1441;"PKAE";"Zürich, Pflegezentr. Käferberg"
447;1889;"PLAT";"Zürich, Platte"
50;2005;"PWOL";"Zürich, Post Wollishofen"
389;2008;"PROB";"Zürich, Probstei"
271;2014;"QUEL";"Zürich, Quellenstrasse"
162;2017;"RADI";"Zürich, Radiostudio"
453;2120;"RAEF";"Zürich, Räffelstrasse"
462;2030;"RATH";"Zürich, Rathaus"
69;2033;"RAUH";"Zürich, Rautihalde"
71;2034;"RAUT";"Zürich, Rautistrasse"
597;2035;"REBE";"Zürich, Rebbergsteig"
94;2045;"REGB";"Zürich, Regensbergbrücke"
180;2549;"REHA";"Zürich, Rehalp"
166;2054;"RENN";"Zürich, Rennweg"
300;2055;"RENT";"Zürich, Rentenanstalt"
85;2069;"RIEG";"Zürich, Riedgraben"
284;3122;"RIEH";"Zürich, Riedhofstrasse"
632;2090;"BERG";"Zürich, Rigiblick"
7;2124;"ROEM";"Zürich, Römerhof"
475;2127;"ROEN";"Zürich, Röntgenstrasse"
219;2104;"ROSE";"Zürich, Rosengartenstrasse"
386;2128;"ROES";"Zürich, Röslistrasse"
387;2107;"ROSW";"Zürich, Roswiesen"
362;2108;"ROTB";"Zürich, Rotbuchstrasse"
305;2109;"ROTE";"Zürich, Rote Fabrik"
461;2113;"RBRU";"Zürich, Rudolf-Brun-Brücke"
599;2140;"RUET";"Zürich, Rütihof"
450;2550;"SAAL";"Zürich, Saalsporthalle"
86;2145;"SAAT";"Zürich, Saatlenstrasse"
75;2147;"SACK";"Zürich, Sackzelg"
124;2151;"SALE";"Zürich, Salersteig"
68;2152;"SALZ";"Zürich, Salzweg"
265;2142;"SBBW";"Zürich, SBB-Werkstätte"
119;2158;"SPLA";"Zürich, Schaffhauserplatz"
648;6776;"SANZ";"Zürich, Schanzackerstrasse"
642;2314;"SAPI";"Zürich, Schäppiweg"
499;3458;"PSCH";"Zürich, Schauenberg"
108;2160;"SCHA";"Zürich, Schaufelbergerstrasse"
363;2164;"SCHZ";"Zürich, Scheuchzerstrasse"
217;6759;"SBAU";"Zürich, Schiffbau"
43;2251;"SYFI";"Zürich, Schlyfi"
80;2256;"SWIE";"Zürich, Schmiede Wiedikon"
588;2320;"SCHG";"Zürich, Schönauring"
195;2326;"SCHO";"Zürich, Schörlistrasse"
293;3155;"ALTW";"Zürich, Schulhaus Altweg"
70;2276;"BUCL";"Zürich, Schulhaus Buchlern"
147;2289;"SWEG";"Zürich, Schumacherweg"
492;2329;"SURG";"Zürich, Schürgistrasse"
696;3566;"SHOE";"Zürich, Schützenhaus Höngg"
90;2294;"SCHW";"Zürich, Schwamendingerplatz"
103;2298;"SHOL";"Zürich, Schwandenholz"
13;2302;"SHOF";"Zürich, Schweighof"
331;3477;"SRUC";"Zürich, Schweizer Rück"
277;2306;"SCHT";"Zürich, Schwert"
128;2346;"SEEB";"Zürich, Seebach"
127;1275;"SEPL";"Zürich, Seebacherplatz"
306;2834;"SEER";"Zürich, Seerose"
280;2364;"SEGA";"Zürich, Segantinistrasse"
749;3767;"SEGE";"Zürich, Segeten"
186;2367;"RIGI";"Zürich, Seilbahn Rigiblick"
467;2385;"SIEM";"Zürich, Siemens"
173;2388;"SIGN";"Zürich, Signaustrasse"
582;6463;"SIHC";"Zürich, Sihlcity"
206;2771;"SIHN";"Zürich, Sihlcity Nord"
112;1366;"SIHP";"Zürich, Sihlpost / HB"
268;2395;"SIHL";"Zürich, Sihlquai/HB"
192;2396;"SIHS";"Zürich, Sihlstrasse"
434;2398;"SIHW";"Zürich, Sihlweidstrasse"
279;2402;"SING";"Zürich, Singlistrasse"
655;6003;"SOLP";"Zürich, Solidapark"
384;2411;"SONN";"Zürich, Sonneggstrasse"
508;2449;"SPOW";"Zürich, Sportweg"
375;2450;"SPRE";"Zürich, Sprecherstrasse"
365;2451;"SPYR";"Zürich, Spyriplatz"
643;2452;"SPYS";"Zürich, Spyristeig"
307;2461;"STAD";"Zürich, Stadtgrenze"
116;2474;"STAM";"Zürich, Stampfenbachplatz"
442;3768;"STBU";"Zürich, Staudenbühl"
111;2556;"STAU";"Zürich, Stauffacher"
82;2572;"SOER";"Zürich, Sternen Oerlikon"
678;6117;"SRIE";"Zürich, Stierenried"
382;2582;"STOC";"Zürich, Stockerstrasse"
750;3765;"STOD";"Zürich, Stodolastrasse"
465;2596;"STRV";"Zürich, Strassenverkehrsamt"
640;2598;"STRI";"Zürich, Strickhof"
330;3522;"SUKK";"Zürich, Sukkulentensammlung"
55;2612;"SUNN";"Zürich, Sunnau"
479;2618;"SUSE";"Zürich, Susenbergstrasse"
106;2638;"TALW";"Zürich, Talwiesenstrasse"
506;3453;"TECH";"Zürich, Technopark"
210;2659;"THUJ";"Zürich, Thujastrasse"
193;2666;"TIER";"Zürich, Tierspital"
6;2667;"TITL";"Zürich, Titlisstrasse"
624;2671;"TOBE";"Zürich, Tobelhof"
367;2673;"TOBL";"Zürich, Toblerplatz"
507;718;"TONA";"Zürich, Toni-Areal"
747;3769;"TFUS";"Zürich, Trichtenhausenfussweg"
746;6416;"TRSA";"Zürich, Trichtisal"
109;2680;"TRIE";"Zürich, Triemli"
136;2682;"TRIS";"Zürich, Triemlispital"
137;2707;"TUEF";"Zürich, Tüffenwies"
91;2688;"TULP";"Zürich, Tulpenstrasse"
381;2689;"TUNN";"Zürich, Tunnelstrasse"
464;2722;"UETL";"Zürich, Uetlihof"
182;1334;"IRCH";"Zürich, Universität Irchel"
102;2737;"UAFF";"Zürich, Unteraffoltern"
72;2754;"UNTM";"Zürich, Untermoosstrasse"
428;2776;"VERE";"Zürich, Verenastrasse"
364;2779;"VOGE";"Zürich, Vogelsangstrasse"
448;2788;"VOLT";"Zürich, Voltastrasse"
512;3588;"VULK";"Zürich, Vulkanstrasse"
213;6019;"WAFB";"Zürich, Waffenplatz-/Bederstr."
207;2795;"WAFF";"Zürich, Waffenplatzstrasse"
504;2799;"WAIB";"Zürich, Waidbadstrasse"
274;2800;"WAIF";"Zürich, Waidfussweg"
104;2801;"WAIH";"Zürich, Waidhof"
502;2803;"WAIS";"Zürich, Waidspital"
194;2814;"WALD";"Zürich, Waldgarten"
5;2815;"WDOL";"Zürich, Waldhaus Dolder"
141;2831;"WART";"Zürich, Wartau"
45;2836;"WASE";"Zürich, Waserstrasse"
501;2858;"WEIH";"Zürich, Weihersteig"
110;6238;"WERE";"Zürich, Werd"
482;2872;"WERD";"Zürich, Werdhölzli"
176;2879;"WETL";"Zürich, Wetlistrasse"
357;2889;"WIDM";"Zürich, Widmerstrasse"
278;2899;"WIES";"Zürich, Wieslergasse"
748;3772;"WACH";"Zürich, Wiesliacher"
226;2907;"WILD";"Zürich, Wildbachstrasse"
187;2924;"WINK";"Zürich, Winkelriedstrasse"
138;2934;"WINH";"Zürich, Winzerhalde"
155;2935;"WINZ";"Zürich, Winzerstrasse"
140;6015;"WINS";"Zürich, Winzerstrasse Süd"
273;2937;"WIPK";"Zürich, Wipkingerplatz"
53;2950;"WOLP";"Zürich, Wollishoferplatz"
607;2956;"WONE";"Zürich, Wonnebergstrasse"
510;6648;"WURZ";"Zürich, Würzgraben"
99;2968;"ZEHN";"Zürich, Zehntenhausplatz"
31;617;"ZENW";"Zürich, Zentrum Witikon"
12;2998;"ZIEL";"Zürich, Zielweg"
480;3005;"ZOO";"Zürich, Zoo"
625;4;"ZOOF";"Zürich, Zoo/Forrenweid"
478;3045;"ZUER";"Zürich, Zürichbergstrasse"
459;3011;"ZWEI";"Zürich, Zweiackerstrasse"
142;3015;"ZWIE";"Zürich, Zwielplatz"
204;3018;"ZWIN";"Zürich, Zwinglihaus"
230;3019;"ZYPR";"Zürich, Zypressenstrasse"
228;1357;"KALK";"Zürich,Kalkbreite/Bhf.Wiedikon"
