"Tagtyp_Id";"Tagtypname";"Bemerkung"
2;"Unbenutzt";
7;"14-A-20";
10;"14-B-20";"Neuer Fahrplan Li. 72"
26;"14-D-20";"Neuer Fahrplan Li. 33"
30;"14-E-20";"Neuer Fahrplan Li. 61/62"
6;"15-A-20";
21;"15-C-20";"Neuer Fahrplan Li. 301/304/308/309/701/703/704/705/743/744/751"
25;"15-D-20";"Neuer Fahrplan Li. 301/303/304/305/306/308/309/311/314/325"
14;"15-P-20";"Pandemiefahrplan fast aller Linien 30.3 - 30.4"
15;"15-PB-20";"Pandemiefahrplan, Anpassungen Li. 69/77"
17;"15-PC-20";"Pandemiefahrplan, Anpassungen Li. 4/10/66/69/75/89"
5;"55-A-20";
8;"55-B-20";"Neuer Fahrplan Li. 72"
24;"55-D-20";"Neuer Fahrplan Li. 33"
29;"55-E-20";"Neuer Fahrplan Li. 61/62"
4;"66-A-20";
9;"66-B-20";"Neuer Fahrplan Li. 72"
20;"66-C-20";"Neuer Fahrplan Li. 301/304/308/309/701/703/704/705/743/751"
27;"66-D-20";"Neuer Fahrplan Li. 33/303/305/306/311/325"
28;"66-E-20";"Neuer Fahrplan Li. 61/62"
13;"66-P-20";"Pandemiefahrplan fast aller Linien 30.3 - 30.4"
16;"66-PC-20";"Pandemiefahrplan, Anpassungen Li. 4"
3;"77-A-20";
11;"77-B-20";"Neuer Fahrplan Li. 72"
19;"77-C-20";"Neuer Fahrplan Li. 301/701/704/743/751"
23;"77-D-20";"Neuer Fahrplan Li. 33/303/305/306/311/325"
31;"77-E-20";"Neuer Fahrplan Li. 61/62"
12;"77-P-20";"Pandemiefahrplan fast aller Linien 30.3 - 30.4"
18;"77-PC-20";"Pandemiefahrplan, Anpassungen Li. 4"
22;"99-A-20";"Ferienfahrplan"
40000002;"Unbenutzt";
